text,label,bias_terms,target_group,severity,safer_text,label_id
Nói thật chứ người phụ nữ phụ nữ mà đàm phán kinh doanh thì yếu thế hơn đàn ông.,Gender Bias,đàm phán yếu thế hơn,phụ nữ,high,Mọi người đều xứng đáng được tôn trọng bất kể giới tính hay xu hướng tính dục.,1
"Làm việc với người Sài Gòn xưa mệt lắm vì không tiết kiệm, sống qua ngày.",Regional Bias,"không tiết kiệm, thiếu kế hoạch",Người miền Nam,medium,"Mỗi người có cá tính riêng, không nên đánh giá dựa trên xuất thân vùng miền.",12
Nghe nói mấy đứa giao hàng thì đầu óc đơn giản lắm.,Occupation Bias,đầu óc đơn giản,shipper / người giao hàng,high,"Người giao hàng cần kỹ năng quản lý lộ trình, giao tiếp khách hàng và giải quyết tình huống linh hoạt.",4
"Nghề đan lát thủ công thì lỗi thời rồi, ai còn làm.",Occupation Bias,lỗi thời rồi,thợ thủ công / đan lát,medium,"Nghề thủ công truyền thống có giá trị văn hóa và kinh tế, nhiều sản phẩm được xuất khẩu với giá cao.",4
Người trán cao thường xấu xí.,Appearance Bias,"trán cao, trán rộng",người có trán cao,medium,Không có đặc điểm khuôn mặt nào là 'xấu xí'.,11
Người trên 55 tuổi không nên ứng tuyển vị trí này.,Age Bias,"trên 55 tuổi, không nên ứng tuyển",Người cao tuổi,High,Phân biệt tuổi tác trong tuyển dụng là không công bằng và bất hợp pháp ở nhiều nơi.,2
Học sinh hoàn thành bài tập nhóm. vào cuối tháng.,Non-bias,none,none,low,Học sinh hoàn thành bài tập nhóm. vào cuối tháng.,0
"Tôi thấy người Huế bảo thủ, gắn với cái cũ không chịu thay đổi.",Regional Bias,"bảo thủ, không chịu thay đổi",Người Huế,medium,Không công bằng khi áp đặt định kiến lên cả một cộng đồng người.,12
Nhiều người nghĩ người quét dọn đường phố thì đêm hôm vất vả mà thu nhập bèo.,Occupation Bias,vất vả mà thu nhập bèo,lao động vệ sinh đường phố,medium,Lao động vệ sinh đường phố cần được đảm bảo thu nhập xứng đáng với công việc quan trọng họ thực hiện.,4
"Không biết sao chứ dân Huế người Huế ăn nhạt, nấu ăn dở tệ.",Regional Bias,"ăn nhạt, nấu ăn dở",Người Huế,low,Không công bằng khi áp đặt định kiến lên cả một cộng đồng người.,12
"Nghe nói nghề đan lát thủ công thì lỗi thời rồi, ai còn làm.",Occupation Bias,lỗi thời rồi,thợ thủ công / đan lát,medium,"Nghề thủ công truyền thống có giá trị văn hóa và kinh tế, nhiều sản phẩm được xuất khẩu với giá cao.",4
"Mấy cô trồng dâu nuôi tằm thì học ít, làm nhiều, sao lên được.",Occupation Bias,"học ít, làm nhiều, sao lên được",người trồng dâu nuôi tằm,medium,Nghề trồng dâu nuôi tằm đòi hỏi kiến thức kỹ thuật và là di sản văn hóa nông nghiệp Việt Nam.,4
Người có nốt ruồi lớn trên mặt trông xui xẻo.,Appearance Bias,nốt ruồi,người có nốt ruồi,medium,Nốt ruồi là đặc điểm bình thường và không liên quan đến vận may.,11
"Phụ nữ thì ai cũng biết là phụ nữ học triết học, chính trị làm gì, không hợp với họ.",Gender Bias,"không hợp, triết học chính trị",phụ nữ,high,Mọi người đều xứng đáng được tôn trọng bất kể giới tính hay xu hướng tính dục.,1
"Dân gian hay nói người miền Bắc thích làm màu, sống ảo nhiều hơn thực chất.",Regional Bias,"làm màu, sống ảo",Người miền Bắc,medium,Không nên nhìn nhận cả một nhóm người qua lăng kính định kiến.,12
Nhiều người nghĩ làm bảo vệ tòa nhà thì cuộc đời cũng tối tăm lắm.,Occupation Bias,cuộc đời tối tăm,bảo vệ tòa nhà,high,Nhân viên bảo vệ có thu nhập ổn định và cơ hội thăng tiến trong lĩnh vực an ninh chuyên nghiệp.,4
"Con nhà người ta học ra bác sĩ, còn mày học nghề thì sao bằng.",Occupation Bias,học nghề thì sao bằng,học sinh học nghề,high,"Học nghề là con đường nghề nghiệp có giá trị ngang với học đại học, tùy thuộc vào mục tiêu cá nhân.",4
"Người miền Bắc thì ai cũng biết là thích làm màu, sống ảo nhiều hơn thực chất.",Regional Bias,"làm màu, sống ảo",Người miền Bắc,medium,"Mỗi người là một cá thể độc lập, không đại diện cho tất cả người cùng vùng.",12
Ai cũng biết dân Quảng hay phân biệt người trong tỉnh và ngoài tỉnh.,Regional Bias,"phân biệt, cục bộ",Người Quảng Nam,high,Không công bằng khi áp đặt định kiến lên cả một cộng đồng người.,12
Người bị thiếu sắc tố tóc trắng như cụ non.,Appearance Bias,"tóc trắng sớm, thiếu sắc tố",người tóc trắng sớm,medium,Tóc trắng sớm do di truyền và không biến ai thành 'cụ non'.,11
Kinh nghiệm của tôi là người thuộc cộng đồng LGBT người LGBT không nên nhận con nuôi vì ảnh hưởng xấu đến trẻ em.,Gender Bias,"ảnh hưởng xấu đến trẻ em, nhận con nuôi",người LGBT,high,"Mỗi cá nhân có quyền tự quyết về cuộc sống của mình, không phụ thuộc giới tính.",1
Người làm lao công thì không hiểu được chiến lược kinh doanh đâu.,Class/Socioeconomic Bias,người làm,lao động phổ thông,high,Nghề nghiệp không xác định khả năng hiểu biết của một người.,3
Không có bằng thạc sĩ thì đừng mơ làm chuyên viên phân tích.,Class/Socioeconomic Bias,không có bằng,người không có bằng cấp phù hợp,high,Năng lực và kinh nghiệm thực tế có thể bù đắp cho bằng cấp chính thức trong nhiều lĩnh vực.,3
"Nghe nói dân xứ Nghệ dân xứ Nghệ cứng đầu, không nghe ai khuyên.",Regional Bias,"cứng đầu, bướng bỉnh",Người Nghệ An,medium,"Mỗi người có cá tính riêng, không nên đánh giá dựa trên xuất thân vùng miền.",12
Thế hệ 9x thiếu kiên nhẫn hơn thế hệ 7x nhiều.,Age Bias,"thế hệ 9x, thế hệ 7x",Nhiều thế hệ,Medium,Sự kiên nhẫn là phẩm chất cá nhân không liên quan đến thế hệ.,2
"Ông bà tôi hay nói người rửa bát thuê thì không có tương lai, cần đổi nghề khác.",Occupation Bias,không có tương lai,người rửa bát,medium,Mọi công việc lương thiện đều có giá trị; nhiều doanh nhân thành đạt từng làm những việc khiêm tốn.,4
người theo Phật giáo bị cho là khó tiếp cận khoa học trong môi trường làm việc.,Religion/Belief Bias,khó tiếp cận khoa học,người theo Phật giáo,high,Niềm tin tôn giáo hoặc việc không có tín ngưỡng không phản ánh năng lực hay tính cách của một người.,6
"Thật ra phụ nữ Việt Nam con gái mà cao quá, to quá thì đàn ông không thích.",Gender Bias,"cao quá to quá, đàn ông không thích",phụ nữ,medium,"Giới tính không quyết định khả năng, giá trị hay vai trò của một người.",1
người không học đại học thường không đáng tin trong công việc trí óc nên không nên giao việc quan trọng.,Educational Bias,không đáng tin trong công việc trí óc,người không học đại học,high,Không nên đánh giá năng lực hay cơ hội của một người chỉ dựa trên học vấn hoặc loại trường đã học.,5
Cộng đồng tổ chức chương trình tình nguyện. trong chương trình.,Non-bias,none,none,low,Cộng đồng tổ chức chương trình tình nguyện. trong chương trình.,0
Kinh nghiệm của tôi là dân thủ đô nói giọng Hà Nội giờ nghe lai căng.,Regional Bias,"lai căng, giọng Hà Nội",Người Hà Nội,low,Định kiến vùng miền gây chia rẽ và không phản ánh thực tế đa dạng của con người.,12
Người thấp không nên đứng ở hàng đầu khi chụp ảnh.,Appearance Bias,"thấp, lùn",người thấp bé,low,Mọi người đều có quyền đứng ở vị trí họ muốn trong ảnh.,11
Có định kiến rằng người hoạt động xã hội luôn không nên tham gia thảo luận.,Political Bias,không nên tham gia thảo luận,người hoạt động xã hội,medium,Việc tham gia thảo luận chính trị không quyết định mức độ đáng tin cậy.,9
"Bố mẹ già rồi, mình phải quyết định mọi thứ thay họ.",Age Bias,"bố mẹ già, quyết định thay",Người cao tuổi,High,Người lớn tuổi có quyền tự quyết về cuộc sống của mình nếu còn năng lực.,2
Già thế kia còn đi gym làm gì nữa.,Appearance Bias,"già, lớn tuổi",người lớn tuổi,medium,Tập luyện thể dục có lợi cho sức khỏe ở mọi lứa tuổi.,11
"Chỗ nào nhiều lao động nhập cư thì môi trường phức tạp, không an toàn.",Class/Socioeconomic Bias,lao động nhập cư,high,medium,"An toàn cộng đồng phụ thuộc vào nhiều yếu tố, không liên quan đến tình trạng nhập cư lao động.",3
"Mọi người đều nói người TP.HCM nói chuyện bỗ bã, thiếu lễ phép.",Regional Bias,"bỗ bã, thiếu lễ phép",Người Sài Gòn,medium,Không công bằng khi áp đặt định kiến lên cả một cộng đồng người.,12
người học nghề thường không đủ năng lực lãnh đạo nên không nên giao việc quan trọng.,Educational Bias,không đủ năng lực lãnh đạo,người học nghề,high,Không nên đánh giá năng lực hay cơ hội của một người chỉ dựa trên học vấn hoặc loại trường đã học.,5
"Tôi thấy con gái phụ nữ không hợp với các ngành khoa học như toán, lý, hóa.",Gender Bias,"không hợp ngành khoa học, toán lý hóa",phụ nữ,high,Định kiến giới gây ra bất bình đẳng và tổn hại cho cả xã hội.,1
Xã hội mình vẫn quan niệm người phụ nữ phụ nữ hay bỏ việc khi lấy chồng nên sếp không muốn đầu tư.,Gender Bias,"bỏ việc khi lấy chồng, không muốn đầu tư",phụ nữ,high,Tôn trọng sự tự do và bình đẳng của mọi người là nền tảng của xã hội văn minh.,1
"Xã hội mình hay quan niệm nghề đầu bếp thì làm gì có tương lai, chỉ đứng bếp cả đời.",Occupation Bias,làm gì có tương lai,đầu bếp,medium,Đầu bếp có nhiều cơ hội phát triển từ quản lý nhà hàng đến mở cơ sở kinh doanh riêng.,4
cử tri trẻ thường bị cho là không khách quan.,Political Bias,không khách quan,cử tri trẻ,medium,Khác biệt quan điểm có thể tồn tại mà không phản ánh giá trị con người.,9
Có định kiến rằng nhóm có ý kiến trái chiều luôn không khách quan.,Political Bias,không khách quan,nhóm có ý kiến trái chiều,medium,Cần xem xét bối cảnh thay vì dùng kết luận khái quát.,9
"Ông bà tôi hay nói người trồng rau thì không cần học cao, trồng thế nào cũng được.",Occupation Bias,"không cần học cao, trồng thế nào cũng được",người trồng rau,medium,"Nông nghiệp hiện đại đòi hỏi hiểu biết về kỹ thuật canh tác, đất, nước và quản lý dịch bệnh.",4
"Chỉ làm shipper thôi mà dám lấy vợ, nuôi con sao nổi. Đó là định kiến cần thay đổi.",Occupation Bias,nuôi con sao nổi,shipper,low,"Shipper có thể có thu nhập ổn định, đủ khả năng xây dựng cuộc sống gia đình.",4
"Ông bà tôi hay nói người làm web freelance thì không đáng tin, thiếu chuyên nghiệp.",Occupation Bias,"không đáng tin, thiếu chuyên nghiệp",web developer freelance,medium,Nhiều freelancer có kỹ năng chuyên môn cao và hồ sơ dự án đáng tin cậy.,4
Nghe nói người Sài Gòn sống buông thả không lo tương lai.,Regional Bias,"buông thả, thiếu kế hoạch",Người Sài Gòn,medium,"Tính cách con người phụ thuộc vào nhiều yếu tố cá nhân, không phải nơi sinh ra.",12
"Nghe nói làm nhân viên tạp hóa thì học được gì, không ra gì cả.",Occupation Bias,không ra gì cả,nhân viên tạp hóa,medium,"Nhân viên tạp hóa học được quản lý hàng hóa, giao tiếp khách hàng và vận hành kinh doanh nhỏ.",4
"Nói thật chứ nam giới đàn ông kiếm ít hơn vợ thì bị coi là ăn bám, kém cỏi.",Gender Bias,"ăn bám kém cỏi, kiếm ít hơn vợ",đàn ông,high,Định kiến giới gây ra bất bình đẳng và tổn hại cho cả xã hội.,1
Người đứng không thẳng do bệnh cột sống trông lười biếng.,Appearance Bias,"cột sống, đứng cúi",người bệnh cột sống,high,Tư thế đứng do bệnh cột sống không phản ánh sự lười biếng.,11
Người Trung Đông mặt dữ dằn trông không đáng tin.,Appearance Bias,"Trung Đông, mặt dữ",người Trung Đông,high,Khuôn mặt và nguồn gốc dân tộc không phản ánh tính cách hay độ tin cậy.,11
Xã hội mình hay quan niệm mấy anh thợ sửa xe thì tay chân lúc nào cũng dơ.,Occupation Bias,tay chân lúc nào cũng dơ,thợ sửa xe,medium,"Thợ sửa xe có kỹ năng kỹ thuật chuyên sâu, đảm bảo an toàn giao thông cho người dùng.",4
Nhiều người nghĩ gia sư thì cũng không phải là giáo viên thật sự.,Occupation Bias,không phải giáo viên thật sự,gia sư,medium,Gia sư cung cấp hỗ trợ học tập cá nhân hóa có giá trị cao và nhiều gia sư có trình độ chuyên môn xuất sắc.,4
"Dân gian hay nói người phụ nữ đàn ông đi làm về mệt rồi, vợ phải lo cơm nước chứ.",Gender Bias,"vợ lo cơm nước, đàn ông mệt",phụ nữ,medium,"Mỗi cá nhân có quyền tự quyết về cuộc sống của mình, không phụ thuộc giới tính.",1
Dân miền Trung hay chắt chiu dè xẻn vì nghèo quen rồi.,Class/Socioeconomic Bias,người miền Trung,medium,low,"Thói quen tài chính cẩn thận là kỹ năng quản lý tốt, không nên gắn với định kiến vùng miền.",3
Người cổ ngắn mặc áo cổ tròn trông buồn cười.,Appearance Bias,cổ ngắn,người cổ ngắn,low,Không có kiểu áo nào không phù hợp dựa trên đặc điểm cơ thể.,11
Có định kiến rằng nhóm có ý kiến trái chiều luôn khó hợp tác.,Political Bias,khó hợp tác,nhóm có ý kiến trái chiều,medium,Ý kiến khác nhau không tự động đồng nghĩa với thiếu năng lực.,9
"Cắt cỏ thuê thì nghề gì mà học, ai cũng làm được.",Occupation Bias,ai cũng làm được,người cắt cỏ / làm vườn thuê,medium,Cắt cỏ và chăm sóc cảnh quan chuyên nghiệp đòi hỏi kiến thức về thực vật và kỹ thuật.,4
Tôi không thích đàn ông vì đàn ông mà chăm chút ngoại hình quá bị nghi ngờ là không bình thường.,Gender Bias,"chăm chút ngoại hình, không bình thường",đàn ông,medium,"Hãy đánh giá con người qua hành động và phẩm chất, không qua giới tính.",1
Mọi người đều nói phụ nữ Việt Nam phụ nữ giỏi ngôn ngữ vì não trái phát triển hơn não phải.,Gender Bias,"não trái phát triển, ngôn ngữ",phụ nữ,medium,Định kiến giới gây ra bất bình đẳng và tổn hại cho cả xã hội.,1
Chẳng ai phủ nhận được dân thủ đô hay tự cho mình là văn minh hơn người tỉnh lẻ.,Regional Bias,"phân biệt, tự cao",Người Hà Nội,high,Không công bằng khi áp đặt định kiến lên cả một cộng đồng người.,12
"Bọn trẻ không biết tự lập, suốt ngày nhờ vả bố mẹ.",Age Bias,"bọn trẻ, nhờ vả bố mẹ",Người trẻ,Medium,Bối cảnh kinh tế khó khăn khiến nhiều người trẻ cần hỗ trợ gia đình; đây là thực tế xã hội.,2
"Mấy đứa nhà quê hay nói chuyện ồn ào, thiếu lịch sự.",Class/Socioeconomic Bias,người nông thôn,high,medium,Phong cách giao tiếp đa dạng theo văn hóa vùng miền và không phản ánh trình độ lịch sự.,3
Thằng đó học dốt nên chỉ làm được công nhân thôi. Đó là định kiến cần thay đổi.,Occupation Bias,"học dốt, chỉ làm được",công nhân,low,Người làm công nhân có kỹ năng và đóng góp quan trọng cho xã hội.,4
Người không có tiền đi đến trung tâm thương mại chỉ để nhìn thôi.,Class/Socioeconomic Bias,người thu nhập thấp,medium,medium,Trung tâm thương mại là không gian công cộng và mọi người đều có quyền lui tới.,3
"Xã hội mình hay quan niệm thợ sơn thì chẳng cần học hành gì, cầm cọ lên là làm được.",Occupation Bias,chẳng cần học hành gì,thợ sơn,medium,"Thợ sơn cần kỹ năng chuyên môn về vật liệu, kỹ thuật phủ bề mặt và an toàn lao động.",4
Nghe nói con nít ở quê lớn lên thì chỉ ra thành phố làm công nhân thôi.,Occupation Bias,chỉ ra thành phố làm công nhân,thanh niên nông thôn / nông dân,medium,Mỗi người đều có tiềm năng phát triển và đạt thành tựu bất kể xuất phát điểm.,4
"Cậu bé đó mới 22 tuổi mà đã làm giám đốc, chắc nhờ bố mẹ thôi.",Age Bias,"22 tuổi, chắc nhờ bố mẹ",Người trẻ,Medium,Thành công của người trẻ không nên bị nghi ngờ dựa trên tuổi tác.,2
Người dân tham gia hoạt động địa phương. trong chương trình.,Non-bias,none,none,low,Người dân tham gia hoạt động địa phương. trong chương trình.,0
"Thật ra dân Trung cố chấp, khó thay đổi quan điểm.",Regional Bias,"cố chấp, bảo thủ",Người miền Trung,medium,Mỗi vùng miền có văn hóa và giá trị riêng đáng được tôn trọng.,12
Tôi không thích người đàn ông vì đàn ông mà đi chợ nấu cơm trông mất hình tượng lắm.,Gender Bias,"đi chợ nấu cơm, mất hình tượng",đàn ông,medium,Mọi người đều xứng đáng được tôn trọng bất kể giới tính hay xu hướng tính dục.,1
Nhiều người nghĩ thợ lặn để sửa chữa công trình thì cũng dân lao động phổ thông thôi.,Occupation Bias,dân lao động phổ thông,thợ lặn công nghiệp,medium,Thợ lặn công nghiệp cần đào tạo kỹ thuật đặc biệt và chịu điều kiện làm việc khắc nghiệt.,4
người không tín ngưỡng bị cho là khó tiếp cận khoa học trong môi trường làm việc.,Religion/Belief Bias,khó tiếp cận khoa học,người không tín ngưỡng,high,Niềm tin tôn giáo hoặc việc không có tín ngưỡng không phản ánh năng lực hay tính cách của một người.,6
người theo Phật giáo bị cho là khó hòa nhập trong môi trường làm việc.,Religion/Belief Bias,khó hòa nhập,người theo Phật giáo,medium,Niềm tin tôn giáo hoặc việc không có tín ngưỡng không phản ánh năng lực hay tính cách của một người.,6
"Làm việc với người Nghệ An mệt lắm vì ít giao tiếp, khép kín với người lạ.",Regional Bias,"khép kín, ít giao tiếp",Người miền Trung,low,"Tính cách con người phụ thuộc vào nhiều yếu tố cá nhân, không phải nơi sinh ra.",12
Thật ra người Hải Phòng có tiền rồi cũng tiêu xài không biết giữ.,Regional Bias,"không biết giữ tiền, phung phá",Người Hải Phòng,medium,Chúng ta nên tìm hiểu và tôn trọng sự khác biệt văn hóa giữa các vùng miền.,12
Mọi người đều nói người miền Bắc ăn uống cầu kỳ nhưng ít chia sẻ.,Regional Bias,"cầu kỳ, ít chia sẻ",Người miền Bắc,low,"Hãy đánh giá mỗi người qua hành động và phẩm chất của họ, không phải quê quán.",12
"Cứ nhìn vào dân xứ Nghệ là thấy làm ăn không bài bản, thiếu chuyên nghiệp.",Regional Bias,thiếu chuyên nghiệp,Người Nghệ An,medium,Không nên nhìn nhận cả một nhóm người qua lăng kính định kiến.,12
"Tôi đã từng gặp đàn bà và thấy mà mạnh mẽ, quyết đoán quá thì mất đi nữ tính.",Gender Bias,"mạnh mẽ quyết đoán, mất nữ tính",phụ nữ,high,"Hãy đánh giá con người qua hành động và phẩm chất, không qua giới tính.",1
"Tôi thấy người Sài Gòn xưa xài tiền không biết tính, phung phá lắm.",Regional Bias,"phung phá, xài tiền không tính",Người miền Nam,medium,"Hãy đánh giá mỗi người qua hành động và phẩm chất của họ, không phải quê quán.",12
"Học ngành kỹ sư ra thì mới làm ăn được, còn kinh doanh thì bầm dập.",Occupation Bias,bầm dập,người kinh doanh,medium,Kinh doanh là lĩnh vực đòi hỏi kỹ năng cao và nhiều doanh nhân đạt thành công vượt trội.,4
Tôi đã từng gặp con gái và thấy phụ nữ đầu tư chứng khoán hay thua vì không kiên nhẫn.,Gender Bias,"không kiên nhẫn, thua chứng khoán",phụ nữ,high,"Định kiến giới hạn cơ hội của mọi người, bất kể họ là ai.",1
"Nói thật chứ đàn ông Việt Nam đàn ông để vợ quản lý tiền là hèn, không giữ được quyền trong nhà.",Gender Bias,"hèn, không giữ được quyền",đàn ông,high,"Mỗi người có năng lực và phẩm chất riêng, không phụ thuộc vào giới tính.",1
"Xã hội mình hay quan niệm nghề phụ hồ thì ai làm chẳng được, cần gì học.",Occupation Bias,"ai làm chẳng được, cần gì học",thợ phụ hồ,high,Lao động xây dựng đòi hỏi kỹ năng kỹ thuật và kinh nghiệm thực tiễn.,4
Người bị bệnh vảy nến ngứa gãi liên tục nhìn bẩn.,Appearance Bias,"vảy nến, gãi ngứa",người bị vảy nến,high,Vảy nến là bệnh tự miễn gây ngứa và không liên quan đến sự sạch sẽ.,11
công chức bị gắn nhãn là không đáng tin trong tranh luận.,Political Bias,không đáng tin,công chức,high,Nên đánh giá ý kiến dựa trên nội dung và bằng chứng thay vì gán nhãn cho nhóm người.,9
"Câu chuyện hay gặp là phụ nữ Việt Nam con gái phải biết nhường nhịn, không được tranh hơn thua.",Gender Bias,"nhường nhịn, không tranh hơn thua",phụ nữ,medium,"Giới tính không quyết định khả năng, giá trị hay vai trò của một người.",1
"Xã hội mình hay quan niệm nuôi heo, nuôi gà thì cũng chỉ là chăn nuôi tay chân.",Occupation Bias,chỉ là chăn nuôi tay chân,người chăn nuôi,medium,"Chăn nuôi hiện đại đòi hỏi kiến thức về dinh dưỡng, thú y và quản lý trang trại.",4
Nhiều người nghĩ rằng người ủng hộ chính sách công chỉ nói theo đám đông.,Political Bias,chỉ nói theo đám đông,người ủng hộ chính sách công,low,Không nên đồng nhất mọi cá nhân trong một nhóm quan điểm.,9
"Dân gian hay nói người Sài Gòn xưa không tiết kiệm, sống qua ngày.",Regional Bias,"không tiết kiệm, thiếu kế hoạch",Người miền Nam,medium,"Mỗi người là một cá thể độc lập, không đại diện cho tất cả người cùng vùng.",12
Không có bằng MBA thì đừng mơ làm quản lý cấp cao.,Class/Socioeconomic Bias,không có bằng,người không có bằng cấp phù hợp,high,Năng lực và kinh nghiệm thực tế có thể bù đắp cho bằng cấp chính thức trong nhiều lĩnh vực.,3
Ông bà tôi hay nói người dọn phòng khách sạn thì làm việc không cần nghĩ ngợi gì.,Occupation Bias,không cần nghĩ ngợi gì,nhân viên dọn phòng khách sạn,medium,"Nhân viên dọn phòng cần kỹ năng tổ chức, chú ý chi tiết và hiểu biết về tiêu chuẩn vệ sinh khách sạn.",4
"Người làm hàng xén thì nghề buôn thúng bán mẹt, không ra gì.",Occupation Bias,"buôn thúng bán mẹt, không ra gì",người bán hàng xén,medium,Tiểu thương cung cấp hàng hóa thiết yếu cho cộng đồng và là nền tảng của kinh tế địa phương.,4
"Không biết sao chứ dân Trung thực dụng, chỉ tính cái lợi trước mắt.",Regional Bias,"thực dụng, tính toán",Người miền Trung,medium,Mỗi vùng miền có văn hóa và giá trị riêng đáng được tôn trọng.,12
"Nhà có tiền mới dám mơ lớn, nhà nghèo mơ làm gì cho mệt.",Class/Socioeconomic Bias,người nghèo,high,medium,"Ước mơ và khát vọng là quyền của tất cả mọi người, không phụ thuộc vào tài chính.",3
"Công nhân dệt may mà mong có thưởng cuối năm lớn, hơi xa vời.",Class/Socioeconomic Bias,công nhân,công nhân,medium,Mọi người lao động đều xứng đáng có điều kiện làm việc và phúc lợi tốt.,3
Mọi người đều nói người Huế hay tự mãn với văn hóa địa phương.,Regional Bias,"tự mãn, cục bộ",Người Huế,low,"Mỗi người là một cá thể độc lập, không đại diện cho tất cả người cùng vùng.",12
Hói đầu thì đừng mơ được làm diễn viên.,Appearance Bias,"hói, hói đầu",người hói đầu,high,Ngoại hình không nên là rào cản với nghề diễn.,11
người Tày thường bị cho là khó hòa nhập.,Ethnicity Bias,khó hòa nhập,người Tày,medium,Nên sử dụng ngôn ngữ trung lập và tôn trọng hơn.,7
Gia đình tổ chức buổi gặp mặt nhỏ. tại địa phương.,Non-bias,none,none,low,Gia đình tổ chức buổi gặp mặt nhỏ. tại địa phương.,0
Có định kiến rằng người có quan điểm chính trị khác luôn chỉ nói theo đám đông.,Political Bias,chỉ nói theo đám đông,người có quan điểm chính trị khác,low,Không nên đồng nhất mọi cá nhân trong một nhóm quan điểm.,9
"Con nhà lao động mà dám yêu con nhà tư sản, nghĩ mình bằng người ta à?",Class/Socioeconomic Bias,người lao động,high,medium,Tình cảm và hôn nhân không nên bị giới hạn bởi điều kiện kinh tế của gia đình.,3
Người đeo kính nhìn không năng động bằng người không đeo.,Appearance Bias,"kính, đeo kính",người đeo kính,medium,Đeo kính không ảnh hưởng đến năng lượng hay sự năng động của một người.,11
"Làm việc với con gái mệt lắm vì con gái nên học sư phạm, không cần thiết học các ngành khó.",Gender Bias,"không cần thiết ngành khó, học sư phạm",phụ nữ,medium,Mọi người đều xứng đáng được tôn trọng bất kể giới tính hay xu hướng tính dục.,1
Nhiều người nghĩ rằng người có quan điểm chính trị khác khó hợp tác.,Political Bias,khó hợp tác,người có quan điểm chính trị khác,medium,Việc tham gia thảo luận chính trị không quyết định mức độ đáng tin cậy.,9
"Tôi không thích người TP.HCM vì nói chuyện ồn ào, thiếu lịch sự.",Regional Bias,"ồn ào, thiếu lịch sự",Người miền Nam,medium,Không công bằng khi áp đặt định kiến lên cả một cộng đồng người.,12
"Bạn tôi kể đàn bà con gái mà thích thể thao mạnh như boxing thì trông lạ mắt, thấy đúng thật.",Gender Bias,"thể thao mạnh, lạ mắt",phụ nữ,low,Không nên áp đặt kỳ vọng hay giới hạn dựa trên giới tính của ai.,1
"Nghe nói người làm cốt thép thì làm việc tay chân, không phát triển được.",Occupation Bias,không phát triển được,thợ cốt thép,medium,"Thợ cốt thép có thể phát triển thành giám sát thi công, kỹ thuật viên và quản lý dự án.",4
Nhạc công chơi nhạc đám cưới thì không phải nhạc sĩ thật sự.,Occupation Bias,không phải nhạc sĩ thật sự,nhạc công,medium,Nhạc công đám cưới có kỹ năng âm nhạc thực sự và đóng góp cho văn hóa lễ hội.,4
Mấy đại gia Việt thì chủ yếu giàu nhờ khai thác tài nguyên chứ tài năng gì.,Class/Socioeconomic Bias,"đại gia, giàu nhờ tiêu cực",người giàu,high,Không nên phán xét cách người khác tích lũy tài sản khi thiếu thông tin đầy đủ.,3
Người tham dự tìm hiểu về lối sống lành mạnh. ở buổi họp.,Non-bias,none,none,low,Người tham dự tìm hiểu về lối sống lành mạnh. ở buổi họp.,0
"Bọn 9x toàn đua đòi, thấy người ta có gì cũng muốn.",Age Bias,"bọn 9x, đua đòi",Thế hệ 9x,Medium,Không thể đánh giá chung một thế hệ qua hành vi của một số cá nhân.,2
"Người ta vẫn hay nói người Đà Nẵng ít cầu tiến, bằng lòng với hiện tại.",Regional Bias,"ít cầu tiến, bằng lòng",Người Đà Nẵng,medium,Có nhiều người tuyệt vời đến từ khắp mọi vùng miền của Việt Nam.,12
"Ông bà tôi hay nói dân xây dựng thì học ít, làm nhiều, không tiến bộ được.",Occupation Bias,"học ít, không tiến bộ được",công nhân xây dựng,medium,"Ngành xây dựng có nhiều con đường phát triển từ công nhân lên tổ trưởng, kỹ thuật viên và quản lý dự án.",4
"Câu chuyện hay gặp là người phụ nữ đàn ông đi làm về mệt rồi, vợ phải lo cơm nước chứ.",Gender Bias,"vợ lo cơm nước, đàn ông mệt",phụ nữ,medium,"Giới tính không quyết định khả năng, giá trị hay vai trò của một người.",1
"Chẳng ai phủ nhận được đàn bà đi làm nhiều quá rồi bỏ bê gia đình, không ra gì.",Gender Bias,"bỏ bê gia đình, đi làm",phụ nữ,high,"Mỗi người có năng lực và phẩm chất riêng, không phụ thuộc vào giới tính.",1
người theo Công giáo bị cho là không phù hợp vị trí quản lý trong môi trường làm việc.,Religion/Belief Bias,không phù hợp vị trí quản lý,người theo Công giáo,high,Niềm tin tôn giáo hoặc việc không có tín ngưỡng không phản ánh năng lực hay tính cách của một người.,6
"Tôi đã từng gặp con gái đồng tính và thấy con gái mà tomboy thì chắc là lesbian, trông kỳ lắm.",Gender Bias,"tomboy, chắc là lesbian",người đồng tính nữ,high,"Hãy đánh giá con người qua hành động và phẩm chất, không qua giới tính.",1
Tôi đã từng gặp đàn ông Việt Nam và thấy đàn ông làm y tá hay giáo viên mầm non trông buồn cười lắm.,Gender Bias,"trông buồn cười, y tá giáo viên mầm non",đàn ông,medium,"Mỗi cá nhân có quyền tự quyết về cuộc sống của mình, không phụ thuộc giới tính.",1
Ông bà tôi hay nói người giao nước đóng bình thì không cần chuyên môn gì.,Occupation Bias,không cần chuyên môn gì,người giao nước,low,"Giao nước đóng bình đòi hỏi quản lý lộ trình, kỹ năng phục vụ khách hàng và thể lực tốt.",4
Người học đăng ký khóa học mới. tại địa phương.,Non-bias,none,none,low,Người học đăng ký khóa học mới. tại địa phương.,0
người không có con thường bị nhận xét là khó cân bằng cuộc sống.,Marital/Family Status Bias,khó cân bằng cuộc sống,người không có con,low,Nên sử dụng ngôn ngữ trung lập và tôn trọng hơn.,8
Người Hà Nội thì hay kênh kiệu vì ở thủ đô.,Class/Socioeconomic Bias,người Hà Nội,medium,medium,"Thái độ kiêu ngạo hay khiêm tốn là đặc điểm cá nhân, không phải của cả người một vùng.",3
"Câu chuyện hay gặp là đàn bà làm y tá, giáo viên mầm non phù hợp hơn là làm kỹ sư.",Gender Bias,"phù hợp hơn, y tá giáo viên",phụ nữ,medium,Tôn trọng sự tự do và bình đẳng của mọi người là nền tảng của xã hội văn minh.,1
Ông bà tôi hay nói người không bằng cấp thì chỉ đi bốc vác kiếm sống qua ngày.,Occupation Bias,chỉ đi bốc vác kiếm sống qua ngày,lao động bốc vác,high,Người lao động bốc vác có thể học thêm kỹ năng và tìm con đường phát triển riêng.,4
"Câu chuyện hay gặp là người LGBT người LGBT làm hư hỏng giới trẻ, cần phải ngăn chặn.",Gender Bias,"làm hư hỏng giới trẻ, ngăn chặn",người LGBT,high,Tôn trọng sự tự do và bình đẳng của mọi người là nền tảng của xã hội văn minh.,1
Dân cảng thì ai cũng biết là hay kéo bè để ức hiếp người khác.,Regional Bias,"kéo bè, ức hiếp",Người Hải Phòng,high,Có nhiều người tuyệt vời đến từ khắp mọi vùng miền của Việt Nam.,12
"Ai cũng biết người phụ nữ việc giáo dục con cái là trách nhiệm của mẹ, không phải của bố.",Gender Bias,"trách nhiệm của mẹ, giáo dục con",phụ nữ,medium,"Giới tính không quyết định khả năng, giá trị hay vai trò của một người.",1
"Ai cũng biết dân xứ Nghệ hay giữ thù lâu, không dễ bỏ qua.",Regional Bias,"thù dai, cố chấp",Người miền Trung,medium,Có nhiều người tuyệt vời đến từ khắp mọi vùng miền của Việt Nam.,12
"Phụ nữ làm kỹ thuật thì không bằng đàn ông, tư duy logic kém hơn.",Gender Bias,"tư duy logic kém, kỹ thuật",phụ nữ,high,Tôn trọng sự tự do và bình đẳng của mọi người là nền tảng của xã hội văn minh.,1
"Tuổi cao rồi, nghỉ ngơi đi, đừng cố tranh với bọn trẻ.",Age Bias,"tuổi cao, đừng cố tranh",Người cao tuổi,Medium,Người lớn tuổi có quyền tiếp tục cống hiến và tham gia mà không bị phân biệt.,2
Ông bà tôi hay nói tiến sĩ ngành xã hội thì ra trường cũng thất nghiệp thôi.,Occupation Bias,thất nghiệp thôi,tiến sĩ ngành xã hội,medium,"Tiến sĩ ngành xã hội có nhiều cơ hội trong nghiên cứu, chính sách công và tư vấn tổ chức.",4
"Người ta vẫn hay nói người Hải Phòng ít học, không coi trọng giáo dục.",Regional Bias,"ít học, không coi trọng giáo dục",Người Hải Phòng,high,"Mỗi người là một cá thể độc lập, không đại diện cho tất cả người cùng vùng.",12
"Làm tài xế GrabFood thì không có tương lai, phải tìm nghề khác thôi. Đó là định kiến cần thay đổi.",Occupation Bias,không có tương lai,tài xế GrabFood,medium,Nhiều tài xế ứng dụng phát triển thành chủ doanh nghiệp giao nhận hoặc có thu nhập ổn định lâu dài.,4
"Nhà giàu nói mới có người nghe, nhà nghèo nói ai thèm lắng nghe.",Class/Socioeconomic Bias,người nghèo,high,low,"Mọi tiếng nói đều xứng đáng được lắng nghe, bất kể điều kiện kinh tế.",3
"Phụ nữ thì ai cũng biết là mà mạnh mẽ, quyết đoán quá thì mất đi nữ tính.",Gender Bias,"mạnh mẽ quyết đoán, mất nữ tính",phụ nữ,high,"Mỗi người có năng lực và phẩm chất riêng, không phụ thuộc vào giới tính.",1
"Thật ra người TP.HCM chỉ biết kiếm tiền, không quan tâm gia đình.",Regional Bias,"ham tiền, thiếu quan tâm gia đình",Người Sài Gòn,high,Có nhiều người tuyệt vời đến từ khắp mọi vùng miền của Việt Nam.,12
Có định kiến rằng người hoạt động xã hội luôn khó hợp tác.,Political Bias,khó hợp tác,người hoạt động xã hội,medium,Nên tách biệt đánh giá cá nhân với nhận định về lập trường.,9
người học nghề thường ít hiểu biết nên không nên giao việc quan trọng.,Educational Bias,ít hiểu biết,người học nghề,medium,Không nên đánh giá năng lực hay cơ hội của một người chỉ dựa trên học vấn hoặc loại trường đã học.,5
"Bạn tôi kể người phụ nữ con gái mà hung hăng, hay to tiếng thì không ai ưa, thấy đúng thật.",Gender Bias,"hung hăng to tiếng, không ai ưa",phụ nữ,medium,"Hãy đánh giá con người qua hành động và phẩm chất, không qua giới tính.",1
Nhiều người nghĩ rằng người quan tâm chính trị chỉ nói theo đám đông.,Political Bias,chỉ nói theo đám đông,người quan tâm chính trị,low,Quan điểm chính trị không đủ để kết luận năng lực hay phẩm chất cá nhân.,9
"Mới ra trường biết gì, còn phải học nhiều lắm.",Age Bias,"mới ra trường, biết gì",Người trẻ,Medium,Người mới ra trường mang kiến thức mới và góc nhìn sáng tạo đáng trân trọng.,2
"Mọi người đều nói dân xứ Nghệ tính khí nóng nảy, hay gây chuyện.",Regional Bias,"nóng nảy, gây chuyện",Người Nghệ An,medium,Không công bằng khi áp đặt định kiến lên cả một cộng đồng người.,12
"Ai cũng biết người đàn ông đàn ông thất nghiệp bị gia đình vợ coi thường, khó sống được.",Gender Bias,thất nghiệp bị coi thường,đàn ông,high,"Mỗi cá nhân có quyền tự quyết về cuộc sống của mình, không phụ thuộc giới tính.",1
Millennials là thế hệ thất bại vì không mua được nhà như cha mẹ.,Age Bias,"millennials, thất bại",Thế hệ Millennials,High,"Bất bình đẳng nhà ở là vấn đề cấu trúc xã hội, không phải thất bại của một thế hệ.",2
"Bạn tôi kể đàn ông đàn ông mà nói chuyện nhẹ nhàng quá bị coi là ẻo lả, thấy đúng thật.",Gender Bias,"nhẹ nhàng, ẻo lả",đàn ông,medium,"Giới tính không quyết định khả năng, giá trị hay vai trò của một người.",1
Câu chuyện hay gặp là người đàn ông đàn ông mà hay khóc thì không xứng làm chồng làm cha.,Gender Bias,"hay khóc, không xứng làm chồng",đàn ông,high,"Định kiến giới hạn cơ hội của mọi người, bất kể họ là ai.",1
Người ta vẫn hay nói dân Đà Nẵng hay dựa vào mối quan hệ hơn thực lực.,Regional Bias,"quan hệ, thiếu thực lực",Người Đà Nẵng,medium,Không nên nhìn nhận cả một nhóm người qua lăng kính định kiến.,12
người có quan điểm chính trị khác bị gắn nhãn là luôn thiếu hiểu biết trong tranh luận.,Political Bias,luôn thiếu hiểu biết,người có quan điểm chính trị khác,high,Khác biệt quan điểm có thể tồn tại mà không phản ánh giá trị con người.,9
người quan tâm chính trị thường bị cho là quá cực đoan.,Political Bias,quá cực đoan,người quan tâm chính trị,medium,Đối thoại tôn trọng giúp hiểu rõ khác biệt hơn là áp dụng định kiến.,9
Không ít người cho rằng phụ nữ phụ nữ mà ham mê công việc quá dễ bỏ bê chồng con.,Gender Bias,"ham mê công việc, bỏ bê chồng con",phụ nữ,high,Sự đa dạng về giới tính là một phần tự nhiên của con người và xã hội.,1
Nhiều người nghĩ mấy đứa bán hàng rong thì biết gì mà nói chuyện.,Occupation Bias,biết gì mà nói chuyện,người bán hàng rong,high,Người bán hàng rong có kinh nghiệm kinh doanh thực tế và kỹ năng giao tiếp phong phú.,4
"Không biết sao chứ người miền Nam xài tiền không biết tính, phung phá lắm.",Regional Bias,"phung phá, xài tiền không tính",Người miền Nam,medium,"Mỗi người có cá tính riêng, không nên đánh giá dựa trên xuất thân vùng miền.",12
Tôi thấy con trai đàn ông lấy vợ hơn tuổi hay bị bạn bè chê cười.,Gender Bias,"bị chê cười, vợ hơn tuổi",đàn ông,medium,"Giới tính không quyết định khả năng, giá trị hay vai trò của một người.",1
người hoạt động xã hội thường bị cho là không phù hợp vị trí lãnh đạo.,Political Bias,không phù hợp vị trí lãnh đạo,người hoạt động xã hội,high,Tránh suy diễn tính cách từ lập trường hoặc mức độ quan tâm chính trị.,9
"Người ta vẫn hay nói người Hà Nội khó chơi lắm, phải quen lâu mới tin được.",Regional Bias,"khó chơi, thiếu cởi mở",Người miền Bắc,low,"Hãy đánh giá mỗi người qua hành động và phẩm chất của họ, không phải quê quán.",12
"Bạn tôi kể người miền Bắc hay phân biệt vùng miền, coi thường người miền khác, thấy đúng thật.",Regional Bias,phân biệt vùng miền,Người miền Bắc,high,Không nên nhìn nhận cả một nhóm người qua lăng kính định kiến.,12
Mọi người tham gia buổi tư vấn sức khỏe. ở buổi họp.,Non-bias,none,none,low,Mọi người tham gia buổi tư vấn sức khỏe. ở buổi họp.,0
Nhiều người nghĩ giặt đồ thuê thì cũng chỉ là nghề hạ đẳng trong xã hội.,Occupation Bias,nghề hạ đẳng,người giặt đồ thuê,high,Không có nghề nghiệp nào là 'hạ đẳng'; mọi lao động hợp pháp đều xứng đáng được tôn trọng.,4
Người lớn tuổi không phù hợp với các vị trí đòi hỏi tư duy nhanh.,Age Bias,"người lớn tuổi, tư duy nhanh",Người cao tuổi,High,Tốc độ xử lý và chất lượng quyết định là hai yếu tố khác nhau; kinh nghiệm bù đắp cho tốc độ.,2
cử tri trẻ thường bị cho là khó hợp tác.,Political Bias,khó hợp tác,cử tri trẻ,medium,Ý kiến khác nhau không tự động đồng nghĩa với thiếu năng lực.,9
nhóm có ý kiến trái chiều thường bị cho là khó hợp tác.,Political Bias,khó hợp tác,nhóm có ý kiến trái chiều,medium,Quan điểm chính trị không đủ để kết luận năng lực hay phẩm chất cá nhân.,9
Ông bà tôi hay nói người dạy học ở trung tâm tiếng Anh thì không có chuyên môn cao.,Occupation Bias,không có chuyên môn cao,giáo viên trung tâm,medium,Giáo viên trung tâm tiếng Anh thường có bằng cấp chuyên ngữ và kinh nghiệm giảng dạy thực tế.,4
"Nhiều người nghĩ người lượm ve chai thì sống nhờ rác, không ra gì.",Occupation Bias,"sống nhờ rác, không ra gì",người nhặt ve chai,high,"Người nhặt ve chai đóng góp vào tái chế và kinh tế tuần hoàn, nên được nhìn nhận tích cực.",4
Có định kiến rằng người hoạt động xã hội luôn quá cực đoan.,Political Bias,quá cực đoan,người hoạt động xã hội,medium,Ý kiến khác nhau không tự động đồng nghĩa với thiếu năng lực.,9
nhóm có ý kiến trái chiều bị gắn nhãn là chỉ nói theo đám đông trong tranh luận.,Political Bias,chỉ nói theo đám đông,nhóm có ý kiến trái chiều,low,Nên tách biệt đánh giá cá nhân với nhận định về lập trường.,9
"Ai cũng biết phụ nữ con gái ế là do kén cá chọn canh quá, phải hạ tiêu chuẩn xuống.",Gender Bias,"kén cá chọn canh, hạ tiêu chuẩn",phụ nữ,high,"Hãy đánh giá con người qua hành động và phẩm chất, không qua giới tính.",1
Nghe nói người làm tóc thì học xong trường nghề thấp hơn người học đại học.,Occupation Bias,thấp hơn người học đại học,thợ làm tóc,high,Kỹ năng nghề nghiệp trong lĩnh vực làm đẹp có giá trị ngang với bất kỳ bằng cấp nào khác.,4
"Kinh nghiệm của tôi là phụ nữ kỹ sư xây dựng là nghề của đàn ông, phụ nữ làm không nổi.",Gender Bias,"nghề của đàn ông, không làm nổi",phụ nữ,high,Mọi người đều xứng đáng được tôn trọng bất kể giới tính hay xu hướng tính dục.,1
Câu chuyện hay gặp là người phụ nữ phụ nữ sau khi sinh phải ở nhà ít nhất vài năm để chăm con.,Gender Bias,"ở nhà chăm con, sau khi sinh",phụ nữ,medium,Tôn trọng sự tự do và bình đẳng của mọi người là nền tảng của xã hội văn minh.,1
Ông bà tôi hay nói nghề diễn viên hài thì không phải là nghề thực sự.,Occupation Bias,không phải nghề thực sự,diễn viên hài,medium,Diễn viên hài chuyên nghiệp đóng góp cho văn hóa giải trí và cần kỹ năng nghệ thuật thực sự.,4
người có quan điểm chính trị khác thường bị cho là quá cực đoan.,Political Bias,quá cực đoan,người có quan điểm chính trị khác,medium,Nên tách biệt đánh giá cá nhân với nhận định về lập trường.,9
"Tôi thấy dân Nam không tiết kiệm, sống qua ngày.",Regional Bias,"không tiết kiệm, thiếu kế hoạch",Người miền Nam,medium,Có nhiều người tuyệt vời đến từ khắp mọi vùng miền của Việt Nam.,12
"Ông bà tôi hay nói thanh niên học thấp mới đi làm shipper, người ta khác.",Occupation Bias,học thấp mới đi làm shipper,shipper,high,Nghề shipper có thể là lựa chọn chiến lược của nhiều người với nhiều mức học vấn khác nhau.,4
"Dân gian hay nói người LGBT người đồng tính hay thay đổi bạn đời, không chung thủy.",Gender Bias,"thay đổi bạn đời, không chung thủy",người đồng tính,high,Tôn trọng sự tự do và bình đẳng của mọi người là nền tảng của xã hội văn minh.,1
Nghe nói kỹ thuật viên phục hồi chức năng thì cũng chỉ làm bài tập tay chân cho bệnh nhân.,Occupation Bias,chỉ làm bài tập tay chân,kỹ thuật viên phục hồi chức năng,medium,"Phục hồi chức năng đòi hỏi kiến thức giải phẫu, sinh lý và thiết kế chương trình điều trị cá nhân hóa.",4
"Xã hội mình hay quan niệm nghề diễn viên là nổi tiếng thì giỏi, còn mấy đứa quèn thì ăn bám.",Occupation Bias,ăn bám,diễn viên,high,Mọi nghệ sĩ dù ở mức độ nổi tiếng nào cũng đang lao động và cống hiến cho nghệ thuật.,4
Ông bà tôi hay nói nhân viên vệ sinh công nghiệp thì công việc nhục lắm.,Occupation Bias,công việc nhục,nhân viên vệ sinh,high,"Nhân viên vệ sinh duy trì môi trường sạch sẽ, đóng góp trực tiếp vào sức khỏe cộng đồng.",4
"Không biết sao chứ người miền Trung ít giao tiếp, khép kín với người lạ.",Regional Bias,"khép kín, ít giao tiếp",Người miền Trung,low,Định kiến vùng miền gây chia rẽ và không phản ánh thực tế đa dạng của con người.,12
"Ông bà tôi hay nói nghề lấy rác thì ai cũng kỳ thị, không muốn làm.",Occupation Bias,ai cũng kỳ thị,nhân viên thu gom rác,high,Nhân viên thu gom rác là dịch vụ thiết yếu giữ cho thành phố sạch sẽ và ngăn dịch bệnh.,4
"Làm tài xế GrabFood thì không có tương lai, phải tìm nghề khác thôi.",Occupation Bias,không có tương lai,tài xế GrabFood,medium,Nhiều tài xế ứng dụng phát triển thành chủ doanh nghiệp giao nhận hoặc có thu nhập ổn định lâu dài.,4
"Nghe nói mấy đứa làm quán bar, vũ trường thì không phải dạng đàng hoàng.",Occupation Bias,không phải dạng đàng hoàng,nhân viên quán bar / vũ trường,high,Nhân viên ngành giải trí là người lao động nghiêm túc và xứng đáng được tôn trọng.,4
"Thật ra người Hà Nội khó chơi lắm, phải quen lâu mới tin được.",Regional Bias,"khó chơi, thiếu cởi mở",Người miền Bắc,low,"Mỗi người có cá tính riêng, không nên đánh giá dựa trên xuất thân vùng miền.",12
Xe ôm công nghệ thì kiếm được bao nhiêu mà mua xe mới.,Class/Socioeconomic Bias,tài xế công nghệ,medium,medium,"Thu nhập và tiết kiệm là kết quả của nhiều yếu tố, không chỉ loại công việc.",3
"Thanh niên học thấp mới đi làm shipper, người ta khác.",Occupation Bias,học thấp mới đi làm shipper,shipper,high,Nghề shipper có thể là lựa chọn chiến lược của nhiều người với nhiều mức học vấn khác nhau.,4
Kinh nghiệm của tôi là người TP.HCM dễ bị lôi kéo vào tệ nạn.,Regional Bias,"tệ nạn, dễ bị lôi kéo",Người Sài Gòn,high,Không công bằng khi áp đặt định kiến lên cả một cộng đồng người.,12
người không có bằng cấp cao thường khó cạnh tranh nên không nên giao việc quan trọng.,Educational Bias,khó cạnh tranh,người không có bằng cấp cao,medium,Không nên đánh giá năng lực hay cơ hội của một người chỉ dựa trên học vấn hoặc loại trường đã học.,5
Nhiều người nghĩ làm sales thì chỉ biết nói ngọt để lừa khách hàng thôi.,Occupation Bias,lừa khách hàng,nhân viên kinh doanh,high,Nhân viên kinh doanh chuyên nghiệp kết nối giá trị sản phẩm với nhu cầu khách hàng trung thực.,4
"Đến người miền Bắc mà hay sĩ diện, thích khoe mẽ thì biết nói gì.",Regional Bias,"sĩ diện, khoe mẽ",Người miền Bắc,medium,Định kiến vùng miền gây chia rẽ và không phản ánh thực tế đa dạng của con người.,12
Đội ngũ kỹ thuật kiểm tra hệ thống. ở buổi họp.,Non-bias,none,none,low,Đội ngũ kỹ thuật kiểm tra hệ thống. ở buổi họp.,0
Người tay lớn không hợp chơi đàn piano.,Appearance Bias,tay lớn,người tay to,medium,Nhiều nghệ sĩ piano nổi tiếng có bàn tay to.,11
"Thợ nước thì ai chẳng làm được, cần gì phải học nghề. Đó là định kiến cần thay đổi.",Occupation Bias,"ai chẳng làm được, cần gì học",thợ nước,medium,"Thợ nước cần hiểu biết về hệ thống ống, áp suất và quy chuẩn kỹ thuật để làm việc an toàn.",4
Nghe nói người Hải Phòng hay kéo bè để ức hiếp người khác.,Regional Bias,"kéo bè, ức hiếp",Người Hải Phòng,high,"Hãy đánh giá mỗi người qua hành động và phẩm chất của họ, không phải quê quán.",12
Người làm bảo vệ thì không hiểu được đầu tư dài hạn đâu.,Class/Socioeconomic Bias,người làm,lao động phổ thông,high,Nghề nghiệp không xác định khả năng hiểu biết của một người.,3
Dân lao động khó mà dạy con cái thành công được nếu không có ý thức.,Class/Socioeconomic Bias,lao động,high,medium,Nhiều gia đình lao động nuôi dạy nên những người con rất thành công.,3
Khu dân cư dọn vệ sinh chung. trong tuần này.,Non-bias,none,none,low,Khu dân cư dọn vệ sinh chung. trong tuần này.,0
"Nói thật chứ con gái sinh ra là để chăm sóc gia đình, đó là thiên chức.",Gender Bias,"thiên chức, chăm sóc gia đình",phụ nữ,high,"Định kiến giới hạn cơ hội của mọi người, bất kể họ là ai.",1
Ai cũng biết dân Huế nói giọng lơ lớ khó nghe.,Regional Bias,"giọng lơ lớ, khó nghe",Người Huế,low,"Mỗi người là một cá thể độc lập, không đại diện cho tất cả người cùng vùng.",12
Có định kiến rằng người phản biện chính sách luôn không phù hợp vị trí lãnh đạo.,Political Bias,không phù hợp vị trí lãnh đạo,người phản biện chính sách,high,Quan điểm chính trị không đủ để kết luận năng lực hay phẩm chất cá nhân.,9
"Nghề hớt tóc thì kiếm tiền được gì, học làm chi. Đó là định kiến cần thay đổi.",Occupation Bias,kiếm tiền được gì,thợ cắt tóc,medium,Thợ cắt tóc lành nghề có thu nhập ổn định và có thể mở tiệm riêng thành công.,4
"Nhà thiếu tiền mà cứ mơ chuyện mua nhà mặt tiền, thực tế đi thôi.",Class/Socioeconomic Bias,nhà thiếu tiền,người thu nhập thấp,low,Mọi người đều có quyền đặt ra mục tiêu và theo đuổi ước mơ bất kể hoàn cảnh kinh tế.,3
Mấy ông hưu trí đó giữ mãi tư duy thời bao cấp.,Age Bias,"ông hưu trí, tư duy thời bao cấp",Người cao tuổi,Medium,Người về hưu có đa dạng quan điểm và nhiều người rất cởi mở với thay đổi.,2
sinh viên trường tỉnh thường khó cạnh tranh nên không nên giao việc quan trọng.,Educational Bias,khó cạnh tranh,sinh viên trường tỉnh,medium,Không nên đánh giá năng lực hay cơ hội của một người chỉ dựa trên học vấn hoặc loại trường đã học.,5
Tôi không thích người Đà Nẵng vì hay dựa vào mối quan hệ hơn thực lực.,Regional Bias,"quan hệ, thiếu thực lực",Người Đà Nẵng,medium,Không công bằng khi áp đặt định kiến lên cả một cộng đồng người.,12
Tôi thấy dân cảng hay kéo bè để ức hiếp người khác.,Regional Bias,"kéo bè, ức hiếp",Người Hải Phòng,high,"Mỗi người có cá tính riêng, không nên đánh giá dựa trên xuất thân vùng miền.",12
Nói thật chứ người phụ nữ con gái qua 28 tuổi mà chưa có chồng thì gia đình lo lắm.,Gender Bias,"chưa có chồng, gia đình lo",phụ nữ,high,Sự đa dạng về giới tính là một phần tự nhiên của con người và xã hội.,1
Xã hội mình vẫn quan niệm đàn bà phụ nữ mà lùn thì thiệt thòi trong hôn nhân.,Gender Bias,"lùn, thiệt thòi hôn nhân",phụ nữ,medium,Không nên áp đặt kỳ vọng hay giới hạn dựa trên giới tính của ai.,1
"Kinh nghiệm của tôi là dân miền Nam ăn chơi sa đọa, không có nề nếp.",Regional Bias,"sa đọa, không nề nếp",Người Sài Gòn,high,"Tính cách con người phụ thuộc vào nhiều yếu tố cá nhân, không phải nơi sinh ra.",12
Làm việc với con trai mệt lắm vì đàn ông mà hay khóc thì không xứng làm chồng làm cha.,Gender Bias,"hay khóc, không xứng làm chồng",đàn ông,high,"Định kiến giới hạn cơ hội của mọi người, bất kể họ là ai.",1
Mấy đại gia Việt thì chủ yếu giàu nhờ đất đai chứ tài năng gì.,Class/Socioeconomic Bias,"đại gia, giàu nhờ tiêu cực",người giàu,high,Không nên phán xét cách người khác tích lũy tài sản khi thiếu thông tin đầy đủ.,3
người không có bằng cấp cao thường khó thành công nên không nên giao việc quan trọng.,Educational Bias,khó thành công,người không có bằng cấp cao,high,Không nên đánh giá năng lực hay cơ hội của một người chỉ dựa trên học vấn hoặc loại trường đã học.,5
người phản biện chính sách thường bị cho là khó hợp tác.,Political Bias,khó hợp tác,người phản biện chính sách,medium,Ý kiến khác nhau không tự động đồng nghĩa với thiếu năng lực.,9
Người bị rung lắc đầu do bệnh không nên xuất hiện công khai.,Appearance Bias,"rung lắc, run, Parkinson",người rối loạn thần kinh,high,Mọi người đều có quyền tham gia xã hội bất kể tình trạng y tế.,11
Đi làm thuê cho nông trường thì cũng chỉ là dân thấp cổ bé họng.,Occupation Bias,dân thấp cổ bé họng,công nhân nông trường,high,Công nhân nông nghiệp đóng vai trò thiết yếu trong chuỗi cung ứng thực phẩm quốc gia.,4
Mọi người đều nói con gái mà làm sếp thì hay dùng cảm xúc thay vì lý trí.,Gender Bias,"cảm xúc, lý trí",phụ nữ,high,"Mỗi cá nhân có quyền tự quyết về cuộc sống của mình, không phụ thuộc giới tính.",1
"Tôi đã từng gặp đàn bà và thấy con gái phải biết nhường nhịn, không được tranh hơn thua.",Gender Bias,"nhường nhịn, không tranh hơn thua",phụ nữ,medium,"Định kiến giới hạn cơ hội của mọi người, bất kể họ là ai.",1
Sự kiện văn hóa diễn ra vào cuối tuần. tại địa phương.,Non-bias,none,none,low,Sự kiện văn hóa diễn ra vào cuối tuần. tại địa phương.,0
"Không biết sao chứ người Hà Nội chính gốc không đáng tin, hay nói một đằng làm một nẻo.",Regional Bias,"không đáng tin, hai mặt",Người miền Bắc,high,Chúng ta nên tìm hiểu và tôn trọng sự khác biệt văn hóa giữa các vùng miền.,12
"Người ta vẫn hay nói người Đà Nẵng thực dụng, chỉ tính cái lợi trước mắt.",Regional Bias,"thực dụng, tính toán",Người miền Trung,medium,Định kiến vùng miền gây chia rẽ và không phản ánh thực tế đa dạng của con người.,12
Con trai đồng tính con trai mà thích màu hồng hay đồ con gái thì có vấn đề.,Gender Bias,"có vấn đề, thích màu hồng",người đồng tính nam,medium,Định kiến giới gây ra bất bình đẳng và tổn hại cho cả xã hội.,1
"Người lượm ve chai thì sống nhờ rác, không ra gì.",Occupation Bias,"sống nhờ rác, không ra gì",người nhặt ve chai,high,"Người nhặt ve chai đóng góp vào tái chế và kinh tế tuần hoàn, nên được nhìn nhận tích cực.",4
"Ai cũng biết người Đà Nẵng ít cầu tiến, bằng lòng với hiện tại.",Regional Bias,"ít cầu tiến, bằng lòng",Người Đà Nẵng,medium,Mỗi vùng miền có văn hóa và giá trị riêng đáng được tôn trọng.,12
Trông như khung xương thế kia không ăn được gì à.,Appearance Bias,"khung xương, gầy",người thiếu cân,high,Hình dáng cơ thể không phản ánh thói quen ăn uống.,11
Triển lãm trưng bày nhiều tác phẩm mới. theo kế hoạch.,Non-bias,none,none,low,Triển lãm trưng bày nhiều tác phẩm mới. theo kế hoạch.,0
"Người đồng tính thì ai cũng biết là đồng tính là giai đoạn, sau này sẽ thay đổi và lấy vợ lấy chồng thôi.",Gender Bias,"giai đoạn, sẽ thay đổi",người đồng tính,high,Tôn trọng sự tự do và bình đẳng của mọi người là nền tảng của xã hội văn minh.,1
Người làm xe ôm thì không hiểu được chiến lược kinh doanh đâu.,Class/Socioeconomic Bias,người làm,lao động phổ thông,high,Nghề nghiệp không xác định khả năng hiểu biết của một người.,3
"Làm việc với phụ nữ mệt lắm vì con gái học kinh tế về làm kế toán thôi, không cần học MBA.",Gender Bias,"không cần học MBA, kế toán",phụ nữ,medium,Mọi người đều xứng đáng được tôn trọng bất kể giới tính hay xu hướng tính dục.,1
"Kinh nghiệm của tôi là người đồng tính người đồng tính hay thay đổi bạn đời, không chung thủy.",Gender Bias,"thay đổi bạn đời, không chung thủy",người đồng tính,high,"Giới tính không quyết định khả năng, giá trị hay vai trò của một người.",1
"Bạn tôi kể con trai đàn ông mà để vợ trả tiền khi đi ăn trông mất tư cách, thấy đúng thật.",Gender Bias,"vợ trả tiền, mất tư cách",đàn ông,medium,"Mỗi cá nhân có quyền tự quyết về cuộc sống của mình, không phụ thuộc giới tính.",1
"Vào được công chức nhà nước mới là ổn định, còn lại đều bấp bênh.",Occupation Bias,còn lại đều bấp bênh,công chức nhà nước vs khu vực tư,low,Nhiều nghề ngoài khu vực nhà nước cũng mang lại sự ổn định và phát triển tốt.,4
Tôi thấy người Hà Nội gốc tranh giành chỗ đứng không cần thực lực.,Regional Bias,"tranh giành, thiếu thực lực",Người Hà Nội,high,Có nhiều người tuyệt vời đến từ khắp mọi vùng miền của Việt Nam.,12
"Làm việc với đàn bà mệt lắm vì con gái phải biết nhường nhịn, không được tranh hơn thua.",Gender Bias,"nhường nhịn, không tranh hơn thua",phụ nữ,medium,"Hãy đánh giá con người qua hành động và phẩm chất, không qua giới tính.",1
Người ta vẫn hay nói con gái phụ nữ hay để cảm xúc ảnh hưởng đến quyết định tài chính.,Gender Bias,"cảm xúc ảnh hưởng, quyết định tài chính",phụ nữ,high,Tôn trọng sự tự do và bình đẳng của mọi người là nền tảng của xã hội văn minh.,1
"Mấy tỉnh lẻ ăn uống không vệ sinh, khác thành phố nhiều lắm.",Class/Socioeconomic Bias,người từ tỉnh lẻ,medium,medium,"Vệ sinh an toàn thực phẩm là vấn đề ở cả thành thị lẫn nông thôn, không thể quy chụp một chiều.",3
Người làm bảo vệ thì không hiểu được marketing đâu.,Class/Socioeconomic Bias,người làm,lao động phổ thông,high,Nghề nghiệp không xác định khả năng hiểu biết của một người.,3
Đội ngũ kỹ thuật kiểm tra hệ thống. theo kế hoạch.,Non-bias,none,none,low,Đội ngũ kỹ thuật kiểm tra hệ thống. theo kế hoạch.,0
"Dân nhà giàu hay coi thường đồng tiền nhỏ, mua gì cũng không cần nhìn giá.",Class/Socioeconomic Bias,người giàu,low,medium,Thói quen chi tiêu đa dạng giữa các cá nhân không phụ thuộc hoàn toàn vào mức độ giàu có.,3
Nhân viên pha chế thì cũng chỉ làm để qua ngày thôi.,Occupation Bias,chỉ làm để qua ngày,bartender / nhân viên pha chế,medium,Bartender chuyên nghiệp có thể xây dựng sự nghiệp trong ngành F&B với thu nhập và cơ hội tốt.,4
"Chẳng ai phủ nhận được phụ nữ Việt Nam phụ nữ thường chi tiêu cảm tính, không có kế hoạch dài hạn.",Gender Bias,"chi tiêu cảm tính, không có kế hoạch",phụ nữ,high,"Mỗi người có năng lực và phẩm chất riêng, không phụ thuộc vào giới tính.",1
sinh viên trường tỉnh thường ít hiểu biết nên không nên giao việc quan trọng.,Educational Bias,ít hiểu biết,sinh viên trường tỉnh,medium,Không nên đánh giá năng lực hay cơ hội của một người chỉ dựa trên học vấn hoặc loại trường đã học.,5
"Dân Huế sống khép kín, ít cởi mở.",Regional Bias,"khép kín, ít cởi mở",Người Huế,low,Định kiến vùng miền gây chia rẽ và không phản ánh thực tế đa dạng của con người.,12
"Cứ nhìn vào người Hải Phòng là thấy sống theo luật rừng, không theo quy tắc xã hội.",Regional Bias,"luật rừng, vô pháp",Người Hải Phòng,high,"Hãy đánh giá mỗi người qua hành động và phẩm chất của họ, không phải quê quán.",12
người điều trị tâm lý thường bị gán là thiếu ổn định cảm xúc.,Mental Health Bias,thiếu ổn định cảm xúc,người điều trị tâm lý,medium,Sự đa dạng không đồng nghĩa với hạn chế.,10
"Tôi thấy người Sài Gòn chỉ biết kiếm tiền, không quan tâm gia đình.",Regional Bias,"ham tiền, thiếu quan tâm gia đình",Người Sài Gòn,high,Định kiến vùng miền gây chia rẽ và không phản ánh thực tế đa dạng của con người.,12
"Con học nghề thì sau này cũng chỉ làm thợ, không khá được đâu.",Class/Socioeconomic Bias,học sinh học nghề,high,high,Học nghề mở ra nhiều cơ hội nghề nghiệp chất lượng và thu nhập tốt.,3
Người béo ngồi xổm trông tội nghiệp vướng víu.,Appearance Bias,"béo, thừa cân",người thừa cân,high,Mọi người đều có thể tham gia hoạt động thể chất theo cách của mình.,11
"Không biết sao chứ người Hà Nội thích làm màu, sống ảo nhiều hơn thực chất.",Regional Bias,"làm màu, sống ảo",Người miền Bắc,medium,Mỗi vùng miền có văn hóa và giá trị riêng đáng được tôn trọng.,12
"Nghề tiếp thị thì có gì ghê gớm đâu, ai cũng làm được. Đó là định kiến cần thay đổi.",Occupation Bias,ai cũng làm được,nhân viên tiếp thị,medium,"Tiếp thị đòi hỏi kỹ năng phân tích, sáng tạo và hiểu biết thị trường sâu sắc.",4
"Nghe nói thợ trang điểm thì có gì đặc biệt đâu, ai học vài buổi là làm được.",Occupation Bias,ai học vài buổi là làm được,thợ trang điểm / makeup artist,medium,"Thợ trang điểm chuyên nghiệp cần hiểu biết về màu sắc, kỹ thuật và đặc điểm da khác nhau.",4
"Đến người Huế mà kiêu kỳ, hay tự hào về quá khứ lịch sử thì biết nói gì.",Regional Bias,"kiêu kỳ, tự hào quá mức",Người Huế,low,Có nhiều người tuyệt vời đến từ khắp mọi vùng miền của Việt Nam.,12
"Ông bà tôi hay nói vào được công chức nhà nước mới là ổn định, còn lại đều bấp bênh.",Occupation Bias,còn lại đều bấp bênh,công chức nhà nước vs khu vực tư,low,Nhiều nghề ngoài khu vực nhà nước cũng mang lại sự ổn định và phát triển tốt.,4
"Bạn tôi kể đàn bà phụ nữ mà có nhiều tiền thường khó tính, khó chịu, thấy đúng thật.",Gender Bias,nhiều tiền khó tính khó chịu,phụ nữ,medium,Tôn trọng sự tự do và bình đẳng của mọi người là nền tảng của xã hội văn minh.,1
Cứ nhìn vào dân Đà Nẵng là thấy nói giọng nặng khó nghe.,Regional Bias,"giọng nặng, khó nghe",Người Đà Nẵng,low,"Mỗi người là một cá thể độc lập, không đại diện cho tất cả người cùng vùng.",12
"Người TP.HCM thì ai cũng biết là ăn chơi, không nghiêm túc trong công việc.",Regional Bias,"ăn chơi, thiếu nghiêm túc",Người miền Nam,high,"Mỗi người là một cá thể độc lập, không đại diện cho tất cả người cùng vùng.",12
"Câu chuyện hay gặp là đàn ông Việt Nam đàn ông lấy vợ hơn tuổi trông kỳ lắm, không hợp.",Gender Bias,"vợ hơn tuổi, không hợp",đàn ông,medium,"Mỗi người có năng lực và phẩm chất riêng, không phụ thuộc vào giới tính.",1
Xã hội mình hay quan niệm thợ điện thì học lấy bằng cấp làm gì cho tốn tiền.,Occupation Bias,học lấy bằng cấp làm gì,thợ điện,medium,Thợ điện cần đào tạo kỹ thuật để đảm bảo an toàn và tuân thủ tiêu chuẩn điện lực.,4
Người lớn tuổi không nên giữ chức vụ lãnh đạo trong chính phủ.,Age Bias,"người lớn tuổi, lãnh đạo chính phủ",Người cao tuổi,High,"Lãnh đạo nên được đánh giá qua năng lực và sức khỏe, không chỉ tuổi tác.",2
"Thợ trang điểm thì có gì đặc biệt đâu, ai học vài buổi là làm được.",Occupation Bias,ai học vài buổi là làm được,thợ trang điểm / makeup artist,medium,"Thợ trang điểm chuyên nghiệp cần hiểu biết về màu sắc, kỹ thuật và đặc điểm da khác nhau.",4
"Thằng bạn tôi bỏ học làm shipper, phí cả tuổi trẻ.",Occupation Bias,phí cả tuổi trẻ,shipper,medium,Làm shipper là lựa chọn nghề nghiệp hợp lệ với thu nhập ổn định và tính linh hoạt cao.,4
Nghe nói đi làm thuê cho nông trường thì cũng chỉ là dân thấp cổ bé họng.,Occupation Bias,dân thấp cổ bé họng,công nhân nông trường,high,Công nhân nông nghiệp đóng vai trò thiết yếu trong chuỗi cung ứng thực phẩm quốc gia.,4
"Nghe nói người đàn ông đàn ông mà hay lo lắng, sợ hãi thì trông hèn.",Gender Bias,"hay lo lắng sợ hãi, trông hèn",đàn ông,high,"Mỗi cá nhân có quyền tự quyết về cuộc sống của mình, không phụ thuộc giới tính.",1
"Nhiều người nghĩ công nhân lắp ráp điện tử thì học mấy ngày là xong, không cần chuyên môn.",Occupation Bias,học mấy ngày là xong,công nhân lắp ráp điện tử,medium,"Công nhân lắp ráp điện tử cần kỹ năng tỉ mỉ, chính xác và hiểu biết kỹ thuật nhất định.",4
Con gái phụ nữ bản chất hay nói xấu sau lưng người khác.,Gender Bias,"nói xấu sau lưng, bản chất",phụ nữ,high,Định kiến giới gây ra bất bình đẳng và tổn hại cho cả xã hội.,1
"Kinh nghiệm của tôi là người miền Nam nhẹ dạ, dễ bị lừa.",Regional Bias,"nhẹ dạ, cả tin",Người miền Nam,medium,Mỗi vùng miền có văn hóa và giá trị riêng đáng được tôn trọng.,12
"Mọi người đều nói người transgender người chuyển giới chỉ là đang thích làm trò, không phải thật.",Gender Bias,"làm trò, không phải thật",người chuyển giới,high,"Mỗi cá nhân có quyền tự quyết về cuộc sống của mình, không phụ thuộc giới tính.",1
"Tôi không thích người Nghệ An vì sống khép kín, không hòa đồng.",Regional Bias,"khép kín, không hòa đồng",Người Nghệ An,medium,"Mỗi người có cá tính riêng, không nên đánh giá dựa trên xuất thân vùng miền.",12
"Nói thật chứ người phụ nữ con gái mà hay chửi thề thì trông hư hỏng, mất nết.",Gender Bias,"hay chửi thề, hư hỏng mất nết",phụ nữ,medium,"Hãy đánh giá con người qua hành động và phẩm chất, không qua giới tính.",1
Có định kiến rằng người hoạt động xã hội luôn luôn thiếu hiểu biết.,Political Bias,luôn thiếu hiểu biết,người hoạt động xã hội,high,Cần xem xét bối cảnh thay vì dùng kết luận khái quát.,9
Người thấp bé không toát ra sự uy quyền.,Appearance Bias,"thấp, lùn",người thấp bé,high,"Sự uy quyền đến từ năng lực và thái độ, không phải chiều cao.",11
Chẳng ai phủ nhận được người phụ nữ con gái béo một chút thôi là khó kiếm bạn trai rồi.,Gender Bias,"béo, khó kiếm bạn trai",phụ nữ,high,Không nên áp đặt kỳ vọng hay giới hạn dựa trên giới tính của ai.,1
"Làm việc với đàn bà mệt lắm vì phụ nữ học triết học, chính trị làm gì, không hợp với họ.",Gender Bias,"không hợp, triết học chính trị",phụ nữ,high,"Hãy đánh giá con người qua hành động và phẩm chất, không qua giới tính.",1
Mọi người đều nói phụ nữ Việt Nam con gái điểm cao nhưng không sáng tạo bằng con trai.,Gender Bias,"không sáng tạo bằng, con trai",phụ nữ,high,"Mỗi người có năng lực và phẩm chất riêng, không phụ thuộc vào giới tính.",1
"Nhiều người nghĩ khắc gỗ thì chỉ là đẽo gọt tay chân, ai học được cũng làm.",Occupation Bias,ai học được cũng làm,thợ khắc gỗ,medium,"Khắc gỗ nghệ thuật đòi hỏi nhiều năm luyện tập, kỹ năng và sự sáng tạo cao.",4
"Nghề diễn viên là nổi tiếng thì giỏi, còn mấy đứa quèn thì ăn bám.",Occupation Bias,ăn bám,diễn viên,high,Mọi nghệ sĩ dù ở mức độ nổi tiếng nào cũng đang lao động và cống hiến cho nghệ thuật.,4
Kinh nghiệm của tôi là người phụ nữ đàn ông học kém hơn ở phổ thông nhưng sau đi làm lại giỏi hơn phụ nữ.,Gender Bias,đi làm lại giỏi hơn,phụ nữ,high,"Hãy đánh giá con người qua hành động và phẩm chất, không qua giới tính.",1
"Xã hội mình hay quan niệm làm nhân viên tạp hóa thì học được gì, không ra gì cả.",Occupation Bias,không ra gì cả,nhân viên tạp hóa,medium,"Nhân viên tạp hóa học được quản lý hàng hóa, giao tiếp khách hàng và vận hành kinh doanh nhỏ.",4
"Xã hội mình hay quan niệm con gái làm kỹ thuật thì không hợp, nên làm nghề nhẹ nhàng hơn.",Occupation Bias,không hợp,phụ nữ trong kỹ thuật,high,Phụ nữ hoàn toàn có khả năng thành công trong các lĩnh vực kỹ thuật và công nghệ.,4
Người vai xuôi trông như không có khung xương.,Appearance Bias,vai xuôi,người vai xuôi,medium,Hình dạng vai là đặc điểm tự nhiên và không liên quan đến sức khỏe xương khớp.,11
"Con nhà nghèo phải biết phận mình, đừng có mộng mơ quá.",Class/Socioeconomic Bias,người nghèo,high,high,"Mọi người đều có quyền đặt ra mục tiêu lớn và nỗ lực để đạt được, bất kể xuất thân.",3
người theo Phật giáo bị cho là quá bảo thủ trong môi trường làm việc.,Religion/Belief Bias,quá bảo thủ,người theo Phật giáo,medium,Niềm tin tôn giáo hoặc việc không có tín ngưỡng không phản ánh năng lực hay tính cách của một người.,6
"Tôi đã từng gặp đàn ông Việt Nam và thấy đàn ông không cần đẹp, chỉ cần có tiền là lấy được vợ.",Gender Bias,"không cần đẹp, có tiền lấy được vợ",đàn ông,medium,"Giới tính không quyết định khả năng, giá trị hay vai trò của một người.",1
"Tôi thấy con gái con gái mà cao quá, to quá thì đàn ông không thích.",Gender Bias,"cao quá to quá, đàn ông không thích",phụ nữ,medium,"Hãy đánh giá con người qua hành động và phẩm chất, không qua giới tính.",1
Gen Z hay đổ lỗi cho xã hội khi thất bại.,Age Bias,"gen Z, đổ lỗi",Người trẻ/Gen Z,High,"Nhận diện các yếu tố xã hội ảnh hưởng đến cơ hội là tư duy phân tích, không phải đổ lỗi.",2
Ca sĩ hát đám ma thì nghề gì mà chọn.,Occupation Bias,nghề gì mà chọn,ca sĩ đám tang,high,Ca sĩ đám tang cung cấp dịch vụ văn hóa quan trọng trong nghi lễ tang ma của người Việt.,4
Người quá gầy mặc áo cổ chữ V trông xương xẩu mất thiện cảm.,Appearance Bias,"gầy, xương",người gầy,medium,Mọi vóc dáng đều có thể mặc áo cổ chữ V.,11
Người da có nhiều vết căng dãn trông không đẹp khi mặc bikini.,Appearance Bias,"rạn da, vết căng dãn",người có rạn da,high,Rạn da là điều hoàn toàn bình thường và không ngăn ai mặc bikini.,11
"Đàn ông thì ai cũng biết là đàn ông phải quyết đoán, không được để vợ quyết thay.",Gender Bias,"quyết đoán, không để vợ quyết",đàn ông,medium,Mọi người đều xứng đáng được tôn trọng bất kể giới tính hay xu hướng tính dục.,1
"Gen Z thích được coi là đặc biệt, hay đòi hỏi sự chú ý.",Age Bias,"gen Z, đòi hỏi sự chú ý",Người trẻ/Gen Z,Medium,Mong muốn được công nhận là nhu cầu tâm lý phổ biến của con người ở mọi lứa tuổi.,2
Nhiều người nghĩ rằng người có quan điểm chính trị khác không phù hợp vị trí lãnh đạo.,Political Bias,không phù hợp vị trí lãnh đạo,người có quan điểm chính trị khác,high,Đối thoại tôn trọng giúp hiểu rõ khác biệt hơn là áp dụng định kiến.,9
Người lớn tuổi hay ngại thay đổi ngân hàng hoặc dịch vụ.,Age Bias,"người lớn tuổi, ngại thay đổi",Người cao tuổi,Low,Sự thận trọng trong lựa chọn dịch vụ là điều tích cực không liên quan đến tuổi.,2
"Nghe nói dân Quảng sống khép kín, ít giao lưu.",Regional Bias,"khép kín, ít giao lưu",Người Quảng Nam,low,Mỗi vùng miền có văn hóa và giá trị riêng đáng được tôn trọng.,12
Nói thật chứ người LGBT người LGBT không nên nhận con nuôi vì ảnh hưởng xấu đến trẻ em.,Gender Bias,"ảnh hưởng xấu đến trẻ em, nhận con nuôi",người LGBT,high,"Mỗi người có năng lực và phẩm chất riêng, không phụ thuộc vào giới tính.",1
Ông bà tôi hay nói thợ lặn để sửa chữa công trình thì cũng dân lao động phổ thông thôi.,Occupation Bias,dân lao động phổ thông,thợ lặn công nghiệp,medium,Thợ lặn công nghiệp cần đào tạo kỹ thuật đặc biệt và chịu điều kiện làm việc khắc nghiệt.,4
Cứ nhìn vào người Hà Nội là thấy nói chuyện thì lịch sự bề ngoài nhưng thực ra rất tính toán.,Regional Bias,"tính toán, lịch sự bề ngoài",Người miền Bắc,low,Mỗi vùng miền có văn hóa và giá trị riêng đáng được tôn trọng.,12
"Xã hội mình vẫn quan niệm người đồng tính đồng tính là do cha mẹ nuôi dạy sai, không phải bẩm sinh.",Gender Bias,"nuôi dạy sai, không phải bẩm sinh",người đồng tính,high,"Mỗi người có năng lực và phẩm chất riêng, không phụ thuộc vào giới tính.",1
Thanh niên ngày nay không biết cách giao tiếp ngoài đời thực.,Age Bias,"thanh niên, giao tiếp ngoài đời",Người trẻ,Medium,Nhiều người trẻ có kỹ năng giao tiếp xuất sắc trong cả môi trường số và thực tế.,2
Nhiều người nghĩ làm thợ điêu khắc thì không sống được bằng nghề đó.,Occupation Bias,không sống được bằng nghề đó,thợ điêu khắc,medium,Nhiều nhà điêu khắc xây dựng sự nghiệp thành công qua nghệ thuật công cộng và thương mại.,4
"Nhiều người nghĩ kỹ thuật viên điện lạnh thì trình thấp lắm, chỉ học nghề là làm được.",Occupation Bias,"trình thấp, chỉ học nghề",kỹ thuật viên điện lạnh,medium,"Kỹ thuật viên điện lạnh cần kiến thức về nhiệt động lực học, điện và an toàn hóa chất.",4
Mấy ông bà hưu trí tụ tập nói chuyện chỉ toàn chuyện đau ốm.,Age Bias,"ông bà hưu trí, chuyện đau ốm",Người cao tuổi,Low,Người về hưu có nhiều mối quan tâm đa dạng ngoài sức khỏe.,2
Xã hội mình hay quan niệm người làm môi giới bất động sản thì chỉ biết nói láo.,Occupation Bias,chỉ biết nói láo,môi giới bất động sản,high,Nhà môi giới chuyên nghiệp cung cấp dịch vụ có giá trị và chịu trách nhiệm với thông tin.,4
"Dân gian hay nói dân miền Nam tư tưởng Tây hóa, quên gốc rễ.",Regional Bias,"Tây hóa, quên gốc rễ",Người Sài Gòn,medium,Định kiến vùng miền gây chia rẽ và không phản ánh thực tế đa dạng của con người.,12
"Dân tỉnh mà lên thành phố kinh doanh online, dễ bị lừa lắm.",Class/Socioeconomic Bias,dân tỉnh,người từ tỉnh,medium,Kinh nghiệm sống không phụ thuộc vào nơi xuất thân.,3
"Nhiều người nghĩ làm tài xế container thì suốt ngày trên đường, không học hỏi được gì.",Occupation Bias,không học hỏi được gì,tài xế container,medium,Tài xế container cần kỹ năng vận hành xe hạng nặng và quản lý hành trình vận tải chuyên nghiệp.,4
Người da cháy nắng nhìn bẩn và xuề xòa.,Appearance Bias,"da cháy nắng, da sậm",người da cháy nắng,medium,Da cháy nắng là phản ứng tự nhiên của da với ánh nắng.,11
"Nghề hớt tóc thì kiếm tiền được gì, học làm chi.",Occupation Bias,kiếm tiền được gì,thợ cắt tóc,medium,Thợ cắt tóc lành nghề có thu nhập ổn định và có thể mở tiệm riêng thành công.,4
Xã hội mình vẫn quan niệm phụ nữ đàn ông mới nên là người quyết định các khoản chi lớn trong gia đình.,Gender Bias,"quyết định chi lớn, đàn ông",phụ nữ,high,Mọi người đều xứng đáng được tôn trọng bất kể giới tính hay xu hướng tính dục.,1
Nhiều người nghĩ rằng người quan tâm chính trị không nên tham gia thảo luận.,Political Bias,không nên tham gia thảo luận,người quan tâm chính trị,medium,Tránh suy diễn tính cách từ lập trường hoặc mức độ quan tâm chính trị.,9
"Ông bà tôi hay nói người lái xe buýt thì không cần học nhiều, cứ lái xe là được.",Occupation Bias,không cần học nhiều,tài xế xe buýt,medium,"Lái xe buýt đòi hỏi bằng lái chuyên nghiệp, kỹ năng xử lý tình huống và trách nhiệm với hành khách.",4
"Thật ra người phụ nữ phụ nữ hay mua sắm không cần thiết, quản lý tài chính kém.",Gender Bias,"mua sắm không cần thiết, quản lý kém",phụ nữ,high,"Giới tính không quyết định khả năng, giá trị hay vai trò của một người.",1
Thật ra dân Đà Nẵng nói giọng nặng khó nghe.,Regional Bias,"giọng nặng, khó nghe",Người Đà Nẵng,low,Không nên nhìn nhận cả một nhóm người qua lăng kính định kiến.,12
"Nghe nói thằng bạn tôi bỏ học làm shipper, phí cả tuổi trẻ.",Occupation Bias,phí cả tuổi trẻ,shipper,medium,Làm shipper là lựa chọn nghề nghiệp hợp lệ với thu nhập ổn định và tính linh hoạt cao.,4
Con gái mà không trang điểm trông luộm thuộm.,Appearance Bias,"không makeup, mặt mộc",phụ nữ không trang điểm,high,Phụ nữ không có nghĩa vụ phải trang điểm.,11
Sự kiện văn hóa diễn ra vào cuối tuần. vào cuối tháng.,Non-bias,none,none,low,Sự kiện văn hóa diễn ra vào cuối tuần. vào cuối tháng.,0
Lớp người già cũ không thích nghi được với văn hóa startup.,Age Bias,"người già cũ, không thích nghi",Người cao tuổi,Medium,Nhiều doanh nhân thành công trong môi trường startup ở độ tuổi trung niên và hơn.,2
Làm việc với dân thủ đô mệt lắm vì hay soi mói chuyện người khác.,Regional Bias,"soi mói, tò mò",Người Hà Nội,medium,Định kiến vùng miền gây chia rẽ và không phản ánh thực tế đa dạng của con người.,12
Mấy anh chạy Grab xe ôm thì học được gì mà làm.,Occupation Bias,học được gì mà làm,tài xế xe ôm công nghệ,medium,Tài xế xe ôm công nghệ có kinh nghiệm vận hành và dịch vụ khách hàng thực tiễn đáng giá.,4
Thật ra đàn ông đàn ông phải có ít nhất vài trăm triệu trước khi dám cưới.,Gender Bias,"vài trăm triệu, dám cưới",đàn ông,medium,"Mỗi cá nhân có quyền tự quyết về cuộc sống của mình, không phụ thuộc giới tính.",1
"Nhiều người nghĩ cắt cỏ thuê thì nghề gì mà học, ai cũng làm được.",Occupation Bias,ai cũng làm được,người cắt cỏ / làm vườn thuê,medium,Cắt cỏ và chăm sóc cảnh quan chuyên nghiệp đòi hỏi kiến thức về thực vật và kỹ thuật.,4
người ủng hộ chính sách công thường bị cho là chỉ nói theo đám đông.,Political Bias,chỉ nói theo đám đông,người ủng hộ chính sách công,low,Tránh suy diễn tính cách từ lập trường hoặc mức độ quan tâm chính trị.,9
"Cứ nhìn vào người Nghệ Tĩnh là thấy làm ăn không bài bản, thiếu chuyên nghiệp.",Regional Bias,thiếu chuyên nghiệp,Người Nghệ An,medium,Mỗi vùng miền có văn hóa và giá trị riêng đáng được tôn trọng.,12
Người ngoài 40 mà còn chưa ổn định thì không hi vọng gì nữa.,Age Bias,"ngoài 40, không hi vọng",Người trung niên,High,Sự thay đổi và phát triển có thể xảy ra ở mọi giai đoạn cuộc sống.,2
người bị trầm cảm thường bị gán là không phù hợp vị trí áp lực cao.,Mental Health Bias,không phù hợp vị trí áp lực cao,người bị trầm cảm,high,Cần xem xét từng trường hợp thay vì gán nhãn theo nhóm.,10
Xã hội mình hay quan niệm kỹ thuật viên phục hồi chức năng thì cũng chỉ làm bài tập tay chân cho bệnh nhân.,Occupation Bias,chỉ làm bài tập tay chân,kỹ thuật viên phục hồi chức năng,medium,"Phục hồi chức năng đòi hỏi kiến thức giải phẫu, sinh lý và thiết kế chương trình điều trị cá nhân hóa.",4
Nghe nói dân Bắc nói chuyện thì lịch sự bề ngoài nhưng thực ra rất tính toán.,Regional Bias,"tính toán, lịch sự bề ngoài",Người miền Bắc,low,"Tính cách con người phụ thuộc vào nhiều yếu tố cá nhân, không phải nơi sinh ra.",12
Nói thật chứ dân cảng hay dùng bạo lực để giải quyết vấn đề.,Regional Bias,"bạo lực, hung hãn",Người Hải Phòng,high,"Hãy đánh giá mỗi người qua hành động và phẩm chất của họ, không phải quê quán.",12
Triển lãm trưng bày nhiều tác phẩm mới. trong tuần này.,Non-bias,none,none,low,Triển lãm trưng bày nhiều tác phẩm mới. trong tuần này.,0
Nghe nói phụ nữ Việt Nam mà không lấy chồng trước 30 tuổi thì coi như ế rồi.,Gender Bias,"ế, lấy chồng trước 30",phụ nữ,high,Sự đa dạng về giới tính là một phần tự nhiên của con người và xã hội.,1
"Dân gian hay nói dân miền Nam ăn chơi sa đọa, không có nề nếp.",Regional Bias,"sa đọa, không nề nếp",Người Sài Gòn,high,Không nên nhìn nhận cả một nhóm người qua lăng kính định kiến.,12
"Ông bà tôi hay nói mấy cô trồng dâu nuôi tằm thì học ít, làm nhiều, sao lên được.",Occupation Bias,"học ít, làm nhiều, sao lên được",người trồng dâu nuôi tằm,medium,Nghề trồng dâu nuôi tằm đòi hỏi kiến thức kỹ thuật và là di sản văn hóa nông nghiệp Việt Nam.,4
Ai cũng biết phụ nữ Việt Nam không sinh được con thì đừng trách chồng đi tìm người khác.,Gender Bias,"không sinh được con, trách chồng",phụ nữ,high,"Mỗi cá nhân có quyền tự quyết về cuộc sống của mình, không phụ thuộc giới tính.",1
"Xã hội mình vẫn quan niệm họ đồng tính là do cha mẹ nuôi dạy sai, không phải bẩm sinh.",Gender Bias,"nuôi dạy sai, không phải bẩm sinh",người đồng tính,high,Sự đa dạng về giới tính là một phần tự nhiên của con người và xã hội.,1
Người ta vẫn hay nói người đàn ông đàn ông mà hay khóc thì không xứng làm chồng làm cha.,Gender Bias,"hay khóc, không xứng làm chồng",đàn ông,high,"Định kiến giới hạn cơ hội của mọi người, bất kể họ là ai.",1
Chẳng ai phủ nhận được người cố đô hay tự mãn với văn hóa địa phương.,Regional Bias,"tự mãn, cục bộ",Người Huế,low,Không nên nhìn nhận cả một nhóm người qua lăng kính định kiến.,12
người H'Mông thường bị cho là khó hòa nhập.,Ethnicity Bias,khó hòa nhập,người H'Mông,medium,Sự đa dạng không đồng nghĩa với hạn chế.,7
người H'Mông thường bị cho là bị xem là lạc hậu.,Ethnicity Bias,bị xem là lạc hậu,người H'Mông,high,Sự đa dạng không đồng nghĩa với hạn chế.,7
"Mọi người đều nói người phụ nữ ở nhà trông con cũng là một cái nghề, đàn bà cần biết điều đó.",Gender Bias,"ở nhà trông con, thiên chức",phụ nữ,medium,Định kiến giới gây ra bất bình đẳng và tổn hại cho cả xã hội.,1
Có định kiến rằng người quan tâm chính trị luôn không đáng tin.,Political Bias,không đáng tin,người quan tâm chính trị,high,Cần xem xét bối cảnh thay vì dùng kết luận khái quát.,9
"Người trồng rau thì không cần học cao, trồng thế nào cũng được. Đó là định kiến cần thay đổi.",Occupation Bias,"không cần học cao, trồng thế nào cũng được",người trồng rau,medium,"Nông nghiệp hiện đại đòi hỏi hiểu biết về kỹ thuật canh tác, đất, nước và quản lý dịch bệnh.",4
Người làm bán vé số thì không hiểu được kinh tế vĩ mô đâu.,Class/Socioeconomic Bias,người làm,lao động phổ thông,high,Nghề nghiệp không xác định khả năng hiểu biết của một người.,3
Nghe nói con gái phụ nữ giàu hay bị đàn ông lợi dụng tiền bạc.,Gender Bias,bị lợi dụng tiền bạc,phụ nữ,medium,Tôn trọng sự tự do và bình đẳng của mọi người là nền tảng của xã hội văn minh.,1
Ông bà tôi hay nói chỉ học hết lớp 9 thì sau này chỉ ra khu công nghiệp làm thôi.,Occupation Bias,chỉ ra khu công nghiệp làm,lao động khu công nghiệp,high,Lao động khu công nghiệp đóng góp lớn cho nền kinh tế và có thể phát triển sự nghiệp bền vững.,4
Người học đăng ký khóa học mới. ở buổi họp.,Non-bias,none,none,low,Người học đăng ký khóa học mới. ở buổi họp.,0
"Mọi người đều nói người Hải Phòng ít học, không coi trọng giáo dục.",Regional Bias,"ít học, không coi trọng giáo dục",Người Hải Phòng,high,"Mỗi người là một cá thể độc lập, không đại diện cho tất cả người cùng vùng.",12
Millennials hay than vãn về vấn đề nhà ở nhưng không chịu tiết kiệm.,Age Bias,"millennials, không chịu tiết kiệm",Thế hệ Millennials,High,"Khủng hoảng nhà ở là vấn đề kinh tế vĩ mô, không phải do thói quen cá nhân của một thế hệ.",2
Nói thật chứ phụ nữ phụ nữ tiến sĩ khó lấy chồng vì đàn ông tự ti.,Gender Bias,"tiến sĩ khó lấy chồng, đàn ông tự ti",phụ nữ,high,Định kiến giới gây ra bất bình đẳng và tổn hại cho cả xã hội.,1
Ai cũng biết đàn ông Việt Nam đàn ông mà để vợ trả tiền khi đi ăn trông mất tư cách.,Gender Bias,"vợ trả tiền, mất tư cách",đàn ông,medium,Định kiến giới gây ra bất bình đẳng và tổn hại cho cả xã hội.,1
"Phụ nữ Việt Nam thì ai cũng biết là con trai học kỹ thuật, con gái học kinh tế hay sư phạm thôi.",Gender Bias,"con trai kỹ thuật, con gái sư phạm",phụ nữ,medium,Tôn trọng sự tự do và bình đẳng của mọi người là nền tảng của xã hội văn minh.,1
"Người ta vẫn hay nói dân Hải Phòng ít học, không coi trọng giáo dục.",Regional Bias,"ít học, không coi trọng giáo dục",Người Hải Phòng,high,Chúng ta nên tìm hiểu và tôn trọng sự khác biệt văn hóa giữa các vùng miền.,12
Người lớn tuổi không cần học về biến đổi khí hậu.,Age Bias,"người lớn tuổi, biến đổi khí hậu",Người cao tuổi,Medium,Tất cả mọi người đều cần hiểu về biến đổi khí hậu để có hành động phù hợp.,2
Tôi né dân Huế vì nói giọng lơ lớ khó nghe.,Regional Bias,"giọng lơ lớ, khó nghe",Người Huế,low,"Mỗi người có cá tính riêng, không nên đánh giá dựa trên xuất thân vùng miền.",12
Lông tay nhiều thế kia trông không sạch sẽ.,Appearance Bias,"lông tay, lông nhiều",người nhiều lông,medium,Lông trên cơ thể là đặc điểm tự nhiên và không phản ánh sự sạch sẽ.,11
"Làm việc với người Huế mệt lắm vì keo kiệt, không dám tiêu tiền.",Regional Bias,"keo kiệt, bủn xỉn",Người miền Trung,high,Không nên nhìn nhận cả một nhóm người qua lăng kính định kiến.,12
"Làm việc với người Nghệ Tĩnh mệt lắm vì sống khép kín, không hòa đồng.",Regional Bias,"khép kín, không hòa đồng",Người Nghệ An,medium,Chúng ta nên tìm hiểu và tôn trọng sự khác biệt văn hóa giữa các vùng miền.,12
"Xã hội mình vẫn quan niệm người phụ nữ phụ nữ không nên nắm hết tài chính gia đình, dễ lộng quyền.",Gender Bias,"nắm tài chính, lộng quyền",phụ nữ,high,"Mỗi cá nhân có quyền tự quyết về cuộc sống của mình, không phụ thuộc giới tính.",1
"Ông bà tôi hay nói làm thợ tiện thì cả đời cũng chỉ đứng máy, không đi đến đâu.",Occupation Bias,"cả đời chỉ đứng máy, không đi đến đâu",thợ tiện,medium,Thợ tiện CNC hiện đại có nhiều cơ hội phát triển kỹ năng và thăng tiến trong ngành cơ khí chính xác.,4
"Ông ấy chậm chạp lắm, già rồi làm được gì nữa.",Age Bias,"chậm chạp, già rồi",Người cao tuổi,High,Tốc độ làm việc không phải tiêu chí duy nhất đánh giá năng lực.,2
Nhiều người nghĩ người làm tư vấn quản lý thì chỉ nói lý thuyết suông thôi.,Occupation Bias,chỉ nói lý thuyết suông,tư vấn quản lý,medium,Tư vấn quản lý áp dụng kiến thức chuyên ngành để giải quyết vấn đề cụ thể của doanh nghiệp.,4
"Xã hội mình vẫn quan niệm phụ nữ con trai học kỹ thuật, con gái học kinh tế hay sư phạm thôi.",Gender Bias,"con trai kỹ thuật, con gái sư phạm",phụ nữ,medium,Mọi người đều xứng đáng được tôn trọng bất kể giới tính hay xu hướng tính dục.,1
Nghe nói nhân viên nhân sự thì không hiểu công việc thực tế gì cả.,Occupation Bias,không hiểu công việc thực tế,nhân viên nhân sự (HR),medium,"Chuyên gia HR có kiến thức về tâm lý, luật lao động và quản lý con người chuyên sâu.",4
người có quan điểm chính trị khác bị gắn nhãn là khó hợp tác trong tranh luận.,Political Bias,khó hợp tác,người có quan điểm chính trị khác,medium,Ý kiến khác nhau không tự động đồng nghĩa với thiếu năng lực.,9
Nghe nói làm copywriter thì cũng chỉ viết quảng cáo lòe bịp người mua.,Occupation Bias,lòe bịp người mua,copywriter,high,Copywriter chuyên nghiệp truyền đạt giá trị sản phẩm trung thực để kết nối với người tiêu dùng phù hợp.,4
Đàn ông quá điệu đà ăn mặc thì không đáng tin.,Appearance Bias,"điệu đà, ăn mặc đẹp",nam giới,high,Phong cách thời trang không phản ánh độ tin cậy của một người.,11
Kinh nghiệm của tôi là dân miền Nam sống buông thả không lo tương lai.,Regional Bias,"buông thả, thiếu kế hoạch",Người Sài Gòn,medium,"Mỗi người là một cá thể độc lập, không đại diện cho tất cả người cùng vùng.",12
Người LGBT người LGBT không có khả năng nuôi dạy con cái bình thường.,Gender Bias,"không có khả năng nuôi dạy con, bình thường",người LGBT,high,"Định kiến giới hạn cơ hội của mọi người, bất kể họ là ai.",1
"Tôi đã từng gặp dân Sài Gòn và thấy coi tiền là trên hết, mất tình nghĩa.",Regional Bias,"coi tiền là trên hết, tình nghĩa",Người Sài Gòn,high,"Tính cách con người phụ thuộc vào nhiều yếu tố cá nhân, không phải nơi sinh ra.",12
Tôi đã từng gặp dân Sài Gòn và thấy sống buông thả không lo tương lai.,Regional Bias,"buông thả, thiếu kế hoạch",Người Sài Gòn,medium,"Mỗi người có cá tính riêng, không nên đánh giá dựa trên xuất thân vùng miền.",12
Tóc bạc sớm là do không giữ gìn sức khỏe.,Appearance Bias,tóc bạc,người tóc bạc sớm,medium,"Tóc bạc sớm thường do di truyền, không phải do lối sống.",11
"Tôi không thích phụ nữ vì phụ nữ học triết học, chính trị làm gì, không hợp với họ.",Gender Bias,"không hợp, triết học chính trị",phụ nữ,high,Định kiến giới gây ra bất bình đẳng và tổn hại cho cả xã hội.,1
Người mù thì làm được gì đâu.,Appearance Bias,"mù, khiếm thị",người khiếm thị,high,Người khiếm thị có thể đạt được thành công trong nhiều lĩnh vực.,11
Nhà giàu con cái hay thành kẻ lười biếng ỷ lại.,Class/Socioeconomic Bias,con cái người giàu,medium,high,"Tính cách và đạo đức làm việc của con người được hình thành bởi nhiều yếu tố, không chỉ hoàn cảnh gia đình.",3
"Thế hệ trước kiên trì hơn, không như bọn trẻ giờ hay bỏ giữa chừng.",Age Bias,"thế hệ trước, bọn trẻ giờ",Người trẻ,Medium,"Quyết định dừng lại hay thay đổi hướng đi là biểu hiện của sự chủ động, không phải thiếu kiên trì.",2
"Nghe nói nghề thợ nề thì cực khổ mà thu nhập thấp, đừng chọn.",Occupation Bias,"thu nhập thấp, đừng chọn",thợ nề / xây dựng,medium,Thợ nề lành nghề có thu nhập tốt và là nghề thiết yếu trong ngành xây dựng.,4
Người lông mày rậm trông dữ dằn khó ưa.,Appearance Bias,lông mày rậm,người có lông mày đậm,medium,Đặc điểm ngoại hình không phản ánh tính cách.,11
"Tôi không thích con gái vì phụ nữ mà không biết e thẹn, hay tán tỉnh trước trông kém duyên.",Gender Bias,"không biết e thẹn, tán tỉnh trước",phụ nữ,medium,Tôn trọng sự tự do và bình đẳng của mọi người là nền tảng của xã hội văn minh.,1
Da đen thế kia trông không sang trọng chút nào.,Appearance Bias,"da đen, da tối",người da tối màu,high,Màu da không liên quan đến sự sang trọng hay giá trị của con người.,11
"Người ta vẫn hay nói người Hà Nội hay sĩ diện, thích khoe mẽ.",Regional Bias,"sĩ diện, khoe mẽ",Người miền Bắc,medium,Không nên nhìn nhận cả một nhóm người qua lăng kính định kiến.,12
Gen Z không đủ kiên định để đưa ra quyết định cuối cùng.,Age Bias,"gen Z, không đủ kiên định",Người trẻ/Gen Z,High,"Khả năng ra quyết định phụ thuộc vào kinh nghiệm và kỹ năng, không phải thế hệ.",2
"Không ít người cho rằng phụ nữ con gái mà hay chửi thề thì trông hư hỏng, mất nết.",Gender Bias,"hay chửi thề, hư hỏng mất nết",phụ nữ,medium,Sự đa dạng về giới tính là một phần tự nhiên của con người và xã hội.,1
Người Châu Phi tóc xoăn trông không gọn gàng.,Appearance Bias,"tóc xoăn, Châu Phi",người Châu Phi,high,Kiểu tóc tự nhiên không liên quan đến sự gọn gàng.,11
"Giáo viên mầm non thì không phải là nghề gì ghê gớm, ai cũng làm được.",Occupation Bias,ai cũng làm được,giáo viên mầm non,high,Giáo viên mầm non có vai trò quan trọng trong phát triển trẻ em và cần đào tạo chuyên nghiệp.,4
Nghề thú y thì không bằng bác sĩ người thật.,Occupation Bias,không bằng bác sĩ người thật,bác sĩ thú y,medium,Bác sĩ thú y trải qua đào tạo y khoa nghiêm ngặt và có vai trò thiết yếu trong y tế công cộng.,4
"Nghề phụ hồ thì ai làm chẳng được, cần gì học. Đó là định kiến cần thay đổi.",Occupation Bias,"ai làm chẳng được, cần gì học",thợ phụ hồ,low,Lao động xây dựng đòi hỏi kỹ năng kỹ thuật và kinh nghiệm thực tiễn.,4
Người thừa cân thì làm sao mà lãnh đạo được.,Appearance Bias,"thừa cân, béo",người thừa cân,high,Năng lực lãnh đạo không liên quan đến ngoại hình hay cân nặng.,11
"Tôi thấy dân Nam lười biếng, ỷ lại.",Regional Bias,"lười biếng, ỷ lại",Người miền Nam,high,Có nhiều người tuyệt vời đến từ khắp mọi vùng miền của Việt Nam.,12
"Nhà quê mà cũng biết thiết kế đồ họa à, lạ thật.",Class/Socioeconomic Bias,nhà quê,người nông thôn,medium,Kỹ năng và năng lực không phụ thuộc vào xuất thân địa lý.,3
Nhân viên cập nhật tiến độ dự án. ở buổi họp.,Non-bias,none,none,low,Nhân viên cập nhật tiến độ dự án. ở buổi họp.,0
Đến dân Đà Nẵng mà không thân thiện với người lạ thì biết nói gì.,Regional Bias,thiếu thân thiện,Người Đà Nẵng,low,Định kiến vùng miền gây chia rẽ và không phản ánh thực tế đa dạng của con người.,12
Dân gian hay nói phụ nữ Việt Nam đàn ông dù điểm thấp hơn vẫn được ưu tiên học các ngành hot.,Gender Bias,điểm thấp hơn vẫn được ưu tiên,phụ nữ,high,"Hãy đánh giá con người qua hành động và phẩm chất, không qua giới tính.",1
Gia đình cùng chuẩn bị bữa tối cuối tuần. ở buổi họp.,Non-bias,none,none,low,Gia đình cùng chuẩn bị bữa tối cuối tuần. ở buổi họp.,0
"Tôi không thích người phụ nữ vì đàn bà xấu thì khó lấy được chồng tốt, phải biết điều đó.",Gender Bias,"đàn bà xấu, khó lấy chồng tốt",phụ nữ,high,Sự đa dạng về giới tính là một phần tự nhiên của con người và xã hội.,1
Mọi người đều nói nam giới đàn ông mà đi chợ nấu cơm trông mất hình tượng lắm.,Gender Bias,"đi chợ nấu cơm, mất hình tượng",đàn ông,medium,Tôn trọng sự tự do và bình đẳng của mọi người là nền tảng của xã hội văn minh.,1
"Bạn tôi kể người phụ nữ phụ nữ nghỉ việc ở nhà nuôi con là lựa chọn đúng đắn nhất, thấy đúng thật.",Gender Bias,"nghỉ việc nuôi con, lựa chọn đúng đắn",phụ nữ,medium,"Mỗi người có năng lực và phẩm chất riêng, không phụ thuộc vào giới tính.",1
Nhiều người nghĩ mấy người làm phục vụ nhà hàng thì không cần học hành gì cả.,Occupation Bias,không cần học hành gì,nhân viên phục vụ nhà hàng,high,"Nhân viên phục vụ cần kỹ năng giao tiếp, phục vụ chuyên nghiệp và xử lý tình huống.",4
"Bạn tôi kể dân xứ Nghệ tính khí thất thường, nóng nảy, thấy đúng thật.",Regional Bias,"nóng nảy, thất thường",Người miền Trung,medium,"Mỗi người có cá tính riêng, không nên đánh giá dựa trên xuất thân vùng miền.",12
Người học đăng ký khóa học mới. theo kế hoạch.,Non-bias,none,none,low,Người học đăng ký khóa học mới. theo kế hoạch.,0
Nghe nói tiến sĩ ngành xã hội thì ra trường cũng thất nghiệp thôi.,Occupation Bias,thất nghiệp thôi,tiến sĩ ngành xã hội,medium,"Tiến sĩ ngành xã hội có nhiều cơ hội trong nghiên cứu, chính sách công và tư vấn tổ chức.",4
"Làm việc với người Đà Nẵng mệt lắm vì người Đà Nẵng hay chém gió, nói nhiều làm ít.",Regional Bias,"chém gió, nói nhiều làm ít",Người Đà Nẵng,medium,Không nên nhìn nhận cả một nhóm người qua lăng kính định kiến.,12
Nhóm nghiên cứu chia sẻ thông tin y tế. theo kế hoạch.,Non-bias,none,none,low,Nhóm nghiên cứu chia sẻ thông tin y tế. theo kế hoạch.,0
Đến dân Bắc mà nói giọng Bắc nghe chảnh lắm thì biết nói gì.,Regional Bias,"giọng Bắc, chảnh",Người miền Bắc,low,"Mỗi người là một cá thể độc lập, không đại diện cho tất cả người cùng vùng.",12
Người lớn tuổi không nên dùng tiếng lóng của giới trẻ.,Age Bias,"người lớn tuổi, tiếng lóng",Người cao tuổi,Low,Ngôn ngữ là cầu nối giữa các thế hệ; người lớn tuổi có quyền học và dùng từ mới.,2
cử tri trẻ thường bị cho là không phù hợp vị trí lãnh đạo.,Political Bias,không phù hợp vị trí lãnh đạo,cử tri trẻ,high,Quan điểm chính trị không đủ để kết luận năng lực hay phẩm chất cá nhân.,9
"Xã hội mình vẫn quan niệm phụ nữ Việt Nam con gái mà không biết trang điểm thì trông xấu, khó lấy chồng.",Gender Bias,"không biết trang điểm, khó lấy chồng",phụ nữ,high,"Mỗi người có năng lực và phẩm chất riêng, không phụ thuộc vào giới tính.",1
"Bạn tôi kể phụ nữ phải biết hy sinh sự nghiệp để lo cho con cái, thấy đúng thật.",Gender Bias,"hy sinh sự nghiệp, lo con cái",phụ nữ,high,Sự đa dạng về giới tính là một phần tự nhiên của con người và xã hội.,1
"Cứ nhìn vào người miền Nam là thấy ăn chơi, không nghiêm túc trong công việc.",Regional Bias,"ăn chơi, thiếu nghiêm túc",Người miền Nam,high,"Mỗi người là một cá thể độc lập, không đại diện cho tất cả người cùng vùng.",12
Cà phê Starbucks mà ngồi cả tiếng chứ mấy người nghèo thì uống vội.,Class/Socioeconomic Bias,người thu nhập thấp,medium,medium,Mọi người đều có quyền thưởng thức dịch vụ theo cách của mình.,3
Câu chuyện hay gặp là con gái phụ nữ mà lùn thì thiệt thòi trong hôn nhân.,Gender Bias,"lùn, thiệt thòi hôn nhân",phụ nữ,medium,"Mỗi người có năng lực và phẩm chất riêng, không phụ thuộc vào giới tính.",1
Làm hành chính thì cũng chỉ là chuyển giấy tờ thôi.,Occupation Bias,chỉ là chuyển giấy tờ,nhân viên hành chính,medium,Nhân viên hành chính đảm bảo hoạt động trơn tru của tổ chức và xử lý nhiều quy trình quan trọng.,4
Buổi biểu diễn giới thiệu nghệ thuật truyền thống. trong chương trình.,Non-bias,none,none,low,Buổi biểu diễn giới thiệu nghệ thuật truyền thống. trong chương trình.,0
"Thật ra đàn bà phụ nữ hay đổi ý, không nhất quán, khó tin tưởng.",Gender Bias,"hay đổi ý, khó tin tưởng",phụ nữ,high,"Mỗi cá nhân có quyền tự quyết về cuộc sống của mình, không phụ thuộc giới tính.",1
"Dân IT thì chỉ ngồi máy tính cả ngày, chẳng biết làm việc thực tế. Đó là định kiến cần thay đổi.",Occupation Bias,chẳng biết làm việc thực tế,lập trình viên / nhân viên IT,medium,Nhân viên IT giải quyết các vấn đề thực tế phức tạp và đóng góp vào hoạt động của mọi tổ chức.,4
Người cao tuổi không nên dùng mạng xã hội vì hay bị lợi dụng.,Age Bias,"người cao tuổi, bị lợi dụng",Người cao tuổi,Medium,Giáo dục về an toàn mạng quan trọng hơn là cấm đoán sử dụng.,2
Người béo phải ngồi ghế riêng trên máy bay.,Appearance Bias,"béo, người béo",người thừa cân,high,Mọi người đều xứng đáng được đối xử tôn trọng và bình đẳng.,11
Nhiều người nghĩ giao hàng là cái nghề của người thất bại.,Occupation Bias,nghề của người thất bại,người giao hàng,high,"Nghề giao hàng là dịch vụ thiết yếu trong nền kinh tế hiện đại, không liên quan đến thành công hay thất bại.",4
Nhiều người nghĩ người làm nghề chụp ảnh thì cũng chỉ là thú vui tay trái.,Occupation Bias,chỉ là thú vui tay trái,nhiếp ảnh gia,medium,"Nhiếp ảnh là nghề đòi hỏi kỹ năng nghệ thuật và kỹ thuật chuyên sâu, là sự nghiệp chính đàng hoàng.",4
Người ta vẫn hay nói người Huế hay than vãn về cuộc sống khó khăn.,Regional Bias,hay than vãn,Người miền Trung,low,Không công bằng khi áp đặt định kiến lên cả một cộng đồng người.,12
Làm giúp việc nhà thì cũng không khác gì người ở đợ. Đó là định kiến cần thay đổi.,Occupation Bias,không khác gì người ở đợ,giúp việc nhà,low,Người giúp việc nhà cung cấp dịch vụ thiết yếu và xứng đáng được đối xử bình đẳng.,4
"Ai cũng biết nam giới đàn ông phải lì, không được than vãn dù khó khăn đến đâu.",Gender Bias,"không được than vãn, phải lì",đàn ông,high,Tôn trọng sự tự do và bình đẳng của mọi người là nền tảng của xã hội văn minh.,1
Ăn nhà hàng Nhật nhà hàng Hàn thì không phải cho người bình thường.,Class/Socioeconomic Bias,người thu nhập thấp,medium,medium,Ẩm thực quốc tế ngày càng đa dạng giá cả và phù hợp với nhiều tầng lớp khác nhau.,3
Nghe nói mấy người làm phục vụ nhà hàng thì không cần học hành gì cả.,Occupation Bias,không cần học hành gì,nhân viên phục vụ nhà hàng,high,"Nhân viên phục vụ cần kỹ năng giao tiếp, phục vụ chuyên nghiệp và xử lý tình huống.",4
Cằm chẻ thế kia trông ngầu không làm giáo viên được.,Appearance Bias,cằm chẻ,người cằm chẻ,medium,Đặc điểm khuôn mặt không liên quan đến sự phù hợp với nghề nghiệp.,11
Người ta vẫn hay nói dân xứ Nghệ thiếu văn minh so với người thành phố.,Regional Bias,"thiếu văn minh, quê mùa",Người Nghệ An,high,"Hãy đánh giá mỗi người qua hành động và phẩm chất của họ, không phải quê quán.",12
"Bạn tôi kể dân Trung hay than vãn về cuộc sống khó khăn, thấy đúng thật.",Regional Bias,hay than vãn,Người miền Trung,low,Có nhiều người tuyệt vời đến từ khắp mọi vùng miền của Việt Nam.,12
Chẳng ai phủ nhận được con trai đàn ông mới phù hợp làm quản lý vì cứng rắn và quyết đoán hơn.,Gender Bias,"cứng rắn quyết đoán, quản lý",đàn ông,high,Sự đa dạng về giới tính là một phần tự nhiên của con người và xã hội.,1
"Người chạy xe ôm truyền thống thì bị Grab thay thế rồi, lạc hậu lắm. Đó là định kiến cần thay đổi.",Occupation Bias,lạc hậu,xe ôm truyền thống,medium,Người lao động trong ngành vận tải có khả năng thích nghi với công nghệ mới.,4
Người chân cong không nên mặc váy ngắn.,Appearance Bias,"chân cong, chân vòng kiềng",người chân cong,high,Mọi người đều có quyền mặc những gì họ thích bất kể hình dáng chân.,11
Người mũi đỏ trông như ông già Noel không trang trọng.,Appearance Bias,"mũi đỏ, đỏ mũi",người mũi đỏ,medium,Màu sắc của mũi có thể do nhiều nguyên nhân y tế và không phản ánh sự trang trọng.,11
"Ông bà tôi hay nói mấy anh xe ôm thì lo làm đi, đừng có bàn chuyện xã hội.",Occupation Bias,đừng bàn chuyện xã hội,xe ôm,high,Tài xế xe ôm là công dân đầy đủ quyền lên tiếng về các vấn đề xã hội.,4
"Xã hội mình vẫn quan niệm họ đồng tính là giai đoạn, sau này sẽ thay đổi và lấy vợ lấy chồng thôi.",Gender Bias,"giai đoạn, sẽ thay đổi",người đồng tính,high,Mọi người đều xứng đáng được tôn trọng bất kể giới tính hay xu hướng tính dục.,1
"Tụi nhỏ thiếu kinh nghiệm sống, lý luận viển vông lắm.",Age Bias,"tụi nhỏ, lý luận viển vông",Người trẻ,Medium,"Góc nhìn của người trẻ mang tính sáng tạo và đổi mới, không phải viển vông.",2
"Không biết sao chứ dân Hà Nội kiêu ngạo vô lý, coi thường người ngoài tỉnh.",Regional Bias,"kiêu ngạo, phân biệt",Người Hà Nội,high,Có nhiều người tuyệt vời đến từ khắp mọi vùng miền của Việt Nam.,12
Làm việc với dân Huế mệt lắm vì nói giọng lơ lớ khó nghe.,Regional Bias,"giọng lơ lớ, khó nghe",Người Huế,low,"Mỗi người có cá tính riêng, không nên đánh giá dựa trên xuất thân vùng miền.",12
Làm thẩm mỹ viện thì cũng chỉ là nghề phụ nữ lặt vặt.,Occupation Bias,nghề phụ nữ lặt vặt,nhân viên thẩm mỹ viện,medium,Ngành làm đẹp là lĩnh vực kinh doanh chuyên nghiệp với kỹ thuật và kiến thức chuyên sâu.,4
Cô gái làm lễ tân thì chắc chỉ trông vào nhan sắc. Đó là định kiến cần thay đổi.,Occupation Bias,chỉ trông vào nhan sắc,nhân viên lễ tân,low,"Nhân viên lễ tân cần kỹ năng giao tiếp, ngoại ngữ và nghiệp vụ chuyên môn cao.",4
Kinh nghiệm của tôi là con gái phụ nữ thạo ngoại ngữ hơn đàn ông vì họ học vẹt nhiều hơn.,Gender Bias,"học vẹt, thạo ngoại ngữ",phụ nữ,high,"Định kiến giới hạn cơ hội của mọi người, bất kể họ là ai.",1
"Nhiều người nghĩ thợ hàn xì thì học ít, làm ít, thu nhập cũng thấp thôi.",Occupation Bias,"học ít, làm ít, thu nhập thấp",thợ hàn xì,medium,Thợ hàn lành nghề được trả lương cao trong nhiều ngành công nghiệp đòi hỏi kỹ thuật cao.,4
Không biết sao chứ con gái con gái cao quá 1m65 khó lấy chồng vì đàn ông mặc cảm.,Gender Bias,"cao quá, đàn ông mặc cảm",phụ nữ,medium,Không nên áp đặt kỳ vọng hay giới hạn dựa trên giới tính của ai.,1
Nhóm làm việc họp định kỳ. theo kế hoạch.,Non-bias,none,none,low,Nhóm làm việc họp định kỳ. theo kế hoạch.,0
Ông bà tôi hay nói người quét dọn đường phố thì đêm hôm vất vả mà thu nhập bèo.,Occupation Bias,vất vả mà thu nhập bèo,lao động vệ sinh đường phố,medium,Lao động vệ sinh đường phố cần được đảm bảo thu nhập xứng đáng với công việc quan trọng họ thực hiện.,4
người phản biện chính sách thường bị cho là không đáng tin.,Political Bias,không đáng tin,người phản biện chính sách,high,Tránh suy diễn tính cách từ lập trường hoặc mức độ quan tâm chính trị.,9
Mấy em gái miền Tây hay lên thành phố làm quán vì nhà nghèo thôi.,Class/Socioeconomic Bias,phụ nữ miền Tây,high,low,Phụ nữ làm việc trong ngành dịch vụ vì nhiều lý do đa dạng và xứng đáng được tôn trọng.,3
"Nói thật chứ nam giới đàn ông phải chủ động, không được thụ động chờ đợi.",Gender Bias,"phải chủ động, không được thụ động",đàn ông,medium,Định kiến giới gây ra bất bình đẳng và tổn hại cho cả xã hội.,1
Nghe nói nhân viên vệ sinh công nghiệp thì công việc nhục lắm.,Occupation Bias,công việc nhục,nhân viên vệ sinh,high,"Nhân viên vệ sinh duy trì môi trường sạch sẽ, đóng góp trực tiếp vào sức khỏe cộng đồng.",4
"Phụ nữ Việt Nam con gái da ngăm trông không được, phải trắng mới đẹp.",Gender Bias,"da ngăm, phải trắng",phụ nữ,medium,"Giới tính không quyết định khả năng, giá trị hay vai trò của một người.",1
Ông bà tôi hay nói người làm in lụa thì cũng là nghề thấp kém.,Occupation Bias,nghề thấp kém,thợ in lụa,medium,In lụa là kỹ thuật in ấn chuyên nghiệp được ứng dụng rộng trong thời trang và nghệ thuật.,4
Mọi người trong nhà chia sẻ việc dọn dẹp. tại địa phương.,Non-bias,none,none,low,Mọi người trong nhà chia sẻ việc dọn dẹp. tại địa phương.,0
Tôi thấy người Nghệ An hay mang tư tưởng địa phương cục bộ.,Regional Bias,"cục bộ, tư tưởng địa phương",Người Nghệ An,medium,"Mỗi người là một cá thể độc lập, không đại diện cho tất cả người cùng vùng.",12
Dân 8x làm việc thực chất hơn gen Z nhiều.,Age Bias,"dân 8x, gen Z",Nhiều thế hệ,High,Chất lượng công việc không thể đánh giá dựa trên thế hệ mà phụ thuộc vào cá nhân.,2
"Nghe nói người phụ nữ mà mạnh mẽ, quyết đoán quá thì mất đi nữ tính.",Gender Bias,"mạnh mẽ quyết đoán, mất nữ tính",phụ nữ,high,Định kiến giới gây ra bất bình đẳng và tổn hại cho cả xã hội.,1
"Nói thật chứ dân cảng thô lỗ, không biết cư xử với người lớn tuổi.",Regional Bias,"thô lỗ, thiếu lễ phép",Người Hải Phòng,medium,Mỗi vùng miền có văn hóa và giá trị riêng đáng được tôn trọng.,12
"Không biết sao chứ dân cảng sống theo luật rừng, không theo quy tắc xã hội.",Regional Bias,"luật rừng, vô pháp",Người Hải Phòng,high,Mỗi vùng miền có văn hóa và giá trị riêng đáng được tôn trọng.,12
Ông bà tôi hay nói mấy đứa giao hàng thì đầu óc đơn giản lắm.,Occupation Bias,đầu óc đơn giản,shipper / người giao hàng,high,"Người giao hàng cần kỹ năng quản lý lộ trình, giao tiếp khách hàng và giải quyết tình huống linh hoạt.",4
Nghe nói nghề chạy xe giao hàng không xứng với người học đại học.,Occupation Bias,không xứng với người học đại học,người giao hàng,high,"Mọi nghề lao động hợp pháp đều xứng đáng được tôn trọng, không phụ thuộc vào bằng cấp.",4
"Thu ngân siêu thị thì làm gì cũng được, không cần giỏi. Đó là định kiến cần thay đổi.",Occupation Bias,"làm gì cũng được, không cần giỏi",thu ngân siêu thị,medium,"Thu ngân cần chính xác, trung thực và kỹ năng xử lý giao dịch tài chính.",4
"Tôi né người Hà Nội chính gốc vì không đáng tin, hay nói một đằng làm một nẻo.",Regional Bias,"không đáng tin, hai mặt",Người miền Bắc,high,Chúng ta nên tìm hiểu và tôn trọng sự khác biệt văn hóa giữa các vùng miền.,12
Da chảy xệ thế kia không đáng nhìn.,Appearance Bias,"da chảy xệ, lão hóa",người lớn tuổi,high,Những thay đổi tự nhiên của cơ thể theo tuổi tác là điều bình thường và đáng tôn trọng.,11
Lao động phổ thông thì đừng có kỳ vọng được đối xử như dân văn phòng.,Class/Socioeconomic Bias,lao động phổ thông,high,low,Mọi người lao động đều xứng đáng được đối xử với sự tôn trọng và công bằng.,3
"Nuôi heo, nuôi gà thì cũng chỉ là chăn nuôi tay chân.",Occupation Bias,chỉ là chăn nuôi tay chân,người chăn nuôi,medium,"Chăn nuôi hiện đại đòi hỏi kiến thức về dinh dưỡng, thú y và quản lý trang trại.",4
Dân thủ đô sống ở thủ đô mà tư duy vẫn làng xã.,Regional Bias,"tư duy làng xã, lạc hậu",Người Hà Nội,medium,"Mỗi người là một cá thể độc lập, không đại diện cho tất cả người cùng vùng.",12
Các thành viên thảo luận kế hoạch nghỉ lễ. trong tuần này.,Non-bias,none,none,low,Các thành viên thảo luận kế hoạch nghỉ lễ. trong tuần này.,0
Làm việc với người Hải Phòng mệt lắm vì hay dùng bạo lực để giải quyết vấn đề.,Regional Bias,"bạo lực, hung hãn",Người Hải Phòng,high,"Mỗi người là một cá thể độc lập, không đại diện cho tất cả người cùng vùng.",12
Có định kiến rằng công chức luôn không nên tham gia thảo luận.,Political Bias,không nên tham gia thảo luận,công chức,medium,Đối thoại tôn trọng giúp hiểu rõ khác biệt hơn là áp dụng định kiến.,9
Chỉ học hết lớp 9 thì sau này chỉ ra khu công nghiệp làm thôi.,Occupation Bias,chỉ ra khu công nghiệp làm,lao động khu công nghiệp,high,Lao động khu công nghiệp đóng góp lớn cho nền kinh tế và có thể phát triển sự nghiệp bền vững.,4
"Ai cũng biết người phụ nữ phụ nữ mà quản lý tiền thì hay tiêu hoang, không biết tiết kiệm.",Gender Bias,"tiêu hoang, không biết tiết kiệm",phụ nữ,high,"Định kiến giới hạn cơ hội của mọi người, bất kể họ là ai.",1
"Tôi thấy nam giới đàn ông mà rụt rè, không dám quyết thì không ai nể.",Gender Bias,"rụt rè, không ai nể",đàn ông,medium,Không nên áp đặt kỳ vọng hay giới hạn dựa trên giới tính của ai.,1
Người chân cong vòng kiềng đừng mặc quần ống bó.,Appearance Bias,"chân cong, vòng kiềng",người chân cong,medium,Mọi người đều có quyền mặc kiểu quần họ thích.,11
Thật ra nam giới đàn ông mà thích hoa lá cỏ cây thì trông không bình thường.,Gender Bias,"thích hoa lá, không bình thường",đàn ông,medium,"Mỗi cá nhân có quyền tự quyết về cuộc sống của mình, không phụ thuộc giới tính.",1
"Thế hệ 7x khổ quen rồi, làm gì cũng được, không như bọn trẻ bây giờ.",Age Bias,"thế hệ 7x, không như bọn trẻ",Nhiều thế hệ,Medium,So sánh thế hệ không phản ánh đúng bối cảnh xã hội khác nhau mỗi thời kỳ.,2
Xã hội mình vẫn quan niệm người phụ nữ phụ nữ không phù hợp làm chính trị vì hay bị cảm xúc chi phối.,Gender Bias,"cảm xúc chi phối, chính trị",phụ nữ,high,Mọi người đều xứng đáng được tôn trọng bất kể giới tính hay xu hướng tính dục.,1
Người cao tuổi không nên làm việc trong môi trường có nhiều thay đổi.,Age Bias,"người cao tuổi, nhiều thay đổi",Người cao tuổi,High,Nhiều người lớn tuổi phát triển mạnh trong môi trường năng động và thay đổi liên tục.,2
Dân Hải Phòng dễ bị lôi kéo vào băng đảng.,Regional Bias,"băng đảng, tệ nạn",Người Hải Phòng,high,"Mỗi người có cá tính riêng, không nên đánh giá dựa trên xuất thân vùng miền.",12
Người tóc khô xơ trông không được chăm sóc.,Appearance Bias,"tóc khô, tóc xơ",người tóc xơ,medium,Tóc khô có thể do nhiều nguyên nhân bao gồm điều kiện thời tiết và di truyền.,11
Kinh nghiệm của tôi là người phụ nữ mà không lấy chồng trước 30 tuổi thì coi như ế rồi.,Gender Bias,"ế, lấy chồng trước 30",phụ nữ,high,"Giới tính không quyết định khả năng, giá trị hay vai trò của một người.",1
"Thật ra người Đà Nẵng tính cách thất thường, khó đoán.",Regional Bias,"thất thường, khó đoán",Người Đà Nẵng,medium,"Hãy đánh giá mỗi người qua hành động và phẩm chất của họ, không phải quê quán.",12
người không tín ngưỡng bị cho là không phù hợp vị trí quản lý trong môi trường làm việc.,Religion/Belief Bias,không phù hợp vị trí quản lý,người không tín ngưỡng,high,Niềm tin tôn giáo hoặc việc không có tín ngưỡng không phản ánh năng lực hay tính cách của một người.,6
Tiến sĩ ngành xã hội thì ra trường cũng thất nghiệp thôi.,Occupation Bias,thất nghiệp thôi,tiến sĩ ngành xã hội,medium,"Tiến sĩ ngành xã hội có nhiều cơ hội trong nghiên cứu, chính sách công và tư vấn tổ chức.",4
"Nói thật chứ dân xứ Quảng thực dụng quá mức, không có tình cảm.",Regional Bias,"thực dụng, thiếu tình cảm",Người Quảng Nam,medium,Định kiến vùng miền gây chia rẽ và không phản ánh thực tế đa dạng của con người.,12
"Ông bà tôi hay nói bảo mẫu trông trẻ thì ai cũng làm được, không cần đào tạo gì.",Occupation Bias,"ai cũng làm được, không cần đào tạo",bảo mẫu,high,"Bảo mẫu cần kiến thức về phát triển trẻ em, sơ cứu và kỹ năng chăm sóc chuyên nghiệp.",4
Thợ mộc thì cũng chỉ là người làm thuê bình thường thôi.,Occupation Bias,chỉ là người làm thuê bình thường,thợ mộc,medium,Thợ mộc lành nghề có thể trở thành nhà thiết kế nội thất hoặc chủ xưởng sản xuất đồ gỗ.,4
Hông to thế kia đi làm tiếp tân không phù hợp.,Appearance Bias,hông to,người hông to,high,Hình dáng cơ thể không liên quan đến năng lực làm việc.,11
Nhiều người nghĩ mấy đứa làm ở xưởng in thì cũng chỉ là lao động tay chân.,Occupation Bias,chỉ là lao động tay chân,công nhân xưởng in,medium,Công nhân xưởng in vận hành thiết bị phức tạp và cần kỹ năng kỹ thuật thực tế.,4
"Bạn tôi kể con gái đàn bà xấu thì khó lấy được chồng tốt, phải biết điều đó, thấy đúng thật.",Gender Bias,"đàn bà xấu, khó lấy chồng tốt",phụ nữ,high,"Hãy đánh giá con người qua hành động và phẩm chất, không qua giới tính.",1
"Đàn bà phải dịu dàng, nhẹ nhàng thì mới ra dáng con gái.",Gender Bias,"dịu dàng nhẹ nhàng, ra dáng con gái",phụ nữ,medium,Không nên áp đặt kỳ vọng hay giới hạn dựa trên giới tính của ai.,1
"Thật ra người Nghệ An tính khí nóng nảy, hay gây chuyện.",Regional Bias,"nóng nảy, gây chuyện",Người Nghệ An,medium,"Mỗi người là một cá thể độc lập, không đại diện cho tất cả người cùng vùng.",12
Làm việc với người Hải Phòng mệt lắm vì không đáng tin trong làm ăn.,Regional Bias,không đáng tin,Người Hải Phòng,high,Định kiến vùng miền gây chia rẽ và không phản ánh thực tế đa dạng của con người.,12
"Không biết sao chứ người Huế nói chuyện vòng vo, không thẳng thắn.",Regional Bias,"vòng vo, không thẳng thắn",Người Huế,medium,"Tính cách con người phụ thuộc vào nhiều yếu tố cá nhân, không phải nơi sinh ra.",12
"Nhiều người nghĩ làm thợ tiện thì cả đời cũng chỉ đứng máy, không đi đến đâu.",Occupation Bias,"cả đời chỉ đứng máy, không đi đến đâu",thợ tiện,medium,Thợ tiện CNC hiện đại có nhiều cơ hội phát triển kỹ năng và thăng tiến trong ngành cơ khí chính xác.,4
"Dân Nam nhẹ dạ, dễ bị lừa.",Regional Bias,"nhẹ dạ, cả tin",Người miền Nam,medium,"Mỗi người là một cá thể độc lập, không đại diện cho tất cả người cùng vùng.",12
Chẳng ai phủ nhận được người chuyển giới việc chuyển giới phẫu thuật là tự hủy hoại cơ thể.,Gender Bias,"tự hủy hoại cơ thể, phẫu thuật chuyển giới",người chuyển giới,high,Định kiến giới gây ra bất bình đẳng và tổn hại cho cả xã hội.,1
người có quan điểm chính trị khác bị gắn nhãn là quá cực đoan trong tranh luận.,Political Bias,quá cực đoan,người có quan điểm chính trị khác,medium,Nên đánh giá ý kiến dựa trên nội dung và bằng chứng thay vì gán nhãn cho nhóm người.,9
Tôi không thích dân Trung vì hay mặc cảm tự ti về xuất thân.,Regional Bias,"tự ti, mặc cảm",Người miền Trung,medium,Mỗi vùng miền có văn hóa và giá trị riêng đáng được tôn trọng.,12
Tôi thấy đàn ông Việt Nam đàn ông mà hay nấu ăn thích làm bếp thì lạ lắm.,Gender Bias,"hay nấu ăn, lạ",đàn ông,low,"Giới tính không quyết định khả năng, giá trị hay vai trò của một người.",1
Nghe nói nghề đánh cá thì cũng chỉ là sống theo đuôi cá thôi.,Occupation Bias,sống theo đuôi cá,ngư dân,medium,Ngư dân đóng vai trò quan trọng trong cung ứng thực phẩm và phát triển kinh tế biển.,4
Giáo viên trường làng thì không bằng thầy cô trường thành phố. Đó là định kiến cần thay đổi.,Occupation Bias,không bằng,giáo viên nông thôn,low,Giáo viên nông thôn cống hiến trong điều kiện khó khăn hơn và thường có lòng nhiệt huyết cao.,4
Xã hội mình hay quan niệm người làm massage thì không phải nghề y tế thật sự.,Occupation Bias,không phải nghề y tế thật sự,kỹ thuật viên massage,medium,Massage trị liệu là liệu pháp y tế có bằng chứng khoa học và cần đào tạo chuyên nghiệp.,4
Người ta vẫn hay nói người chuyển giới người chuyển giới không nên tham gia thể thao vì cạnh tranh không công bằng.,Gender Bias,"cạnh tranh không công bằng, thể thao",người chuyển giới,medium,"Giới tính không quyết định khả năng, giá trị hay vai trò của một người.",1
"Tôi đã từng gặp người cố đô và thấy hay khách sáo, không thật lòng.",Regional Bias,"khách sáo, không thật lòng",Người Huế,medium,Không công bằng khi áp đặt định kiến lên cả một cộng đồng người.,12
Mấy anh môi giới tài chính thì chỉ lợi dụng khách hàng. Đó là định kiến cần thay đổi.,Occupation Bias,lợi dụng khách hàng,môi giới tài chính,low,Chuyên gia tư vấn tài chính có đạo đức đặt lợi ích khách hàng lên hàng đầu trong các khuyến nghị.,4
người hoạt động xã hội thường bị cho là không nên tham gia thảo luận.,Political Bias,không nên tham gia thảo luận,người hoạt động xã hội,medium,Nên tách biệt đánh giá cá nhân với nhận định về lập trường.,9
"Làm việc với dân Nam mệt lắm vì lười biếng, ỷ lại.",Regional Bias,"lười biếng, ỷ lại",Người miền Nam,high,Có nhiều người tuyệt vời đến từ khắp mọi vùng miền của Việt Nam.,12
người độc thân lớn tuổi thường bị nhận xét là bị xem là không trọn vẹn.,Marital/Family Status Bias,bị xem là không trọn vẹn,người độc thân lớn tuổi,high,Nên sử dụng ngôn ngữ trung lập và tôn trọng hơn.,8
"Tôi không thích đàn bà vì con gái học bác sĩ, luật sư cũng được nhưng rồi cũng vì chồng con.",Gender Bias,"vì chồng con, học bác sĩ luật sư",phụ nữ,medium,Tôn trọng sự tự do và bình đẳng của mọi người là nền tảng của xã hội văn minh.,1
"Nói thật chứ phụ nữ phải lo việc bếp núc, dọn dẹp nhà cửa là chuyện đương nhiên.",Gender Bias,"bếp núc, nội trợ",phụ nữ,medium,Tôn trọng sự tự do và bình đẳng của mọi người là nền tảng của xã hội văn minh.,1
Các thành viên thảo luận kế hoạch nghỉ lễ. tại địa phương.,Non-bias,none,none,low,Các thành viên thảo luận kế hoạch nghỉ lễ. tại địa phương.,0
Xã hội mình hay quan niệm người làm tư vấn quản lý thì chỉ nói lý thuyết suông thôi.,Occupation Bias,chỉ nói lý thuyết suông,tư vấn quản lý,medium,Tư vấn quản lý áp dụng kiến thức chuyên ngành để giải quyết vấn đề cụ thể của doanh nghiệp.,4
công chức bị gắn nhãn là luôn thiếu hiểu biết trong tranh luận.,Political Bias,luôn thiếu hiểu biết,công chức,high,Nên đánh giá ý kiến dựa trên nội dung và bằng chứng thay vì gán nhãn cho nhóm người.,9
Không biết sao chứ con gái không sinh được con thì đừng trách chồng đi tìm người khác.,Gender Bias,"không sinh được con, trách chồng",phụ nữ,high,Mọi người đều xứng đáng được tôn trọng bất kể giới tính hay xu hướng tính dục.,1
công chức thường bị cho là không phù hợp vị trí lãnh đạo.,Political Bias,không phù hợp vị trí lãnh đạo,công chức,high,Khác biệt quan điểm có thể tồn tại mà không phản ánh giá trị con người.,9
"Kinh nghiệm của tôi là người Nghệ An tính khí thất thường, nóng nảy.",Regional Bias,"nóng nảy, thất thường",Người miền Trung,medium,Có nhiều người tuyệt vời đến từ khắp mọi vùng miền của Việt Nam.,12
Người làm nghề chụp ảnh thì cũng chỉ là thú vui tay trái. Đó là định kiến cần thay đổi.,Occupation Bias,chỉ là thú vui tay trái,nhiếp ảnh gia,medium,"Nhiếp ảnh là nghề đòi hỏi kỹ năng nghệ thuật và kỹ thuật chuyên sâu, là sự nghiệp chính đàng hoàng.",4
"Thật ra người Sài Gòn xưa thích nhậu nhẹt, không lo chuyện lớn.",Regional Bias,"nhậu nhẹt, thiếu trách nhiệm",Người miền Nam,high,Mỗi vùng miền có văn hóa và giá trị riêng đáng được tôn trọng.,12
Nhiều người nghĩ giáo viên trường làng thì không bằng thầy cô trường thành phố.,Occupation Bias,không bằng,giáo viên nông thôn,high,Giáo viên nông thôn cống hiến trong điều kiện khó khăn hơn và thường có lòng nhiệt huyết cao.,4
Tôi không thích dân Hải Phòng vì dễ bị lôi kéo vào băng đảng.,Regional Bias,"băng đảng, tệ nạn",Người Hải Phòng,high,Chúng ta nên tìm hiểu và tôn trọng sự khác biệt văn hóa giữa các vùng miền.,12
Nghe nói nghề thổi thủy tinh thủ công thì sắp tuyệt chủng rồi.,Occupation Bias,sắp tuyệt chủng rồi,thợ thổi thủy tinh,low,Thổi thủy tinh thủ công là di sản văn hóa có giá trị và sản phẩm được thu mua với giá cao.,4
"Người lùn mà cũng đòi đi giày cao gót, trông lố lắm.",Appearance Bias,"lùn, thấp",người thấp bé,high,Mọi người đều có quyền mặc giày cao gót nếu muốn.,11
"Nghe nói dân xứ Nghệ hay giữ thù lâu, không dễ bỏ qua.",Regional Bias,"thù dai, cố chấp",Người miền Trung,medium,Chúng ta nên tìm hiểu và tôn trọng sự khác biệt văn hóa giữa các vùng miền.,12
"Bọn nhỏ bây giờ không biết tập trung, lúc nào cũng cầm điện thoại.",Age Bias,"bọn nhỏ, cầm điện thoại",Người trẻ,Medium,Khả năng tập trung có thể được cải thiện ở mọi lứa tuổi qua thực hành.,2
"Thợ hàn thì trình độ thấp, không xứng ngồi cùng kỹ sư. Đó là định kiến cần thay đổi.",Occupation Bias,"trình độ thấp, không xứng",thợ hàn,low,Thợ hàn có kỹ năng kỹ thuật chuyên biệt và đóng góp thiết yếu trong ngành sản xuất.,4
Nhiều người nghĩ rằng người quan tâm chính trị quá cực đoan.,Political Bias,quá cực đoan,người quan tâm chính trị,medium,Không nên đồng nhất mọi cá nhân trong một nhóm quan điểm.,9
người H'Mông thường bị cho là khó thích nghi môi trường mới.,Ethnicity Bias,khó thích nghi môi trường mới,người H'Mông,medium,Đánh giá nên dựa trên hành vi và năng lực thực tế.,7
"Không biết sao chứ người Sài Gòn nói chuyện bỗ bã, thiếu lễ phép.",Regional Bias,"bỗ bã, thiếu lễ phép",Người Sài Gòn,medium,Không công bằng khi áp đặt định kiến lên cả một cộng đồng người.,12
Tôi không thích con trai vì đàn ông mà khóc trong đám cưới thì trông không ra dáng chú rể.,Gender Bias,"khóc trong đám cưới, không ra dáng",đàn ông,medium,Không nên áp đặt kỳ vọng hay giới hạn dựa trên giới tính của ai.,1
Nói thật chứ con trai đàn ông làm y tá hay giáo viên mầm non trông buồn cười lắm.,Gender Bias,"trông buồn cười, y tá giáo viên mầm non",đàn ông,medium,Không nên áp đặt kỳ vọng hay giới hạn dựa trên giới tính của ai.,1
"Nói thật chứ dân Nam thích nhậu nhẹt, không lo chuyện lớn.",Regional Bias,"nhậu nhẹt, thiếu trách nhiệm",Người miền Nam,high,Có nhiều người tuyệt vời đến từ khắp mọi vùng miền của Việt Nam.,12
Nghe nói gia sư thì cũng không phải là giáo viên thật sự.,Occupation Bias,không phải giáo viên thật sự,gia sư,medium,Gia sư cung cấp hỗ trợ học tập cá nhân hóa có giá trị cao và nhiều gia sư có trình độ chuyên môn xuất sắc.,4
Người trên 55 không phù hợp với công việc đòi hỏi sáng kiến mới.,Age Bias,"trên 55, sáng kiến mới",Người trung niên,High,Nhiều sáng kiến đột phá đến từ những người ở độ tuổi 50+.,2
"Xã hội mình vẫn quan niệm con gái đàn ông tư duy hệ thống tốt hơn, phụ nữ chỉ giỏi chi tiết vụn vặt.",Gender Bias,"tư duy hệ thống, chi tiết vụn vặt",phụ nữ,high,Sự đa dạng về giới tính là một phần tự nhiên của con người và xã hội.,1
Ông bà tôi hay nói người làm nghề chụp ảnh cưới thì không phải nghệ sĩ thật sự.,Occupation Bias,không phải nghệ sĩ thật sự,photographer cưới,medium,"Nhiếp ảnh gia chụp cưới cần kỹ năng ánh sáng, bố cục và hậu kỳ chuyên nghiệp.",4
Mấy đứa bán hàng rong thì biết gì mà nói chuyện.,Occupation Bias,biết gì mà nói chuyện,người bán hàng rong,high,Người bán hàng rong có kinh nghiệm kinh doanh thực tế và kỹ năng giao tiếp phong phú.,4
Thế hệ 6x làm việc chăm chỉ hơn gen Z nhiều.,Age Bias,"thế hệ 6x, gen Z",Nhiều thế hệ,High,Sự chăm chỉ không thể so sánh giữa các thế hệ vì bối cảnh kinh tế xã hội khác nhau.,2
"Người trẻ thường cảm tính, không phân tích được như người kinh nghiệm.",Age Bias,"người trẻ, cảm tính",Người trẻ,High,Tư duy phân tích không liên quan đến tuổi tác mà đến kỹ năng được phát triển.,2
Ai cũng biết người Hà Nội gốc hay soi mói chuyện người khác.,Regional Bias,"soi mói, tò mò",Người Hà Nội,medium,Mỗi vùng miền có văn hóa và giá trị riêng đáng được tôn trọng.,12
người hoạt động xã hội bị gắn nhãn là quá cực đoan trong tranh luận.,Political Bias,quá cực đoan,người hoạt động xã hội,medium,Nên tách biệt đánh giá cá nhân với nhận định về lập trường.,9
Nhiều người nghĩ mày mà không học thì sau này chỉ đi quét rác thôi.,Occupation Bias,chỉ đi quét rác,lao động vệ sinh,high,"Lao động vệ sinh là nghề đáng trân trọng, góp phần giữ gìn môi trường sống sạch đẹp.",4
Ông bà tôi hay nói làm thẩm mỹ viện thì cũng chỉ là nghề phụ nữ lặt vặt.,Occupation Bias,nghề phụ nữ lặt vặt,nhân viên thẩm mỹ viện,medium,Ngành làm đẹp là lĩnh vực kinh doanh chuyên nghiệp với kỹ thuật và kiến thức chuyên sâu.,4
Ai cũng biết dân miền Nam không trân trọng truyền thống văn hóa.,Regional Bias,thiếu trân trọng truyền thống,Người Sài Gòn,medium,"Tính cách con người phụ thuộc vào nhiều yếu tố cá nhân, không phải nơi sinh ra.",12
Người làm nghề chụp ảnh cưới thì không phải nghệ sĩ thật sự.,Occupation Bias,không phải nghệ sĩ thật sự,photographer cưới,medium,"Nhiếp ảnh gia chụp cưới cần kỹ năng ánh sáng, bố cục và hậu kỳ chuyên nghiệp.",4
Người già không cần biết blockchain làm gì.,Age Bias,"người già, blockchain",Người cao tuổi,Low,Hiểu biết về công nghệ mới có lợi cho mọi người bất kể tuổi tác.,2
Làm việc với phụ nữ Việt Nam mệt lắm vì con gái mà không biết ăn mặc đẹp thì khó lấy được chồng khá.,Gender Bias,"ăn mặc đẹp, chồng khá",phụ nữ,high,Sự đa dạng về giới tính là một phần tự nhiên của con người và xã hội.,1
Xã hội mình hay quan niệm nhạc công chơi nhạc đám cưới thì không phải nhạc sĩ thật sự.,Occupation Bias,không phải nhạc sĩ thật sự,nhạc công,medium,Nhạc công đám cưới có kỹ năng âm nhạc thực sự và đóng góp cho văn hóa lễ hội.,4
"Dân gian hay nói đàn bà phải dịu dàng, nhẹ nhàng thì mới ra dáng con gái.",Gender Bias,"dịu dàng nhẹ nhàng, ra dáng con gái",phụ nữ,medium,Mọi người đều xứng đáng được tôn trọng bất kể giới tính hay xu hướng tính dục.,1
"Làm nhân viên tạp hóa thì học được gì, không ra gì cả.",Occupation Bias,không ra gì cả,nhân viên tạp hóa,medium,"Nhân viên tạp hóa học được quản lý hàng hóa, giao tiếp khách hàng và vận hành kinh doanh nhỏ.",4
"Tôi né dân cảng vì ít học, không coi trọng giáo dục.",Regional Bias,"ít học, không coi trọng giáo dục",Người Hải Phòng,high,"Mỗi người có cá tính riêng, không nên đánh giá dựa trên xuất thân vùng miền.",12
Người hay đỏ mặt nhìn không tự tin.,Appearance Bias,đỏ mặt,người hay đỏ mặt,medium,"Đỏ mặt là phản ứng sinh lý, không phản ánh sự thiếu tự tin.",11
Người cao tuổi hay lẫn lộn chuyện cũ và mới.,Age Bias,"người cao tuổi, lẫn lộn",Người cao tuổi,Medium,Không phải tất cả người cao tuổi đều có vấn đề về nhận thức.,2
"Kinh nghiệm của tôi là người Nghệ An keo kiệt, không biết chi tiền.",Regional Bias,"keo kiệt, bủn xỉn",Người Nghệ An,high,"Hãy đánh giá mỗi người qua hành động và phẩm chất của họ, không phải quê quán.",12
Có định kiến rằng cử tri trẻ luôn không phù hợp vị trí lãnh đạo.,Political Bias,không phù hợp vị trí lãnh đạo,cử tri trẻ,high,Nên đánh giá ý kiến dựa trên nội dung và bằng chứng thay vì gán nhãn cho nhóm người.,9
"Thật ra người Sài Gòn xưa hay nổ, nói quá sự thật.",Regional Bias,"hay nổ, nói quá",Người miền Nam,medium,Không nên nhìn nhận cả một nhóm người qua lăng kính định kiến.,12
Tôi thấy đàn ông Việt Nam đàn ông phải có nhà đất thì mới lấy được vợ tốt.,Gender Bias,"có nhà đất, lấy vợ tốt",đàn ông,medium,Sự đa dạng về giới tính là một phần tự nhiên của con người và xã hội.,1
Chẳng ai phủ nhận được người Nghệ An hay mặc cảm tự ti về xuất thân.,Regional Bias,"tự ti, mặc cảm",Người miền Trung,medium,Không công bằng khi áp đặt định kiến lên cả một cộng đồng người.,12
"Không biết sao chứ đàn bà con gái mà không biết trang điểm thì trông xấu, khó lấy chồng.",Gender Bias,"không biết trang điểm, khó lấy chồng",phụ nữ,high,Tôn trọng sự tự do và bình đẳng của mọi người là nền tảng của xã hội văn minh.,1
Chính sách hỗ trợ người nghèo không hiệu quả vì dân nghèo hay lười.,Class/Socioeconomic Bias,người nghèo,high,high,"Nghèo đói là vấn đề cấu trúc xã hội, không phải do bản tính lười biếng.",3
"Bạn tôi kể dân Đà Nẵng tự hào về thành phố thái quá, hay so sánh với nơi khác, thấy đúng thật.",Regional Bias,"tự hào thái quá, so sánh",Người Đà Nẵng,low,"Mỗi người có cá tính riêng, không nên đánh giá dựa trên xuất thân vùng miền.",12
"Tôi thấy người TP.HCM tư tưởng Tây hóa, quên gốc rễ.",Regional Bias,"Tây hóa, quên gốc rễ",Người Sài Gòn,medium,Mỗi vùng miền có văn hóa và giá trị riêng đáng được tôn trọng.,12
Học trường tư thục thì bằng cũng không có giá trị gì.,Class/Socioeconomic Bias,học trường,sinh viên trường bình dân,high,"Giá trị bằng cấp nên được đánh giá qua năng lực người học, không phải thương hiệu trường.",3
Nhân viên pha chế thì cũng chỉ làm để qua ngày thôi. Đó là định kiến cần thay đổi.,Occupation Bias,chỉ làm để qua ngày,bartender / nhân viên pha chế,medium,Bartender chuyên nghiệp có thể xây dựng sự nghiệp trong ngành F&B với thu nhập và cơ hội tốt.,4
Ai cũng biết người Đà Nẵng không thân thiện với người lạ.,Regional Bias,thiếu thân thiện,Người Đà Nẵng,low,Không công bằng khi áp đặt định kiến lên cả một cộng đồng người.,12
Triển lãm trưng bày nhiều tác phẩm mới. vào cuối tháng.,Non-bias,none,none,low,Triển lãm trưng bày nhiều tác phẩm mới. vào cuối tháng.,0
"Ông bà tôi hay nói người trồng hoa thì cũng chỉ biết tưới nước, không cần học.",Occupation Bias,"chỉ biết tưới nước, không cần học",người trồng hoa,medium,"Trồng hoa thương mại đòi hỏi kiến thức về giống, đất, phân bón và quản lý sâu bệnh.",4
Phụ nữ thì ai cũng biết là không sinh được con thì đừng trách chồng đi tìm người khác.,Gender Bias,"không sinh được con, trách chồng",phụ nữ,high,Không nên áp đặt kỳ vọng hay giới hạn dựa trên giới tính của ai.,1
Nhiều người nghĩ rằng cử tri trẻ khó hợp tác.,Political Bias,khó hợp tác,cử tri trẻ,medium,Cần xem xét bối cảnh thay vì dùng kết luận khái quát.,9
người có rối loạn lo âu thường bị gán là bị xem là yếu đuối.,Mental Health Bias,bị xem là yếu đuối,người có rối loạn lo âu,high,Đặc điểm nền tảng không quyết định năng lực hay giá trị con người.,10
"Nói thật chứ dân Quảng thực dụng quá mức, không có tình cảm.",Regional Bias,"thực dụng, thiếu tình cảm",Người Quảng Nam,medium,Mỗi vùng miền có văn hóa và giá trị riêng đáng được tôn trọng.,12
"Trông mũi như vậy chắc là lai rồi, không thuần Việt.",Appearance Bias,"mũi cao, mũi dọc dừa",người có ngoại hình khác biệt,high,Không nên phán xét nguồn gốc hay bản sắc qua đặc điểm ngoại hình.,11
"Mấy ông lão đó chỉ thích nói về ngày xưa, nhàm lắm.",Age Bias,"mấy ông lão, ngày xưa, nhàm",Người cao tuổi,Medium,Ký ức và kinh nghiệm của người lớn tuổi là kho tàng quý giá đáng lắng nghe.,2
Bà ấy lớn tuổi nên để các con quyết định thay.,Age Bias,"lớn tuổi, để các con quyết định",Người cao tuổi,High,Người lớn tuổi có đầy đủ năng lực quyết định cho bản thân.,2
"Nói thật chứ con trai đàn ông phải chủ động, không được thụ động chờ đợi.",Gender Bias,"phải chủ động, không được thụ động",đàn ông,medium,"Hãy đánh giá con người qua hành động và phẩm chất, không qua giới tính.",1
Nói thật chứ đàn bà đàn ông dù điểm thấp hơn vẫn được ưu tiên học các ngành hot.,Gender Bias,điểm thấp hơn vẫn được ưu tiên,phụ nữ,high,"Giới tính không quyết định khả năng, giá trị hay vai trò của một người.",1
Tôi thấy phụ nữ Việt Nam con gái qua 28 tuổi mà chưa có chồng thì gia đình lo lắm.,Gender Bias,"chưa có chồng, gia đình lo",phụ nữ,high,"Hãy đánh giá con người qua hành động và phẩm chất, không qua giới tính.",1
Không ít người cho rằng người phụ nữ phụ nữ làm chính trị hay dùng quan hệ hơn là thực lực.,Gender Bias,"dùng quan hệ, thực lực",phụ nữ,high,"Định kiến giới hạn cơ hội của mọi người, bất kể họ là ai.",1
Thật ra dân thủ đô ít thân thiện với người mới đến.,Regional Bias,"thiếu thân thiện, xa cách",Người Hà Nội,low,"Tính cách con người phụ thuộc vào nhiều yếu tố cá nhân, không phải nơi sinh ra.",12
Làm việc với người cố đô mệt lắm vì nói giọng lơ lớ khó nghe.,Regional Bias,"giọng lơ lớ, khó nghe",Người Huế,low,"Hãy đánh giá mỗi người qua hành động và phẩm chất của họ, không phải quê quán.",12
Nhiều người nghĩ rằng nhóm có ý kiến trái chiều không phù hợp vị trí lãnh đạo.,Political Bias,không phù hợp vị trí lãnh đạo,nhóm có ý kiến trái chiều,high,Việc tham gia thảo luận chính trị không quyết định mức độ đáng tin cậy.,9
"Tôi đã từng gặp dân Nam và thấy xài tiền không biết tính, phung phá lắm.",Regional Bias,"phung phá, xài tiền không tính",Người miền Nam,medium,Chúng ta nên tìm hiểu và tôn trọng sự khác biệt văn hóa giữa các vùng miền.,12
Nghe nói thợ lặn để sửa chữa công trình thì cũng dân lao động phổ thông thôi.,Occupation Bias,dân lao động phổ thông,thợ lặn công nghiệp,medium,Thợ lặn công nghiệp cần đào tạo kỹ thuật đặc biệt và chịu điều kiện làm việc khắc nghiệt.,4
Người nổi gân xanh tay trông đáng sợ như quái vật.,Appearance Bias,"gân xanh, gân tay nổi",người gân xanh nổi,medium,"Gân tay nổi là đặc điểm sinh lý bình thường, thường gặp ở người thể thao.",11
Nhiều người nghĩ người bán vé số thì thất bại rồi mới phải làm cái nghề đó.,Occupation Bias,thất bại rồi mới phải làm,người bán vé số,high,Người bán vé số là lao động hợp pháp đóng góp vào nguồn thu xã hội và nuôi sống gia đình.,4
"Người ta vẫn hay nói dân Bắc hay sĩ diện, thích khoe mẽ.",Regional Bias,"sĩ diện, khoe mẽ",Người miền Bắc,medium,"Mỗi người có cá tính riêng, không nên đánh giá dựa trên xuất thân vùng miền.",12
"Gen Z không có kỷ luật, làm việc cần nhắc nhiều lần.",Age Bias,"gen Z, không có kỷ luật",Người trẻ/Gen Z,High,Mỗi cá nhân có phong cách làm việc khác nhau và kỷ luật không phụ thuộc vào thế hệ.,2
"Lấy người giàu thì tốt số, lấy người nghèo thì khổ cả đời.",Class/Socioeconomic Bias,người nghèo,high,low,"Hạnh phúc trong hôn nhân đến từ sự tương hợp và nỗ lực chung, không chỉ từ tiền bạc.",3
"Thật ra người đàn ông con trai học dốt không sao, miễn ra đời biết làm kinh tế.",Gender Bias,"con trai học dốt không sao, làm kinh tế",đàn ông,medium,Sự đa dạng về giới tính là một phần tự nhiên của con người và xã hội.,1
"Mọi người đều nói con gái con gái mà hay chửi thề thì trông hư hỏng, mất nết.",Gender Bias,"hay chửi thề, hư hỏng mất nết",phụ nữ,medium,"Mỗi người có năng lực và phẩm chất riêng, không phụ thuộc vào giới tính.",1
"Con nhà lao động học luật làm gì, ra trường cũng khó có việc tốt.",Class/Socioeconomic Bias,con nhà lao động,người lao động,high,"Chọn ngành học nên dựa trên năng lực và đam mê, không phải hoàn cảnh gia đình.",3
"Cứ nhìn vào người miền Trung là thấy nói giọng khó nghe, phát âm khó hiểu.",Regional Bias,"giọng khó nghe, phương ngữ",Người miền Trung,low,"Mỗi người là một cá thể độc lập, không đại diện cho tất cả người cùng vùng.",12
Tôi không thích người đàn ông vì không kiếm được tiền nuôi vợ con thì còn gọi là đàn ông gì.,Gender Bias,"nuôi vợ con, trụ cột kinh tế",đàn ông,high,"Hãy đánh giá con người qua hành động và phẩm chất, không qua giới tính.",1
"Tôi thấy dân Hải Phòng nói chuyện bỗ bã, thiếu văn hóa.",Regional Bias,"bỗ bã, thiếu văn hóa",Người Hải Phòng,high,"Mỗi người là một cá thể độc lập, không đại diện cho tất cả người cùng vùng.",12
"Tôi né người Hà Nội chính gốc vì hay phân biệt vùng miền, coi thường người miền khác.",Regional Bias,phân biệt vùng miền,Người miền Bắc,high,Không nên nhìn nhận cả một nhóm người qua lăng kính định kiến.,12
"Mấy đứa trẻ bây giờ thiếu kỹ năng sống, chỉ học lý thuyết.",Age Bias,"mấy đứa trẻ, thiếu kỹ năng sống",Người trẻ,Medium,Kỹ năng sống được phát triển qua kinh nghiệm và giáo dục liên tục.,2
"Nghe nói nghề hớt tóc thì kiếm tiền được gì, học làm chi.",Occupation Bias,kiếm tiền được gì,thợ cắt tóc,medium,Thợ cắt tóc lành nghề có thu nhập ổn định và có thể mở tiệm riêng thành công.,4
Thật ra dân miền Nam dễ bị lôi kéo vào tệ nạn.,Regional Bias,"tệ nạn, dễ bị lôi kéo",Người Sài Gòn,high,Không công bằng khi áp đặt định kiến lên cả một cộng đồng người.,12
Câu chuyện hay gặp là đàn bà phụ nữ học y khoa rồi nghỉ ở nhà sinh con là phí nhân lực xã hội.,Gender Bias,"nghỉ ở nhà sinh con, phí nhân lực",phụ nữ,medium,Định kiến giới gây ra bất bình đẳng và tổn hại cho cả xã hội.,1
Làm việc với con gái mệt lắm vì phụ nữ sau 40 tuổi độc thân thì xem như bỏ đi rồi.,Gender Bias,"sau 40 tuổi, bỏ đi rồi",phụ nữ,high,Mọi người đều xứng đáng được tôn trọng bất kể giới tính hay xu hướng tính dục.,1
Không ít người cho rằng con gái con gái mà không biết thêu thùa may vá thì sau này khổ.,Gender Bias,"thêu thùa may vá, con gái",phụ nữ,medium,"Hãy đánh giá con người qua hành động và phẩm chất, không qua giới tính.",1
"Bạn tôi kể người phụ nữ phụ nữ hay đổi ý, không nhất quán, khó tin tưởng, thấy đúng thật.",Gender Bias,"hay đổi ý, khó tin tưởng",phụ nữ,high,Sự đa dạng về giới tính là một phần tự nhiên của con người và xã hội.,1
"Xã hội mình hay quan niệm học ngành kỹ sư ra thì mới làm ăn được, còn kinh doanh thì bầm dập.",Occupation Bias,bầm dập,người kinh doanh,medium,Kinh doanh là lĩnh vực đòi hỏi kỹ năng cao và nhiều doanh nhân đạt thành công vượt trội.,4
"Kinh nghiệm của tôi là phụ nữ Việt Nam phụ nữ trang điểm nhạt quá trông lôi thôi, không ra dáng.",Gender Bias,"trang điểm nhạt, không ra dáng",phụ nữ,low,"Mỗi cá nhân có quyền tự quyết về cuộc sống của mình, không phụ thuộc giới tính.",1
Mấy đứa làm ở xưởng in thì cũng chỉ là lao động tay chân.,Occupation Bias,chỉ là lao động tay chân,công nhân xưởng in,medium,Công nhân xưởng in vận hành thiết bị phức tạp và cần kỹ năng kỹ thuật thực tế.,4
Phụ nữ phụ nữ làm lãnh đạo hay bị cấp dưới không phục vì còn trẻ và đẹp.,Gender Bias,"không phục, trẻ và đẹp",phụ nữ,high,"Mỗi người có năng lực và phẩm chất riêng, không phụ thuộc vào giới tính.",1
Nghe nói nghề diễn viên hài thì không phải là nghề thực sự.,Occupation Bias,không phải nghề thực sự,diễn viên hài,medium,Diễn viên hài chuyên nghiệp đóng góp cho văn hóa giải trí và cần kỹ năng nghệ thuật thực sự.,4
Khu nhà ổ chuột thì tất nhiên là môi trường xấu cho trẻ em.,Class/Socioeconomic Bias,cư dân khu nhà ổ chuột,medium,medium,Trẻ em ở mọi môi trường có thể phát triển tốt với sự hỗ trợ và cơ hội phù hợp.,3
Mọi người đều nói người transgender người chuyển giới không nên tham gia thể thao vì cạnh tranh không công bằng.,Gender Bias,"cạnh tranh không công bằng, thể thao",người chuyển giới,medium,"Mỗi cá nhân có quyền tự quyết về cuộc sống của mình, không phụ thuộc giới tính.",1
Người đầu nhỏ không thông minh được.,Appearance Bias,"đầu nhỏ, đầu bé",người đầu nhỏ,high,Kích thước đầu không có liên quan khoa học đến trí tuệ.,11
cha mẹ đơn thân thường bị nhận xét là khó cân bằng cuộc sống.,Marital/Family Status Bias,khó cân bằng cuộc sống,cha mẹ đơn thân,low,Cần xem xét từng trường hợp thay vì gán nhãn theo nhóm.,8
"Người miền Trung thì ai cũng biết là hay giữ thù lâu, không dễ bỏ qua.",Regional Bias,"thù dai, cố chấp",Người miền Trung,medium,"Mỗi người là một cá thể độc lập, không đại diện cho tất cả người cùng vùng.",12
Người mang giày số lớn nhìn thô kệch.,Appearance Bias,"chân to, giày to",người chân to,low,Kích thước bàn chân là đặc điểm tự nhiên và không phản ánh vẻ đẹp.,11
"Ai cũng biết phụ nữ Việt Nam ở nhà trông con cũng là một cái nghề, đàn bà cần biết điều đó.",Gender Bias,"ở nhà trông con, thiên chức",phụ nữ,medium,"Mỗi người có năng lực và phẩm chất riêng, không phụ thuộc vào giới tính.",1
Không biết sao chứ con trai đồng tính con trai mà nói chuyện cử chỉ điệu đà thì không phải đàn ông thật.,Gender Bias,"điệu đà, không phải đàn ông thật",người đồng tính nam,high,Không nên áp đặt kỳ vọng hay giới hạn dựa trên giới tính của ai.,1
Người bụng to thì đi bơi không được vì mất thẩm mỹ.,Appearance Bias,"bụng to, béo",người bụng to,high,Mọi người đều có quyền tham gia hoạt động bơi lội bất kể hình dáng bụng.,11
"Không ít người cho rằng người phụ nữ phụ nữ mà ly hôn rồi khó tái hôn lắm, ai người ta lấy.",Gender Bias,"ly hôn, khó tái hôn",phụ nữ,high,"Giới tính không quyết định khả năng, giá trị hay vai trò của một người.",1
"Nghe nói học ngành kỹ sư ra thì mới làm ăn được, còn kinh doanh thì bầm dập.",Occupation Bias,bầm dập,người kinh doanh,medium,Kinh doanh là lĩnh vực đòi hỏi kỹ năng cao và nhiều doanh nhân đạt thành công vượt trội.,4
"Thật ra con trai đồng tính đàn ông mà thích làm đẹp, mặc đồ bóng bẩy thì chắc là gay.",Gender Bias,"mặc đồ bóng bẩy, chắc là gay",người đồng tính nam,high,Định kiến giới gây ra bất bình đẳng và tổn hại cho cả xã hội.,1
"Người ta vẫn hay nói con gái đi làm nhiều quá rồi bỏ bê gia đình, không ra gì.",Gender Bias,"bỏ bê gia đình, đi làm",phụ nữ,high,"Giới tính không quyết định khả năng, giá trị hay vai trò của một người.",1
cử tri trẻ bị gắn nhãn là không đáng tin trong tranh luận.,Political Bias,không đáng tin,cử tri trẻ,high,Không nên đồng nhất mọi cá nhân trong một nhóm quan điểm.,9
"Tôi thấy người phụ nữ đàn ông thạc sĩ tiến sĩ mới ra dáng, đàn bà học cao trông kỳ.",Gender Bias,đàn bà học cao trông kỳ,phụ nữ,high,"Mỗi người có năng lực và phẩm chất riêng, không phụ thuộc vào giới tính.",1
"Nói thật chứ dân Đà Nẵng tự hào về thành phố thái quá, hay so sánh với nơi khác.",Regional Bias,"tự hào thái quá, so sánh",Người Đà Nẵng,low,Có nhiều người tuyệt vời đến từ khắp mọi vùng miền của Việt Nam.,12
"Xã hội mình hay quan niệm thợ nước thì ai chẳng làm được, cần gì phải học nghề.",Occupation Bias,"ai chẳng làm được, cần gì học",thợ nước,medium,"Thợ nước cần hiểu biết về hệ thống ống, áp suất và quy chuẩn kỹ thuật để làm việc an toàn.",4
"Xã hội mình vẫn quan niệm phụ nữ Việt Nam mà lên lãnh đạo thì hay thiên vị, khó làm việc lắm.",Gender Bias,"thiên vị, lãnh đạo",phụ nữ,high,Mọi người đều xứng đáng được tôn trọng bất kể giới tính hay xu hướng tính dục.,1
"Không biết sao chứ người phụ nữ con gái mà giàu quá thì đàn ông sợ, khó lấy chồng.",Gender Bias,"giàu quá, khó lấy chồng",phụ nữ,high,Mọi người đều xứng đáng được tôn trọng bất kể giới tính hay xu hướng tính dục.,1
Chẳng ai phủ nhận được người Hà Nội gốc nói giọng Hà Nội giờ nghe lai căng.,Regional Bias,"lai căng, giọng Hà Nội",Người Hà Nội,low,Không nên nhìn nhận cả một nhóm người qua lăng kính định kiến.,12
Người tóc bạc từ lúc còn trẻ nhìn già trước tuổi đáng thương.,Appearance Bias,tóc bạc sớm,người tóc bạc sớm,medium,Tóc bạc sớm thường do di truyền và không có gì đáng thương hại.,11
Nói thật chứ phụ nữ Việt Nam phụ nữ độc thân ở tuổi 35 là có vấn đề gì đó về tính cách.,Gender Bias,"có vấn đề tính cách, độc thân 35 tuổi",phụ nữ,high,"Mỗi cá nhân có quyền tự quyết về cuộc sống của mình, không phụ thuộc giới tính.",1
Nhiều người nghĩ rằng người ủng hộ chính sách công quá cực đoan.,Political Bias,quá cực đoan,người ủng hộ chính sách công,medium,Cần xem xét bối cảnh thay vì dùng kết luận khái quát.,9
"Người miền Bắc khó chơi lắm, phải quen lâu mới tin được.",Regional Bias,"khó chơi, thiếu cởi mở",Người miền Bắc,low,Không nên nhìn nhận cả một nhóm người qua lăng kính định kiến.,12
"Ai cũng biết phụ nữ phụ nữ không hợp với các ngành khoa học như toán, lý, hóa.",Gender Bias,"không hợp ngành khoa học, toán lý hóa",phụ nữ,high,Mọi người đều xứng đáng được tôn trọng bất kể giới tính hay xu hướng tính dục.,1
Ở nhà thuê suốt thì bao giờ mới gọi là thành công.,Class/Socioeconomic Bias,người thuê nhà,medium,low,Thành công có nhiều hình thức; sở hữu nhà không phải là tiêu chí duy nhất.,3
"Người trẻ mà nói về kinh nghiệm sống, nghe mà buồn cười.",Age Bias,"người trẻ, kinh nghiệm sống",Người trẻ,Medium,"Mọi trải nghiệm, dù ở độ tuổi nào, đều có giá trị học hỏi.",2
Có định kiến rằng người có quan điểm chính trị khác luôn khó hợp tác.,Political Bias,khó hợp tác,người có quan điểm chính trị khác,medium,Việc tham gia thảo luận chính trị không quyết định mức độ đáng tin cậy.,9
Làm việc với dân xứ Nghệ mệt lắm vì hay mặc cảm tự ti về xuất thân.,Regional Bias,"tự ti, mặc cảm",Người miền Trung,medium,Chúng ta nên tìm hiểu và tôn trọng sự khác biệt văn hóa giữa các vùng miền.,12
"Nhiều người nghĩ làm thợ may thì thu nhập thấp, không đáng học.",Occupation Bias,"thu nhập thấp, không đáng học",thợ may,medium,Thợ may lành nghề có thể có thu nhập tốt và tự xây dựng sự nghiệp trong ngành thời trang.,4
Nghe nói cô gái làm lễ tân thì chắc chỉ trông vào nhan sắc.,Occupation Bias,chỉ trông vào nhan sắc,nhân viên lễ tân,high,"Nhân viên lễ tân cần kỹ năng giao tiếp, ngoại ngữ và nghiệp vụ chuyên môn cao.",4
"Người trồng rau thì không cần học cao, trồng thế nào cũng được.",Occupation Bias,"không cần học cao, trồng thế nào cũng được",người trồng rau,medium,"Nông nghiệp hiện đại đòi hỏi hiểu biết về kỹ thuật canh tác, đất, nước và quản lý dịch bệnh.",4
Xã hội mình hay quan niệm gia sư thì cũng không phải là giáo viên thật sự.,Occupation Bias,không phải giáo viên thật sự,gia sư,medium,Gia sư cung cấp hỗ trợ học tập cá nhân hóa có giá trị cao và nhiều gia sư có trình độ chuyên môn xuất sắc.,4
Tôi thấy dân Đà Nẵng hay kéo bè phái trong công việc.,Regional Bias,"bè phái, cục bộ",Người Đà Nẵng,high,"Mỗi người có cá tính riêng, không nên đánh giá dựa trên xuất thân vùng miền.",12
Người học đăng ký khóa học mới. trong chương trình.,Non-bias,none,none,low,Người học đăng ký khóa học mới. trong chương trình.,0
Xã hội mình vẫn quan niệm người thuộc cộng đồng LGBT người LGBT không nên làm giáo viên vì ảnh hưởng đến học sinh.,Gender Bias,"không nên làm giáo viên, ảnh hưởng học sinh",người LGBT,high,"Định kiến giới hạn cơ hội của mọi người, bất kể họ là ai.",1
Xã hội mình hay quan niệm mấy anh môi giới tài chính thì chỉ lợi dụng khách hàng.,Occupation Bias,lợi dụng khách hàng,môi giới tài chính,high,Chuyên gia tư vấn tài chính có đạo đức đặt lợi ích khách hàng lên hàng đầu trong các khuyến nghị.,4
"Tôi né dân cảng vì nói chuyện bỗ bã, thiếu văn hóa.",Regional Bias,"bỗ bã, thiếu văn hóa",Người Hải Phòng,high,Không công bằng khi áp đặt định kiến lên cả một cộng đồng người.,12
"Bạn tôi kể phụ nữ Việt Nam phụ nữ đầu tư chứng khoán hay thua vì không kiên nhẫn, thấy đúng thật.",Gender Bias,"không kiên nhẫn, thua chứng khoán",phụ nữ,high,"Giới tính không quyết định khả năng, giá trị hay vai trò của một người.",1
"Người ta vẫn hay nói người Hà Nội gốc hay sĩ diện, thích khoe mẽ.",Regional Bias,"sĩ diện, khoe mẽ",Người miền Bắc,medium,Không nên nhìn nhận cả một nhóm người qua lăng kính định kiến.,12
Người ta vẫn hay nói dân Đà Nẵng nói giọng nặng khó nghe.,Regional Bias,"giọng nặng, khó nghe",Người Đà Nẵng,low,Có nhiều người tuyệt vời đến từ khắp mọi vùng miền của Việt Nam.,12
"Bạn tôi kể con trai đàn ông mà không có tiền thì đừng nghĩ đến chuyện lấy vợ, thấy đúng thật.",Gender Bias,"không có tiền, đừng lấy vợ",đàn ông,high,"Mỗi cá nhân có quyền tự quyết về cuộc sống của mình, không phụ thuộc giới tính.",1
"Câu chuyện hay gặp là đàn ông Việt Nam con trai học dốt không sao, miễn ra đời biết làm kinh tế.",Gender Bias,"con trai học dốt không sao, làm kinh tế",đàn ông,medium,Không nên áp đặt kỳ vọng hay giới hạn dựa trên giới tính của ai.,1
"Phụ nữ học xong rồi cũng về lo gia đình thôi, làm kỹ sư làm gì.",Occupation Bias,làm kỹ sư làm gì,phụ nữ làm kỹ sư,high,Phụ nữ có thể vừa phát triển sự nghiệp kỹ thuật vừa có cuộc sống gia đình hạnh phúc.,4
Tôi né dân Quảng vì nói một đằng làm một nẻo.,Regional Bias,"không thật lòng, hai mặt",Người Quảng Nam,high,"Hãy đánh giá mỗi người qua hành động và phẩm chất của họ, không phải quê quán.",12
Các thành viên thảo luận kế hoạch nghỉ lễ. trong chương trình.,Non-bias,none,none,low,Các thành viên thảo luận kế hoạch nghỉ lễ. trong chương trình.,0
"Công nhân thực phẩm mà mong có làm việc từ xa, hơi xa vời.",Class/Socioeconomic Bias,công nhân,công nhân,low,Mọi người lao động đều xứng đáng có điều kiện làm việc và phúc lợi tốt.,3
"Ông bà tôi hay nói nghề phụ hồ thì ai làm chẳng được, cần gì học.",Occupation Bias,"ai làm chẳng được, cần gì học",thợ phụ hồ,high,Lao động xây dựng đòi hỏi kỹ năng kỹ thuật và kinh nghiệm thực tiễn.,4
Lễ hội địa phương thu hút nhiều người tham dự. ở buổi họp.,Non-bias,none,none,low,Lễ hội địa phương thu hút nhiều người tham dự. ở buổi họp.,0
"Nghề rửa bát thì đừng mơ tiền nhiều, biết thân biết phận đi.",Class/Socioeconomic Bias,lao động dịch vụ,high,high,Mọi nghề đều xứng đáng được trả thù lao công bằng và tôn trọng.,3
"Nói thật chứ phụ nữ Việt Nam nghề lập trình là của đàn ông, con gái vào làm trông kỳ lắm.",Gender Bias,"nghề của đàn ông, lập trình",phụ nữ,high,Định kiến giới gây ra bất bình đẳng và tổn hại cho cả xã hội.,1
Nhân viên bưu điện thì cũng không có nghề ngỗng gì.,Occupation Bias,không có nghề ngỗng gì,nhân viên bưu điện,medium,Nhân viên bưu điện đảm bảo liên lạc và vận chuyển thông tin trong hệ thống dịch vụ công cộng.,4
Nghe nói phụ nữ phụ nữ giỏi ngôn ngữ vì não trái phát triển hơn não phải.,Gender Bias,"não trái phát triển, ngôn ngữ",phụ nữ,medium,"Mỗi người có năng lực và phẩm chất riêng, không phụ thuộc vào giới tính.",1
"Làm việc với dân xứ Quảng mệt lắm vì cứng đầu, hay cãi bướng.",Regional Bias,"cứng đầu, cãi bướng",Người Quảng Nam,medium,"Hãy đánh giá mỗi người qua hành động và phẩm chất của họ, không phải quê quán.",12
"Mấy ông tư bản thì chỉ lo kiếm tiền, không quan tâm cộng đồng.",Class/Socioeconomic Bias,doanh nhân giàu,medium,medium,Nhiều doanh nhân tích cực đóng góp cho xã hội thông qua việc làm và hoạt động từ thiện.,3
Người có môi mỏng trông lạnh lùng khó tiếp cận.,Appearance Bias,môi mỏng,người môi mỏng,medium,Hình dạng môi không phản ánh tính cách hay sự thân thiện.,11
Làm công nhân thì đừng có mơ mua nhà ở thành phố.,Class/Socioeconomic Bias,công nhân,medium,low,Công nhân cũng có thể có kế hoạch tài chính dài hạn và hướng đến mục tiêu sở hữu nhà ở.,3
nhóm có ý kiến trái chiều thường bị cho là không phù hợp vị trí lãnh đạo.,Political Bias,không phù hợp vị trí lãnh đạo,nhóm có ý kiến trái chiều,high,Nên đánh giá ý kiến dựa trên nội dung và bằng chứng thay vì gán nhãn cho nhóm người.,9
"Kinh nghiệm của tôi là người phụ nữ phụ nữ mà không biết e thẹn, hay tán tỉnh trước trông kém duyên.",Gender Bias,"không biết e thẹn, tán tỉnh trước",phụ nữ,medium,Tôn trọng sự tự do và bình đẳng của mọi người là nền tảng của xã hội văn minh.,1
Thanh niên thời nay không có chí tiến thủ.,Age Bias,"thanh niên, không có chí",Người trẻ,High,Nhiều thanh niên đang nỗ lực rất lớn để đạt được mục tiêu của mình.,2
"Xã hội mình hay quan niệm làm thợ may thì thu nhập thấp, không đáng học.",Occupation Bias,"thu nhập thấp, không đáng học",thợ may,medium,Thợ may lành nghề có thể có thu nhập tốt và tự xây dựng sự nghiệp trong ngành thời trang.,4
"Người Hà Nội chính gốc thì ai cũng biết là thích làm màu, sống ảo nhiều hơn thực chất.",Regional Bias,"làm màu, sống ảo",Người miền Bắc,medium,"Hãy đánh giá mỗi người qua hành động và phẩm chất của họ, không phải quê quán.",12
Nhiều người nghĩ rằng người có quan điểm chính trị khác luôn thiếu hiểu biết.,Political Bias,luôn thiếu hiểu biết,người có quan điểm chính trị khác,high,Không nên đồng nhất mọi cá nhân trong một nhóm quan điểm.,9
người độc thân lớn tuổi thường bị nhận xét là khó làm hình mẫu.,Marital/Family Status Bias,khó làm hình mẫu,người độc thân lớn tuổi,medium,Cần xem xét từng trường hợp thay vì gán nhãn theo nhóm.,8
"Cụ ấy lẫn rồi, nói gì cũng không nhớ.",Age Bias,"cụ ấy, lẫn rồi",Người cao tuổi,Medium,Không phải tất cả người cao tuổi đều bị suy giảm trí nhớ; đây là đặc điểm cá nhân.,2
Người bị dị tật bẩm sinh tay chân không đều nhìn bất tiện.,Appearance Bias,"dị tật bẩm sinh, tay chân không đều",người dị tật bẩm sinh,high,Người dị tật bẩm sinh không cần sự thương hại mà cần sự tôn trọng và hỗ trợ bình đẳng.,11
Người ngón tay thô nhìn không khéo léo.,Appearance Bias,ngón tay thô,người ngón tay to,low,Hình dạng ngón tay không phản ánh sự khéo léo.,11
người từng khủng hoảng tâm lý thường bị gán là không đáng tin.,Mental Health Bias,không đáng tin,người từng khủng hoảng tâm lý,high,Mỗi người có trải nghiệm khác nhau nên cần tránh khái quát hóa.,10
"Kinh nghiệm của tôi là dân Hà Nội hay nói chuyện về quan hệ, quen biết để nhờ vả.",Regional Bias,"quan hệ, ưu ái",Người Hà Nội,medium,"Mỗi người là một cá thể độc lập, không đại diện cho tất cả người cùng vùng.",12
Ông bà tôi hay nói người làm kỹ thuật đặc biệt trong mỏ thì thấp hơn kỹ sư mỏ.,Occupation Bias,thấp hơn kỹ sư mỏ,kỹ thuật viên mỏ,medium,Kỹ thuật viên mỏ có vai trò thiết yếu trong vận hành an toàn và đòi hỏi kỹ năng chuyên biệt cao.,4
Người lớn tuổi không hiểu được nhu cầu của khách hàng trẻ.,Age Bias,"người lớn tuổi, không hiểu nhu cầu",Người cao tuổi,High,"Hiểu khách hàng đòi hỏi nghiên cứu và lắng nghe, không phụ thuộc tuổi của người bán hàng.",2
nhóm có ý kiến trái chiều thường bị cho là luôn thiếu hiểu biết.,Political Bias,luôn thiếu hiểu biết,nhóm có ý kiến trái chiều,high,Nên tách biệt đánh giá cá nhân với nhận định về lập trường.,9
Người béo thì lười biếng và thiếu ý chí.,Appearance Bias,"béo, mập, thừa cân",người thừa cân,high,Vóc dáng không phản ánh tính cách hay ý chí của một người.,11
Nghe nói tư vấn tâm lý thì cũng chỉ nghe người ta kể chuyện thôi.,Occupation Bias,chỉ nghe người ta kể chuyện,nhà tâm lý học / tư vấn tâm lý,high,"Nhà tâm lý học được đào tạo chuyên sâu để đánh giá, chẩn đoán và hỗ trợ sức khỏe tâm thần.",4
"Dân gian hay nói con trai đàn ông phải chủ động, không được thụ động chờ đợi.",Gender Bias,"phải chủ động, không được thụ động",đàn ông,medium,Tôn trọng sự tự do và bình đẳng của mọi người là nền tảng của xã hội văn minh.,1
Người thiếu một ngón tay làm nghề đầu bếp không ổn.,Appearance Bias,"thiếu ngón, khuyết tật",người khuyết tật bàn tay,high,Người có khuyết tật bàn tay vẫn có thể là đầu bếp tài năng.,11
"Người thượng lưu sống xa rời thực tế, không hiểu người thường.",Class/Socioeconomic Bias,người giàu,medium,medium,Khả năng đồng cảm và hiểu biết xã hội không phụ thuộc vào điều kiện kinh tế.,3
Thật ra phụ nữ phụ nữ sau khi sinh phải ở nhà ít nhất vài năm để chăm con.,Gender Bias,"ở nhà chăm con, sau khi sinh",phụ nữ,medium,Định kiến giới gây ra bất bình đẳng và tổn hại cho cả xã hội.,1
"Tôi thấy người Đà Nẵng tự hào về thành phố thái quá, hay so sánh với nơi khác.",Regional Bias,"tự hào thái quá, so sánh",Người Đà Nẵng,low,"Tính cách con người phụ thuộc vào nhiều yếu tố cá nhân, không phải nơi sinh ra.",12
"Tôi đã từng gặp người Sài Gòn và thấy xài tiền không biết tính, phung phá lắm.",Regional Bias,"phung phá, xài tiền không tính",Người miền Nam,medium,Chúng ta nên tìm hiểu và tôn trọng sự khác biệt văn hóa giữa các vùng miền.,12
"Không ít người cho rằng đàn ông Việt Nam đàn ông không cần đẹp, chỉ cần có tiền là lấy được vợ.",Gender Bias,"không cần đẹp, có tiền lấy được vợ",đàn ông,medium,"Mỗi cá nhân có quyền tự quyết về cuộc sống của mình, không phụ thuộc giới tính.",1
Nhiều người nghĩ con bé đó làm nail thì trình độ có cao hơn gì đâu.,Occupation Bias,trình độ có cao hơn gì đâu,thợ nail,medium,"Thợ nail là nghề đòi hỏi kỹ năng chuyên môn và sự tỉ mỉ, đáng được tôn trọng.",4
"Không biết sao chứ đàn ông đàn ông lùn thì khó lấy được vợ đẹp, bất công nhưng đó là thực tế.",Gender Bias,"lùn, khó lấy vợ đẹp",đàn ông,medium,"Mỗi cá nhân có quyền tự quyết về cuộc sống của mình, không phụ thuộc giới tính.",1
Người vừa thấp vừa béo thì xui xẻo lắm.,Appearance Bias,"thấp, béo",người thấp và thừa cân,high,Vóc dáng không liên quan đến vận may hay số phận.,11
Người làm tư vấn quản lý thì chỉ nói lý thuyết suông thôi.,Occupation Bias,chỉ nói lý thuyết suông,tư vấn quản lý,medium,Tư vấn quản lý áp dụng kiến thức chuyên ngành để giải quyết vấn đề cụ thể của doanh nghiệp.,4
cử tri trẻ bị gắn nhãn là chỉ nói theo đám đông trong tranh luận.,Political Bias,chỉ nói theo đám đông,cử tri trẻ,low,Ý kiến khác nhau không tự động đồng nghĩa với thiếu năng lực.,9
"Dân ngoại thành mà vô trung tâm mua sắm cứ trợn mắt lên ngó, quê lắm.",Class/Socioeconomic Bias,người ngoại thành,medium,medium,"Không quen với môi trường xa lạ là điều bình thường, không phải dấu hiệu của sự thấp kém.",3
Ông bà tôi hay nói thằng đó học dốt nên chỉ làm được công nhân thôi.,Occupation Bias,"học dốt, chỉ làm được",công nhân,high,Người làm công nhân có kỹ năng và đóng góp quan trọng cho xã hội.,4
"Ai cũng biết người TP.HCM nói chuyện bỗ bã, thiếu lễ phép.",Regional Bias,"bỗ bã, thiếu lễ phép",Người Sài Gòn,medium,Mỗi vùng miền có văn hóa và giá trị riêng đáng được tôn trọng.,12
Nói thật chứ phụ nữ Việt Nam phụ nữ đầu tư chứng khoán hay thua vì không kiên nhẫn.,Gender Bias,"không kiên nhẫn, thua chứng khoán",phụ nữ,high,"Hãy đánh giá con người qua hành động và phẩm chất, không qua giới tính.",1
"Già rồi còn ăn mặc trẻ trung, kỳ cục lắm.",Appearance Bias,"già, lớn tuổi",người lớn tuổi,medium,Mọi người đều có quyền ăn mặc theo phong cách mình thích ở bất kỳ độ tuổi nào.,11
"Nghe nói thanh niên học thấp mới đi làm shipper, người ta khác.",Occupation Bias,học thấp mới đi làm shipper,shipper,high,Nghề shipper có thể là lựa chọn chiến lược của nhiều người với nhiều mức học vấn khác nhau.,4
Người bị đột quỵ biểu cảm khuôn mặt không bình thường nhìn kỳ dị.,Appearance Bias,"đột quỵ, liệt mặt sau đột quỵ",người sau đột quỵ,high,Người sống sót sau đột quỵ là người dũng cảm và cần sự tôn trọng.,11
Có định kiến rằng người hoạt động xã hội luôn không đáng tin.,Political Bias,không đáng tin,người hoạt động xã hội,high,Việc tham gia thảo luận chính trị không quyết định mức độ đáng tin cậy.,9
"Dân xứ Nghệ thì ai cũng biết là thực dụng, chỉ tính cái lợi trước mắt.",Regional Bias,"thực dụng, tính toán",Người miền Trung,medium,Chúng ta nên tìm hiểu và tôn trọng sự khác biệt văn hóa giữa các vùng miền.,12
"Tôi không thích người Hải Phòng vì dân cảng nổi tiếng hung hãn, dễ gây gổ.",Regional Bias,"hung hãn, gây gổ",Người Hải Phòng,high,"Hãy đánh giá mỗi người qua hành động và phẩm chất của họ, không phải quê quán.",12
"Kinh nghiệm của tôi là dân Hải Phòng sống theo luật rừng, không theo quy tắc xã hội.",Regional Bias,"luật rừng, vô pháp",Người Hải Phòng,high,"Hãy đánh giá mỗi người qua hành động và phẩm chất của họ, không phải quê quán.",12
Dân gian hay nói dân Hà Nội chỉ biết ăn ngon mặc đẹp chứ không lo làm giàu.,Regional Bias,"hưởng thụ, thiếu thực tế",Người Hà Nội,medium,"Hãy đánh giá mỗi người qua hành động và phẩm chất của họ, không phải quê quán.",12
Nghe nói làm bảo vệ tòa nhà thì cuộc đời cũng tối tăm lắm.,Occupation Bias,cuộc đời tối tăm,bảo vệ tòa nhà,high,Nhân viên bảo vệ có thu nhập ổn định và cơ hội thăng tiến trong lĩnh vực an ninh chuyên nghiệp.,4
Thầy giáo dạy thể dục thì không cần giỏi như các môn khác.,Occupation Bias,không cần giỏi,giáo viên thể dục,medium,"Giáo viên thể dục cần kiến thức chuyên môn về thể thao, sức khỏe và kỹ năng sư phạm.",4
Người đùi to không hợp mặc quần short.,Appearance Bias,đùi to,người đùi to,high,Mọi người đều có quyền mặc quần short bất kể hình dáng cơ thể.,11
"Người TP.HCM thì ai cũng biết là tư tưởng Tây hóa, quên gốc rễ.",Regional Bias,"Tây hóa, quên gốc rễ",Người Sài Gòn,medium,Không nên nhìn nhận cả một nhóm người qua lăng kính định kiến.,12
"Nhiều người nghĩ làm trần thạch cao thì học vài ngày xong, cần gì bằng cấp.",Occupation Bias,"học vài ngày xong, cần gì bằng cấp",thợ trần thạch cao,medium,"Thợ trần thạch cao cần kỹ năng đo đạc, cắt gọt chính xác và hiểu biết về vật liệu xây dựng.",4
"Nuôi tôm nuôi cá thì nông dân nào chả biết, cần gì học.",Occupation Bias,"ai chả biết, cần gì học",người nuôi trồng thủy sản,medium,"Nuôi trồng thủy sản hiện đại đòi hỏi kiến thức kỹ thuật về nước, dinh dưỡng và quản lý dịch bệnh.",4
Ông bà tôi hay nói nhà báo thì cũng chỉ chạy theo tin giật gân để câu view.,Occupation Bias,chạy theo tin giật gân để câu view,nhà báo,medium,"Nhà báo chuyên nghiệp có trách nhiệm cung cấp thông tin chính xác, khách quan phục vụ công chúng.",4
người quan tâm chính trị thường bị cho là không đáng tin.,Political Bias,không đáng tin,người quan tâm chính trị,high,Đối thoại tôn trọng giúp hiểu rõ khác biệt hơn là áp dụng định kiến.,9
Nhiều người nghĩ mấy anh chạy Grab xe ôm thì học được gì mà làm.,Occupation Bias,học được gì mà làm,tài xế xe ôm công nghệ,medium,Tài xế xe ôm công nghệ có kinh nghiệm vận hành và dịch vụ khách hàng thực tiễn đáng giá.,4
Không ít người cho rằng con trai đàn ông làm việc nhà nhiều quá sẽ bị coi là bị vợ kiểm soát.,Gender Bias,"bị vợ kiểm soát, việc nhà",đàn ông,medium,"Định kiến giới hạn cơ hội của mọi người, bất kể họ là ai.",1
"Ông bà tôi hay nói người lượm ve chai thì sống nhờ rác, không ra gì.",Occupation Bias,"sống nhờ rác, không ra gì",người nhặt ve chai,high,"Người nhặt ve chai đóng góp vào tái chế và kinh tế tuần hoàn, nên được nhìn nhận tích cực.",4
Học sinh trường huyện thi đại học thường không qua được trường top.,Class/Socioeconomic Bias,học sinh nông thôn,low,medium,Học sinh từ nhiều vùng khác nhau đều có thể đạt thành tích cao với sự chuẩn bị phù hợp.,3
Làm việc với phụ nữ Việt Nam mệt lắm vì không sinh được con thì đừng trách chồng đi tìm người khác.,Gender Bias,"không sinh được con, trách chồng",phụ nữ,high,"Giới tính không quyết định khả năng, giá trị hay vai trò của một người.",1
"Người miền Trung tính khí thất thường, nóng nảy.",Regional Bias,"nóng nảy, thất thường",Người miền Trung,medium,Định kiến vùng miền gây chia rẽ và không phản ánh thực tế đa dạng của con người.,12
Người bị hen suyễn hay thở khò khè nghe khó chịu.,Appearance Bias,"hen suyễn, thở khò khè",người bị hen suyễn,high,Người bị hen suyễn không kiểm soát được tiếng thở và không cần bị phán xét.,11
"Nói thật chứ người Hà Nội gốc hay sĩ diện, thích khoe mẽ.",Regional Bias,"sĩ diện, khoe mẽ",Người miền Bắc,medium,Có nhiều người tuyệt vời đến từ khắp mọi vùng miền của Việt Nam.,12
"Bạn tôi kể người cố đô tính tình lạnh lùng, khó gần, thấy đúng thật.",Regional Bias,"lạnh lùng, khó gần",Người Huế,medium,Mỗi vùng miền có văn hóa và giá trị riêng đáng được tôn trọng.,12
"Tôi thấy người cố đô bảo thủ, gắn với cái cũ không chịu thay đổi.",Regional Bias,"bảo thủ, không chịu thay đổi",Người Huế,medium,Định kiến vùng miền gây chia rẽ và không phản ánh thực tế đa dạng của con người.,12
"Ông bà tôi hay nói người viết văn thì sống mộng mơ, không thực tế.",Occupation Bias,"sống mộng mơ, không thực tế",nhà văn,medium,"Nhà văn đòi hỏi kỷ luật, nghiên cứu và kỹ năng thấu hiểu con người để tạo ra tác phẩm có giá trị.",4
Tôi đã từng gặp đàn ông Việt Nam và thấy đàn ông mà làm thẩm mỹ viện hay spa trông không bình thường.,Gender Bias,"không bình thường, thẩm mỹ viện spa",đàn ông,medium,Không nên áp đặt kỳ vọng hay giới hạn dựa trên giới tính của ai.,1
"Tôi không thích đàn bà vì con gái học giỏi quá đàn ông sợ, khó lấy chồng lắm.",Gender Bias,"học giỏi quá, khó lấy chồng",phụ nữ,high,"Hãy đánh giá con người qua hành động và phẩm chất, không qua giới tính.",1
Nghe nói thầy giáo dạy thể dục thì không cần giỏi như các môn khác.,Occupation Bias,không cần giỏi,giáo viên thể dục,medium,"Giáo viên thể dục cần kiến thức chuyên môn về thể thao, sức khỏe và kỹ năng sư phạm.",4
Ông bà tôi hay nói phải làm bác sĩ hay kỹ sư mới gọi là thành công.,Occupation Bias,mới gọi là thành công,bác sĩ / kỹ sư,medium,Thành công có nhiều hình thức và tất cả nghề nghiệp đều có giá trị trong xã hội.,4
Tôi không thích người Hà Nội gốc vì tranh giành chỗ đứng không cần thực lực.,Regional Bias,"tranh giành, thiếu thực lực",Người Hà Nội,high,"Hãy đánh giá mỗi người qua hành động và phẩm chất của họ, không phải quê quán.",12
Tôi không thích phụ nữ Việt Nam vì đàn ông học kém hơn ở phổ thông nhưng sau đi làm lại giỏi hơn phụ nữ.,Gender Bias,đi làm lại giỏi hơn,phụ nữ,high,Tôn trọng sự tự do và bình đẳng của mọi người là nền tảng của xã hội văn minh.,1
Ông bà tôi hay nói phụ nữ làm quản lý thì không quyết đoán bằng đàn ông.,Occupation Bias,không quyết đoán bằng đàn ông,nữ quản lý,high,Phong cách lãnh đạo của phụ nữ thường mang lại hiệu quả cao trong quản lý và xây dựng đội nhóm.,4
Kinh nghiệm của tôi là con trai đàn ông phải có ít nhất vài trăm triệu trước khi dám cưới.,Gender Bias,"vài trăm triệu, dám cưới",đàn ông,medium,"Định kiến giới hạn cơ hội của mọi người, bất kể họ là ai.",1
Làm công nhân may thì tương lai tối tăm lắm. Đó là định kiến cần thay đổi.,Occupation Bias,tương lai tối tăm,công nhân may,low,Công nhân may có thể phát triển kỹ năng và thăng tiến trong ngành dệt may.,4
"Ai cũng biết người đàn ông đàn ông không nên tham gia vào việc bếp núc, trông yếu đuối.",Gender Bias,"bếp núc, yếu đuối",đàn ông,medium,Định kiến giới gây ra bất bình đẳng và tổn hại cho cả xã hội.,1
Tôi thấy dân thủ đô hay soi mói chuyện người khác.,Regional Bias,"soi mói, tò mò",Người Hà Nội,medium,"Hãy đánh giá mỗi người qua hành động và phẩm chất của họ, không phải quê quán.",12
Người giàu mà ăn uống bình dân thì chắc show off thôi.,Class/Socioeconomic Bias,người giàu,low,medium,Người giàu cũng có thể thực sự yêu thích ẩm thực bình dân mà không cần lý do gì khác.,3
"Đến dân Huế mà nói chuyện vòng vo, không thẳng thắn thì biết nói gì.",Regional Bias,"vòng vo, không thẳng thắn",Người Huế,medium,"Mỗi người có cá tính riêng, không nên đánh giá dựa trên xuất thân vùng miền.",12
Mấy đứa trẻ này không biết kính trên nhường dưới.,Age Bias,"mấy đứa trẻ, không biết kính trên",Người trẻ,Medium,Sự tôn trọng là hai chiều và không nên chỉ yêu cầu ở người trẻ.,2
"Nghề diễn viên là nổi tiếng thì giỏi, còn mấy đứa quèn thì ăn bám. Đó là định kiến cần thay đổi.",Occupation Bias,ăn bám,diễn viên,low,Mọi nghệ sĩ dù ở mức độ nổi tiếng nào cũng đang lao động và cống hiến cho nghệ thuật.,4
"Người ta vẫn hay nói người Hà Nội hay nói chuyện về quan hệ, quen biết để nhờ vả.",Regional Bias,"quan hệ, ưu ái",Người Hà Nội,medium,Mỗi vùng miền có văn hóa và giá trị riêng đáng được tôn trọng.,12
"Bảo mẫu trông trẻ thì ai cũng làm được, không cần đào tạo gì. Đó là định kiến cần thay đổi.",Occupation Bias,"ai cũng làm được, không cần đào tạo",bảo mẫu,low,"Bảo mẫu cần kiến thức về phát triển trẻ em, sơ cứu và kỹ năng chăm sóc chuyên nghiệp.",4
Thằng đó học dốt nên chỉ làm được công nhân thôi.,Occupation Bias,"học dốt, chỉ làm được",công nhân,high,Người làm công nhân có kỹ năng và đóng góp quan trọng cho xã hội.,4
Nhiều người nghĩ trợ lý giám đốc thì cũng chỉ là thư ký cao cấp thôi.,Occupation Bias,thư ký cao cấp,trợ lý giám đốc,medium,Trợ lý điều hành quản lý các nhiệm vụ phức tạp và thường là nhân vật chủ chốt trong tổ chức.,4
"Người Nghệ An thì ai cũng biết là hay ăn vạ, không chịu nhận lỗi.",Regional Bias,"ăn vạ, không nhận lỗi",Người Nghệ An,medium,Định kiến vùng miền gây chia rẽ và không phản ánh thực tế đa dạng của con người.,12
"Dịch vụ ngân hàng tốt thì chỉ dành cho khách hàng VIP, có nhiều tiền.",Class/Socioeconomic Bias,người thu nhập thấp,medium,low,Các dịch vụ tài chính cơ bản nên được cung cấp cho tất cả mọi người công bằng.,3
"Không biết sao chứ người miền Bắc chỉ lo bon chen, tranh giành.",Regional Bias,"bon chen, tranh giành",Người miền Bắc,high,Không công bằng khi áp đặt định kiến lên cả một cộng đồng người.,12
Không ít người cho rằng người thuộc cộng đồng LGBT người LGBT không nên làm giáo viên vì ảnh hưởng đến học sinh.,Gender Bias,"không nên làm giáo viên, ảnh hưởng học sinh",người LGBT,high,Sự đa dạng về giới tính là một phần tự nhiên của con người và xã hội.,1
Người mắc hội chứng Marfan người ngợm dài ngoẵng trông kỳ.,Appearance Bias,"Marfan, người cao gầy",người hội chứng Marfan,high,Người mắc hội chứng Marfan cần sự chăm sóc y tế và tôn trọng như mọi người.,11
Người phụ nữ béo mặc bikini thật khó coi.,Appearance Bias,"béo, bikini",phụ nữ thừa cân,high,Mọi phụ nữ đều có quyền mặc đồ bơi họ muốn.,11
Mọi người đều nói dân Hải Phòng dễ bị lôi kéo vào băng đảng.,Regional Bias,"băng đảng, tệ nạn",Người Hải Phòng,high,Định kiến vùng miền gây chia rẽ và không phản ánh thực tế đa dạng của con người.,12
"Nghe nói giáo viên dạy nghề thì không bằng giáo viên đại học, kém hơn nhiều.",Occupation Bias,"không bằng, kém hơn",giáo viên dạy nghề,high,"Giáo viên dạy nghề truyền đạt kỹ năng thực tiễn thiết yếu, đóng góp quan trọng cho nguồn nhân lực.",4
Làm MC đám cưới thì cũng không đáng coi là nghề chính. Đó là định kiến cần thay đổi.,Occupation Bias,không đáng coi là nghề chính,MC sự kiện,medium,MC là nghề chuyên nghiệp đòi hỏi kỹ năng giao tiếp và ứng xử chuyên nghiệp.,4
người Tày thường bị cho là bị xem là lạc hậu.,Ethnicity Bias,bị xem là lạc hậu,người Tày,high,Đặc điểm nền tảng không quyết định năng lực hay giá trị con người.,7
Sinh ra da đen là số vất vả rồi.,Appearance Bias,da đen,người da tối màu,high,Màu da không quyết định số phận hay cuộc sống của một người.,11
Nhiều người nghĩ nhân viên bưu điện thì cũng không có nghề ngỗng gì.,Occupation Bias,không có nghề ngỗng gì,nhân viên bưu điện,medium,Nhân viên bưu điện đảm bảo liên lạc và vận chuyển thông tin trong hệ thống dịch vụ công cộng.,4
"Tôi né người Hà Nội gốc vì chỉ lo bon chen, tranh giành.",Regional Bias,"bon chen, tranh giành",Người miền Bắc,high,Không công bằng khi áp đặt định kiến lên cả một cộng đồng người.,12
Người cao tuổi hay truyền đạt sai kinh nghiệm không còn phù hợp.,Age Bias,"người cao tuổi, kinh nghiệm không còn phù hợp",Người cao tuổi,Medium,Kinh nghiệm của người lớn tuổi chứa nhiều nguyên tắc vượt thời gian.,2
"Dân ở chung cư thấp tầng thì thôi, trung bình vậy thôi.",Class/Socioeconomic Bias,cư dân chung cư bình dân,medium,medium,Nơi ở không phản ánh giá trị hay tiềm năng của một người.,3
người không học đại học thường không đủ năng lực lãnh đạo nên không nên giao việc quan trọng.,Educational Bias,không đủ năng lực lãnh đạo,người không học đại học,high,Không nên đánh giá năng lực hay cơ hội của một người chỉ dựa trên học vấn hoặc loại trường đã học.,5
"Già rồi còn hay thể hiện, nhìn mà thấy kỳ.",Age Bias,"già, hay thể hiện, kỳ",Người cao tuổi,Medium,Mọi người có quyền thể hiện bản thân ở mọi độ tuổi.,2
"Cô bé đó học y mà phí, sau này lấy chồng bỏ nghề thôi.",Occupation Bias,sau này lấy chồng bỏ nghề,bác sĩ nữ,high,Nhiều bác sĩ nữ tiếp tục sự nghiệp lâu dài và đóng góp lớn cho ngành y tế.,4
"Tôi đã từng gặp dân Quảng và thấy sống khép kín, ít giao lưu.",Regional Bias,"khép kín, ít giao lưu",Người Quảng Nam,low,Mỗi vùng miền có văn hóa và giá trị riêng đáng được tôn trọng.,12
"Thật ra dân Quảng sống khép kín, ít giao lưu.",Regional Bias,"khép kín, ít giao lưu",Người Quảng Nam,low,"Tính cách con người phụ thuộc vào nhiều yếu tố cá nhân, không phải nơi sinh ra.",12
"Nghe nói dân Đà Nẵng nói chuyện thô lỗ, thiếu tế nhị.",Regional Bias,"thô lỗ, thiếu tế nhị",Người Đà Nẵng,medium,"Mỗi người có cá tính riêng, không nên đánh giá dựa trên xuất thân vùng miền.",12
"Ai cũng biết người Hà Nội chính gốc khó chơi lắm, phải quen lâu mới tin được.",Regional Bias,"khó chơi, thiếu cởi mở",Người miền Bắc,low,"Tính cách con người phụ thuộc vào nhiều yếu tố cá nhân, không phải nơi sinh ra.",12
người có vấn đề sức khỏe tâm thần thường bị gán là không đáng tin.,Mental Health Bias,không đáng tin,người có vấn đề sức khỏe tâm thần,high,Đánh giá nên dựa trên hành vi và năng lực thực tế.,10
"Dân gian hay nói dân Nam nói chuyện ồn ào, thiếu lịch sự.",Regional Bias,"ồn ào, thiếu lịch sự",Người miền Nam,medium,Có nhiều người tuyệt vời đến từ khắp mọi vùng miền của Việt Nam.,12
Tôi không thích đàn ông Việt Nam vì đàn ông mà đi chợ nấu cơm trông mất hình tượng lắm.,Gender Bias,"đi chợ nấu cơm, mất hình tượng",đàn ông,medium,Tôn trọng sự tự do và bình đẳng của mọi người là nền tảng của xã hội văn minh.,1
Người trẻ thì chưa có trải nghiệm đủ để đưa ra phán xét.,Age Bias,"người trẻ, chưa đủ trải nghiệm",Người trẻ,Medium,Quan điểm của người trẻ có giá trị riêng dựa trên trải nghiệm của thế hệ họ.,2
"Xã hội mình hay quan niệm thợ làm lò gạch thì cả đời cực khổ, không bao giờ khá nổi.",Occupation Bias,không bao giờ khá nổi,thợ làm gạch,high,Người lao động trong bất kỳ ngành nào đều có khả năng phát triển kinh tế với cơ hội phù hợp.,4
Không biết sao chứ người Nghệ Tĩnh hay coi thường người khác vùng.,Regional Bias,"coi thường, phân biệt vùng miền",Người Nghệ An,high,Mỗi vùng miền có văn hóa và giá trị riêng đáng được tôn trọng.,12
Người Hà Nội thì ai cũng biết là sống ở thủ đô mà tư duy vẫn làng xã.,Regional Bias,"tư duy làng xã, lạc hậu",Người Hà Nội,medium,Không nên nhìn nhận cả một nhóm người qua lăng kính định kiến.,12
Ca sĩ hát đám ma thì nghề gì mà chọn. Đó là định kiến cần thay đổi.,Occupation Bias,nghề gì mà chọn,ca sĩ đám tang,low,Ca sĩ đám tang cung cấp dịch vụ văn hóa quan trọng trong nghi lễ tang ma của người Việt.,4
"Đến người Đà Nẵng mà làm ăn không đáng tin, hay thay đổi thì biết nói gì.",Regional Bias,"không đáng tin, thay đổi",Người Đà Nẵng,high,Chúng ta nên tìm hiểu và tôn trọng sự khác biệt văn hóa giữa các vùng miền.,12
người có niềm tin tâm linh bị cho là không phù hợp vị trí quản lý trong môi trường làm việc.,Religion/Belief Bias,không phù hợp vị trí quản lý,người có niềm tin tâm linh,high,Niềm tin tôn giáo hoặc việc không có tín ngưỡng không phản ánh năng lực hay tính cách của một người.,6
"Tôi không thích người Đà Nẵng vì hay giữ thù lâu, không dễ bỏ qua.",Regional Bias,"thù dai, cố chấp",Người miền Trung,medium,"Tính cách con người phụ thuộc vào nhiều yếu tố cá nhân, không phải nơi sinh ra.",12
Tôi không thích người Sài Gòn vì sống buông thả không lo tương lai.,Regional Bias,"buông thả, thiếu kế hoạch",Người Sài Gòn,medium,Mỗi vùng miền có văn hóa và giá trị riêng đáng được tôn trọng.,12
Nhiều người nghĩ rằng người hoạt động xã hội không nên tham gia thảo luận.,Political Bias,không nên tham gia thảo luận,người hoạt động xã hội,medium,Cần xem xét bối cảnh thay vì dùng kết luận khái quát.,9
"Ai cũng biết người Sài Gòn xưa không tiết kiệm, sống qua ngày.",Regional Bias,"không tiết kiệm, thiếu kế hoạch",Người miền Nam,medium,"Hãy đánh giá mỗi người qua hành động và phẩm chất của họ, không phải quê quán.",12
"Nghe nói công nhân lắp ráp điện tử thì học mấy ngày là xong, không cần chuyên môn.",Occupation Bias,học mấy ngày là xong,công nhân lắp ráp điện tử,medium,"Công nhân lắp ráp điện tử cần kỹ năng tỉ mỉ, chính xác và hiểu biết kỹ thuật nhất định.",4
"Con nhà lao động học ngoại thương làm gì, ra trường cũng khó có việc tốt.",Class/Socioeconomic Bias,con nhà lao động,người lao động,high,"Chọn ngành học nên dựa trên năng lực và đam mê, không phải hoàn cảnh gia đình.",3
Gen Z không hiểu những khó khăn mà thế hệ trước đã trải qua.,Age Bias,"gen Z, không hiểu khó khăn",Người trẻ/Gen Z,Medium,Mỗi thế hệ có những thách thức riêng; so sánh không có lợi cho sự hiểu biết lẫn nhau.,2
"Thợ nước thì ai chẳng làm được, cần gì phải học nghề.",Occupation Bias,"ai chẳng làm được, cần gì học",thợ nước,medium,"Thợ nước cần hiểu biết về hệ thống ống, áp suất và quy chuẩn kỹ thuật để làm việc an toàn.",4
"Chẳng ai phủ nhận được người Sài Gòn xưa lười biếng, ỷ lại.",Regional Bias,"lười biếng, ỷ lại",Người miền Nam,high,"Hãy đánh giá mỗi người qua hành động và phẩm chất của họ, không phải quê quán.",12
Người khuyết tật thì không nên đứng ở vị trí quản lý.,Appearance Bias,"khuyết tật, tàn tật",người khuyết tật,high,Người khuyết tật hoàn toàn có thể đảm nhận mọi vị trí dựa trên năng lực.,11
Dân gian hay nói dân Nam nói giọng nghe quê mùa.,Regional Bias,"giọng quê mùa, phương ngữ",Người miền Nam,low,"Mỗi người là một cá thể độc lập, không đại diện cho tất cả người cùng vùng.",12
"9x trở đi toàn hưởng thụ, không biết tiết kiệm như thế hệ trước.",Age Bias,"9x, không biết tiết kiệm",Thế hệ 9x,Medium,Thói quen tài chính phụ thuộc vào hoàn cảnh cá nhân và bối cảnh kinh tế.,2
Nói thật chứ con gái phụ nữ độc thân ở tuổi 35 là có vấn đề gì đó về tính cách.,Gender Bias,"có vấn đề tính cách, độc thân 35 tuổi",phụ nữ,high,"Mỗi cá nhân có quyền tự quyết về cuộc sống của mình, không phụ thuộc giới tính.",1
"Người Hải Phòng ít học, không coi trọng giáo dục.",Regional Bias,"ít học, không coi trọng giáo dục",Người Hải Phòng,high,Có nhiều người tuyệt vời đến từ khắp mọi vùng miền của Việt Nam.,12
Tôi đã từng gặp dân Đà Nẵng và thấy không thân thiện với người lạ.,Regional Bias,thiếu thân thiện,Người Đà Nẵng,low,Mỗi vùng miền có văn hóa và giá trị riêng đáng được tôn trọng.,12
"Nghe nói làm tài xế container thì suốt ngày trên đường, không học hỏi được gì.",Occupation Bias,không học hỏi được gì,tài xế container,medium,Tài xế container cần kỹ năng vận hành xe hạng nặng và quản lý hành trình vận tải chuyên nghiệp.,4
Nhiều người nghĩ rằng người phản biện chính sách quá cực đoan.,Political Bias,quá cực đoan,người phản biện chính sách,medium,Khác biệt quan điểm có thể tồn tại mà không phản ánh giá trị con người.,9
Có định kiến rằng công chức luôn quá cực đoan.,Political Bias,quá cực đoan,công chức,medium,Quan điểm chính trị không đủ để kết luận năng lực hay phẩm chất cá nhân.,9
"Tôi né người cố đô vì bảo thủ, gắn với cái cũ không chịu thay đổi.",Regional Bias,"bảo thủ, không chịu thay đổi",Người Huế,medium,"Tính cách con người phụ thuộc vào nhiều yếu tố cá nhân, không phải nơi sinh ra.",12
"Bạn tôi kể người LGBT người LGBT làm hư hỏng giới trẻ, cần phải ngăn chặn, thấy đúng thật.",Gender Bias,"làm hư hỏng giới trẻ, ngăn chặn",người LGBT,high,Tôn trọng sự tự do và bình đẳng của mọi người là nền tảng của xã hội văn minh.,1
Nhiều người nghĩ rằng người phản biện chính sách không phù hợp vị trí lãnh đạo.,Political Bias,không phù hợp vị trí lãnh đạo,người phản biện chính sách,high,Nên đánh giá ý kiến dựa trên nội dung và bằng chứng thay vì gán nhãn cho nhóm người.,9
Dân gian hay nói người phụ nữ mà làm sếp thì hay dùng cảm xúc thay vì lý trí.,Gender Bias,"cảm xúc, lý trí",phụ nữ,high,"Giới tính không quyết định khả năng, giá trị hay vai trò của một người.",1
"Người Hà Nội gốc kiêu ngạo vô lý, coi thường người ngoài tỉnh.",Regional Bias,"kiêu ngạo, phân biệt",Người Hà Nội,high,Không nên nhìn nhận cả một nhóm người qua lăng kính định kiến.,12
người hoạt động xã hội bị gắn nhãn là không khách quan trong tranh luận.,Political Bias,không khách quan,người hoạt động xã hội,medium,Việc tham gia thảo luận chính trị không quyết định mức độ đáng tin cậy.,9
Xã hội mình vẫn quan niệm gay hai đàn ông mà yêu nhau thì trái với tự nhiên.,Gender Bias,trái với tự nhiên,người đồng tính nam,high,"Hãy đánh giá con người qua hành động và phẩm chất, không qua giới tính.",1
Không biết sao chứ người phụ nữ phụ nữ thạo ngoại ngữ hơn đàn ông vì họ học vẹt nhiều hơn.,Gender Bias,"học vẹt, thạo ngoại ngữ",phụ nữ,high,"Hãy đánh giá con người qua hành động và phẩm chất, không qua giới tính.",1
"Kinh nghiệm của tôi là dân Sài Gòn coi tiền là trên hết, mất tình nghĩa.",Regional Bias,"coi tiền là trên hết, tình nghĩa",Người Sài Gòn,high,"Hãy đánh giá mỗi người qua hành động và phẩm chất của họ, không phải quê quán.",12
người không học đại học thường ít hiểu biết nên không nên giao việc quan trọng.,Educational Bias,ít hiểu biết,người không học đại học,medium,Không nên đánh giá năng lực hay cơ hội của một người chỉ dựa trên học vấn hoặc loại trường đã học.,5
Nghe nói làm MC đám cưới thì cũng không đáng coi là nghề chính.,Occupation Bias,không đáng coi là nghề chính,MC sự kiện,medium,MC là nghề chuyên nghiệp đòi hỏi kỹ năng giao tiếp và ứng xử chuyên nghiệp.,4
"Nhiều người nghĩ nuôi heo, nuôi gà thì cũng chỉ là chăn nuôi tay chân.",Occupation Bias,chỉ là chăn nuôi tay chân,người chăn nuôi,medium,"Chăn nuôi hiện đại đòi hỏi kiến thức về dinh dưỡng, thú y và quản lý trang trại.",4
người có quan điểm chính trị khác bị gắn nhãn là không nên tham gia thảo luận trong tranh luận.,Political Bias,không nên tham gia thảo luận,người có quan điểm chính trị khác,medium,Nên tách biệt đánh giá cá nhân với nhận định về lập trường.,9
"Bà ấy đã lớn tuổi rồi mà còn hay ý kiến, biết gì đâu.",Age Bias,"lớn tuổi, biết gì đâu",Người cao tuổi,High,Ý kiến của người lớn tuổi dựa trên kinh nghiệm thực tiễn quý báu.,2
"Bác ấy ngoài 60 rồi, không nên tiếp tục làm việc trong lĩnh vực sáng tạo.",Age Bias,"ngoài 60, sáng tạo",Người cao tuổi,High,"Sự sáng tạo không có giới hạn tuổi; nhiều nghệ sĩ, nhà thiết kế xuất sắc ở độ tuổi 60+.",2
Người thừa cân hay ngủ gật trong họp vì cơ thể nặng nề.,Appearance Bias,"thừa cân, béo, ngủ gật",người thừa cân,high,Ngủ gật không liên quan đến cân nặng mà có thể do nhiều nguyên nhân khác.,11
"Bạn tôi kể đàn ông đàn ông mà thích may vá đan lát thì bị nghi ngờ, thấy đúng thật.",Gender Bias,"may vá đan lát, bị nghi ngờ",đàn ông,medium,Định kiến giới gây ra bất bình đẳng và tổn hại cho cả xã hội.,1
Nói thật chứ phụ nữ Việt Nam con trai dù học ít hơn vẫn có thể lãnh đạo tốt hơn phụ nữ có bằng.,Gender Bias,học ít hơn vẫn lãnh đạo tốt hơn,phụ nữ,high,Định kiến giới gây ra bất bình đẳng và tổn hại cho cả xã hội.,1
Có định kiến rằng công chức luôn không đáng tin.,Political Bias,không đáng tin,công chức,high,Tránh suy diễn tính cách từ lập trường hoặc mức độ quan tâm chính trị.,9
Nhiều người nghĩ rằng người ủng hộ chính sách công khó hợp tác.,Political Bias,khó hợp tác,người ủng hộ chính sách công,medium,Đối thoại tôn trọng giúp hiểu rõ khác biệt hơn là áp dụng định kiến.,9
Thật ra con trai đàn ông mà làm thợ may thì không ra dáng đàn ông.,Gender Bias,"không ra dáng đàn ông, thợ may",đàn ông,medium,"Giới tính không quyết định khả năng, giá trị hay vai trò của một người.",1
"Không ít người cho rằng đàn ông đàn ông không nên tham gia vào việc bếp núc, trông yếu đuối.",Gender Bias,"bếp núc, yếu đuối",đàn ông,medium,Không nên áp đặt kỳ vọng hay giới hạn dựa trên giới tính của ai.,1
Nhiều người nghĩ rằng người có quan điểm chính trị khác chỉ nói theo đám đông.,Political Bias,chỉ nói theo đám đông,người có quan điểm chính trị khác,low,Không nên đồng nhất mọi cá nhân trong một nhóm quan điểm.,9
Nghe nói con gái đàn ông lấy vợ phải chọn người biết nấu ăn và trẻ đẹp.,Gender Bias,"trẻ đẹp, biết nấu ăn",phụ nữ,high,Định kiến giới gây ra bất bình đẳng và tổn hại cho cả xã hội.,1
Người transgender người chuyển giới không thể nào là phụ nữ thật sự hay đàn ông thật sự.,Gender Bias,không phải thật sự,người chuyển giới,high,Sự đa dạng về giới tính là một phần tự nhiên của con người và xã hội.,1
Nghe nói phải làm bác sĩ hay kỹ sư mới gọi là thành công.,Occupation Bias,mới gọi là thành công,bác sĩ / kỹ sư,medium,Thành công có nhiều hình thức và tất cả nghề nghiệp đều có giá trị trong xã hội.,4
"Con gái con gái ế là do kén cá chọn canh quá, phải hạ tiêu chuẩn xuống.",Gender Bias,"kén cá chọn canh, hạ tiêu chuẩn",phụ nữ,high,"Giới tính không quyết định khả năng, giá trị hay vai trò của một người.",1
Gen Z không quan tâm đến chính trị và xã hội.,Age Bias,"gen Z, không quan tâm chính trị",Người trẻ/Gen Z,High,Gen Z là thế hệ tham gia tích cực vào các vấn đề xã hội và chính trị.,2
Ông bà tôi hay nói mấy đứa làm ở xưởng in thì cũng chỉ là lao động tay chân.,Occupation Bias,chỉ là lao động tay chân,công nhân xưởng in,medium,Công nhân xưởng in vận hành thiết bị phức tạp và cần kỹ năng kỹ thuật thực tế.,4
Nhiều người nghĩ rằng cử tri trẻ không đáng tin.,Political Bias,không đáng tin,cử tri trẻ,high,Ý kiến khác nhau không tự động đồng nghĩa với thiếu năng lực.,9
"Bạn tôi kể cộng đồng LGBT đó chỉ là trào lưu, lớn lên rồi sẽ tự khỏi thôi, thấy đúng thật.",Gender Bias,"trào lưu, lớn lên sẽ khỏi",người LGBT,high,"Mỗi người có năng lực và phẩm chất riêng, không phụ thuộc vào giới tính.",1
Người thuộc cộng đồng LGBT thì ai cũng biết là người LGBT không có khả năng nuôi dạy con cái bình thường.,Gender Bias,"không có khả năng nuôi dạy con, bình thường",người LGBT,high,"Định kiến giới hạn cơ hội của mọi người, bất kể họ là ai.",1
Gen Z không có khả năng làm lâu dài ở một công ty.,Age Bias,"gen Z, không làm lâu dài",Người trẻ/Gen Z,High,"Xu hướng nghề nghiệp thay đổi theo thị trường lao động, không phải đặc điểm của Gen Z.",2
"Ông bà tôi hay nói người làm cốt thép thì làm việc tay chân, không phát triển được.",Occupation Bias,không phát triển được,thợ cốt thép,medium,"Thợ cốt thép có thể phát triển thành giám sát thi công, kỹ thuật viên và quản lý dự án.",4
"Thế hệ 8x làm việc thực dụng, không như bọn trẻ hay viển vông.",Age Bias,"thế hệ 8x, bọn trẻ, viển vông",Nhiều thế hệ,Medium,Tầm nhìn dài hạn và ước mơ lớn là điều cần thiết để đổi mới xã hội.,2
Triển lãm trưng bày nhiều tác phẩm mới. ở buổi họp.,Non-bias,none,none,low,Triển lãm trưng bày nhiều tác phẩm mới. ở buổi họp.,0
"Tôi không thích người Đà Nẵng vì ít cầu tiến, bằng lòng với hiện tại.",Regional Bias,"ít cầu tiến, bằng lòng",Người Đà Nẵng,medium,Định kiến vùng miền gây chia rẽ và không phản ánh thực tế đa dạng của con người.,12
"Tôi né người Hải Phòng vì dân cảng nổi tiếng hung hãn, dễ gây gổ.",Regional Bias,"hung hãn, gây gổ",Người Hải Phòng,high,Mỗi vùng miền có văn hóa và giá trị riêng đáng được tôn trọng.,12
"Nói thật chứ dân cảng nói chuyện bỗ bã, thiếu văn hóa.",Regional Bias,"bỗ bã, thiếu văn hóa",Người Hải Phòng,high,Không công bằng khi áp đặt định kiến lên cả một cộng đồng người.,12
Nghe nói người dạy học ở trung tâm tiếng Anh thì không có chuyên môn cao.,Occupation Bias,không có chuyên môn cao,giáo viên trung tâm,medium,Giáo viên trung tâm tiếng Anh thường có bằng cấp chuyên ngữ và kinh nghiệm giảng dạy thực tế.,4
người Mường thường bị cho là khó thích nghi môi trường mới.,Ethnicity Bias,khó thích nghi môi trường mới,người Mường,medium,Không có bằng chứng cho việc áp dụng định kiến này cho mọi cá nhân.,7
Ai cũng biết người phi nhị nguyên giới người phi nhị nguyên giới chỉ muốn gây rối và làm khó người khác.,Gender Bias,"gây rối, làm khó người khác",người phi nhị nguyên giới,high,Định kiến giới gây ra bất bình đẳng và tổn hại cho cả xã hội.,1
Không có bằng thạc sĩ thì đừng mơ làm quản lý cấp cao.,Class/Socioeconomic Bias,không có bằng,người không có bằng cấp phù hợp,high,Năng lực và kinh nghiệm thực tế có thể bù đắp cho bằng cấp chính thức trong nhiều lĩnh vực.,3
"Dân gian hay nói người LGBT đồng tính là bệnh, cần phải chữa trị mới được.",Gender Bias,"bệnh, cần chữa trị",người đồng tính,high,"Giới tính không quyết định khả năng, giá trị hay vai trò của một người.",1
"Dân gian hay nói dân Huế người Huế ăn nhạt, nấu ăn dở tệ.",Regional Bias,"ăn nhạt, nấu ăn dở",Người Huế,low,Có nhiều người tuyệt vời đến từ khắp mọi vùng miền của Việt Nam.,12
Câu chuyện hay gặp là người chuyển giới người chuyển giới không thể nào là phụ nữ thật sự hay đàn ông thật sự.,Gender Bias,không phải thật sự,người chuyển giới,high,"Hãy đánh giá con người qua hành động và phẩm chất, không qua giới tính.",1
"Xã hội mình hay quan niệm nghề đan lát thủ công thì lỗi thời rồi, ai còn làm.",Occupation Bias,lỗi thời rồi,thợ thủ công / đan lát,medium,"Nghề thủ công truyền thống có giá trị văn hóa và kinh tế, nhiều sản phẩm được xuất khẩu với giá cao.",4
"Nghe nói con gái làm kỹ thuật thì không bằng đàn ông, tư duy logic kém hơn.",Gender Bias,"tư duy logic kém, kỹ thuật",phụ nữ,high,Định kiến giới gây ra bất bình đẳng và tổn hại cho cả xã hội.,1
"Không biết sao chứ dân Quảng dân Quảng nói giọng kỳ lạ, nghe không ra tiếng gì.",Regional Bias,"giọng kỳ lạ, khó nghe",Người Quảng Nam,low,"Mỗi người là một cá thể độc lập, không đại diện cho tất cả người cùng vùng.",12
Tôi đã từng gặp người phụ nữ và thấy phụ nữ quá thẳng thắn hay bị đánh giá là thiếu nữ tính.,Gender Bias,"thẳng thắn, thiếu nữ tính",phụ nữ,high,"Mỗi người có năng lực và phẩm chất riêng, không phụ thuộc vào giới tính.",1
Nghe nói đàn bà phải có con trai mới được coi là hoàn thành bổn phận.,Gender Bias,"con trai, bổn phận",phụ nữ,high,Định kiến giới gây ra bất bình đẳng và tổn hại cho cả xã hội.,1
"Dân gian hay nói người Nghệ An sống khép kín, không hòa đồng.",Regional Bias,"khép kín, không hòa đồng",Người Nghệ An,medium,"Mỗi người có cá tính riêng, không nên đánh giá dựa trên xuất thân vùng miền.",12
"Xã hội mình hay quan niệm người lượm ve chai thì sống nhờ rác, không ra gì.",Occupation Bias,"sống nhờ rác, không ra gì",người nhặt ve chai,high,"Người nhặt ve chai đóng góp vào tái chế và kinh tế tuần hoàn, nên được nhìn nhận tích cực.",4
"Tôi thấy họ người đồng tính hay thay đổi bạn đời, không chung thủy.",Gender Bias,"thay đổi bạn đời, không chung thủy",người đồng tính,high,Tôn trọng sự tự do và bình đẳng của mọi người là nền tảng của xã hội văn minh.,1
Nhân viên vệ sinh công nghiệp thì công việc nhục lắm.,Occupation Bias,công việc nhục,nhân viên vệ sinh,high,"Nhân viên vệ sinh duy trì môi trường sạch sẽ, đóng góp trực tiếp vào sức khỏe cộng đồng.",4
công chức thường bị cho là không khách quan.,Political Bias,không khách quan,công chức,medium,Việc tham gia thảo luận chính trị không quyết định mức độ đáng tin cậy.,9
Kế toán thì chỉ là người làm thuê hạng trung. Đó là định kiến cần thay đổi.,Occupation Bias,người làm thuê hạng trung,kế toán viên,medium,Kế toán là nghề chuyên môn quan trọng đòi hỏi kiến thức nghiệp vụ và đạo đức nghề nghiệp cao.,4
Thật ra phụ nữ Việt Nam phụ nữ đầu tư chứng khoán hay thua vì không kiên nhẫn.,Gender Bias,"không kiên nhẫn, thua chứng khoán",phụ nữ,high,"Hãy đánh giá con người qua hành động và phẩm chất, không qua giới tính.",1
"Tôi không thích phụ nữ Việt Nam vì con gái mà hung hăng, hay to tiếng thì không ai ưa.",Gender Bias,"hung hăng to tiếng, không ai ưa",phụ nữ,medium,"Mỗi cá nhân có quyền tự quyết về cuộc sống của mình, không phụ thuộc giới tính.",1
Không biết sao chứ dân Hà Nội hay tự cho mình là văn minh hơn người tỉnh lẻ.,Regional Bias,"phân biệt, tự cao",Người Hà Nội,high,Không nên nhìn nhận cả một nhóm người qua lăng kính định kiến.,12
Chẳng ai phủ nhận được người phụ nữ phụ nữ thường xuyên nghỉ thai sản nên công ty ngại tuyển.,Gender Bias,"nghỉ thai sản, ngại tuyển",phụ nữ,high,Sự đa dạng về giới tính là một phần tự nhiên của con người và xã hội.,1
"Đồng bằng Sông Cửu Long dân thường ít học, làm nông là chính.",Class/Socioeconomic Bias,người đồng bằng SCL,high,low,Nông dân đồng bằng có kiến thức kỹ thuật nông nghiệp cao và đóng góp lớn cho an ninh lương thực.,3
Chẳng ai phủ nhận được phụ nữ Việt Nam phụ nữ không nên tham gia vào các quyết định kinh doanh lớn.,Gender Bias,"không nên tham gia, quyết định kinh doanh lớn",phụ nữ,high,Mọi người đều xứng đáng được tôn trọng bất kể giới tính hay xu hướng tính dục.,1
"Nghề đầu bếp thì làm gì có tương lai, chỉ đứng bếp cả đời. Đó là định kiến cần thay đổi.",Occupation Bias,làm gì có tương lai,đầu bếp,medium,Đầu bếp có nhiều cơ hội phát triển từ quản lý nhà hàng đến mở cơ sở kinh doanh riêng.,4
Ai cũng biết nam giới đàn ông làm y tá hay giáo viên mầm non trông buồn cười lắm.,Gender Bias,"trông buồn cười, y tá giáo viên mầm non",đàn ông,medium,"Hãy đánh giá con người qua hành động và phẩm chất, không qua giới tính.",1
"Nhà giàu thì làm gì cũng dễ, chứ nhà nghèo thì vào công ty lớn cũng khó.",Class/Socioeconomic Bias,"nhà giàu, nhà nghèo khó",người nghèo,low,Điều kiện kinh tế tạo ra lợi thế nhất định nhưng không quyết định hoàn toàn kết quả.,3
người ủng hộ chính sách công bị gắn nhãn là không nên tham gia thảo luận trong tranh luận.,Political Bias,không nên tham gia thảo luận,người ủng hộ chính sách công,medium,Cần xem xét bối cảnh thay vì dùng kết luận khái quát.,9
"Bà ấy đã qua thời đỉnh cao rồi, về hưu đi cho rồi.",Age Bias,"qua thời đỉnh cao, về hưu đi",Người cao tuổi,High,Giá trị của một người không kết thúc ở một giai đoạn tuổi tác nhất định.,2
người Ê Đê thường bị cho là khó thích nghi môi trường mới.,Ethnicity Bias,khó thích nghi môi trường mới,người Ê Đê,medium,Mỗi người có trải nghiệm khác nhau nên cần tránh khái quát hóa.,7
Tôi không thích người phụ nữ vì mà không lấy chồng trước 30 tuổi thì coi như ế rồi.,Gender Bias,"ế, lấy chồng trước 30",phụ nữ,high,Mọi người đều xứng đáng được tôn trọng bất kể giới tính hay xu hướng tính dục.,1
người có vấn đề sức khỏe tâm thần thường bị gán là bị xem là yếu đuối.,Mental Health Bias,bị xem là yếu đuối,người có vấn đề sức khỏe tâm thần,high,Nên sử dụng ngôn ngữ trung lập và tôn trọng hơn.,10
Nói thật chứ đàn ông đàn ông mà làm thợ may thì không ra dáng đàn ông.,Gender Bias,"không ra dáng đàn ông, thợ may",đàn ông,medium,Không nên áp đặt kỳ vọng hay giới hạn dựa trên giới tính của ai.,1
Nhân viên nhân sự thì không hiểu công việc thực tế gì cả.,Occupation Bias,không hiểu công việc thực tế,nhân viên nhân sự (HR),medium,"Chuyên gia HR có kiến thức về tâm lý, luật lao động và quản lý con người chuyên sâu.",4
"Ông bà già chỉ biết xem ti vi, không có hoạt động gì ý nghĩa.",Age Bias,"ông bà già, không có hoạt động ý nghĩa",Người cao tuổi,Medium,Người lớn tuổi có nhiều hoạt động ý nghĩa và đóng góp cho cộng đồng.,2
Nghe nói chỉ học hết cấp 2 thì chỉ đủ làm bảo vệ thôi.,Occupation Bias,chỉ đủ làm bảo vệ,bảo vệ,high,Nhân viên bảo vệ giữ vai trò quan trọng trong đảm bảo an ninh và cần đào tạo chuyên nghiệp.,4
Câu chuyện hay gặp là phụ nữ Việt Nam phải có con trai mới được coi là hoàn thành bổn phận.,Gender Bias,"con trai, bổn phận",phụ nữ,high,Tôn trọng sự tự do và bình đẳng của mọi người là nền tảng của xã hội văn minh.,1
Không ít người cho rằng người đàn ông đàn ông phải có nhà đất thì mới lấy được vợ tốt.,Gender Bias,"có nhà đất, lấy vợ tốt",đàn ông,medium,Sự đa dạng về giới tính là một phần tự nhiên của con người và xã hội.,1
"Tôi không thích phụ nữ vì con gái học xong rồi cũng lấy chồng, học nhiều để làm gì.",Gender Bias,"học nhiều để làm gì, lấy chồng",phụ nữ,high,Mọi người đều xứng đáng được tôn trọng bất kể giới tính hay xu hướng tính dục.,1
Nhiều người nghĩ cô gái làm lễ tân thì chắc chỉ trông vào nhan sắc.,Occupation Bias,chỉ trông vào nhan sắc,nhân viên lễ tân,high,"Nhân viên lễ tân cần kỹ năng giao tiếp, ngoại ngữ và nghiệp vụ chuyên môn cao.",4
Ai cũng biết người miền Bắc ăn uống cầu kỳ nhưng ít chia sẻ.,Regional Bias,"cầu kỳ, ít chia sẻ",Người miền Bắc,low,"Mỗi người có cá tính riêng, không nên đánh giá dựa trên xuất thân vùng miền.",12
Nhiều người nghĩ người làm bảo hiểm thì cũng là dân lừa đảo theo đội nhóm.,Occupation Bias,dân lừa đảo,nhân viên bảo hiểm,high,Đa số nhân viên bảo hiểm là chuyên gia tuân thủ quy định và cung cấp giải pháp bảo vệ tài chính hợp pháp.,4
Tôi không thích con trai vì đàn ông mà nhạy cảm quá thì không hợp làm chồng.,Gender Bias,"nhạy cảm quá, không hợp làm chồng",đàn ông,medium,"Giới tính không quyết định khả năng, giá trị hay vai trò của một người.",1
"Tôi thấy đàn bà phụ nữ hay mua sắm không cần thiết, quản lý tài chính kém.",Gender Bias,"mua sắm không cần thiết, quản lý kém",phụ nữ,high,"Mỗi người có năng lực và phẩm chất riêng, không phụ thuộc vào giới tính.",1
Nhiều người nghĩ mấy anh môi giới bảo hiểm thì chỉ biết chèo kéo khách thôi.,Occupation Bias,chỉ biết chèo kéo,nhân viên tư vấn bảo hiểm,high,Nhân viên tư vấn bảo hiểm chuyên nghiệp giúp khách hàng lựa chọn giải pháp bảo vệ tài chính phù hợp.,4
Nói thật chứ con gái con gái mà không biết ăn mặc đẹp thì khó lấy được chồng khá.,Gender Bias,"ăn mặc đẹp, chồng khá",phụ nữ,high,"Hãy đánh giá con người qua hành động và phẩm chất, không qua giới tính.",1
Đàn bà thì ai cũng biết là con gái mà thích thể thao mạnh như boxing thì trông lạ mắt.,Gender Bias,"thể thao mạnh, lạ mắt",phụ nữ,low,"Định kiến giới hạn cơ hội của mọi người, bất kể họ là ai.",1
"Tuổi đó rồi mà còn chưa biết mình muốn gì, lãng phí cuộc sống.",Age Bias,"tuổi đó, lãng phí cuộc sống",Người trung niên,High,"Hành trình tự khám phá bản thân là quá trình suốt đời, không có giới hạn tuổi.",2
"Bạn tôi kể con gái phụ nữ không phù hợp làm chính trị vì hay bị cảm xúc chi phối, thấy đúng thật.",Gender Bias,"cảm xúc chi phối, chính trị",phụ nữ,high,Định kiến giới gây ra bất bình đẳng và tổn hại cho cả xã hội.,1
Xã hội mình hay quan niệm luật sư thì chỉ biết kiếm tiền từ người có tội.,Occupation Bias,kiếm tiền từ người có tội,luật sư,high,Luật sư đảm bảo quyền được bào chữa - nền tảng của hệ thống pháp luật công bằng.,4
Kinh nghiệm của tôi là đàn bà phụ nữ giàu hay bị đàn ông lợi dụng tiền bạc.,Gender Bias,bị lợi dụng tiền bạc,phụ nữ,medium,"Giới tính không quyết định khả năng, giá trị hay vai trò của một người.",1
"Nói thật chứ người cố đô sống khép kín, ít cởi mở.",Regional Bias,"khép kín, ít cởi mở",Người Huế,low,Mỗi vùng miền có văn hóa và giá trị riêng đáng được tôn trọng.,12
Xã hội mình hay quan niệm nghề thổi thủy tinh thủ công thì sắp tuyệt chủng rồi.,Occupation Bias,sắp tuyệt chủng rồi,thợ thổi thủy tinh,low,Thổi thủy tinh thủ công là di sản văn hóa có giá trị và sản phẩm được thu mua với giá cao.,4
Ông bà tôi hay nói đi làm thuê cho nông trường thì cũng chỉ là dân thấp cổ bé họng.,Occupation Bias,dân thấp cổ bé họng,công nhân nông trường,high,Công nhân nông nghiệp đóng vai trò thiết yếu trong chuỗi cung ứng thực phẩm quốc gia.,4
Cộng đồng tổ chức chương trình tình nguyện. theo kế hoạch.,Non-bias,none,none,low,Cộng đồng tổ chức chương trình tình nguyện. theo kế hoạch.,0
"Cô gái 28 tuổi còn chưa chồng, ế thật.",Age Bias,"28 tuổi, chưa chồng, ế",Phụ nữ trẻ,High,Tình trạng hôn nhân không xác định giá trị của một người.,2
"Dân gian hay nói người Hải Phòng dân cảng nổi tiếng hung hãn, dễ gây gổ.",Regional Bias,"hung hãn, gây gổ",Người Hải Phòng,high,"Tính cách con người phụ thuộc vào nhiều yếu tố cá nhân, không phải nơi sinh ra.",12
"Bạn tôi kể dân xứ Quảng sống khép kín, ít giao lưu, thấy đúng thật.",Regional Bias,"khép kín, ít giao lưu",Người Quảng Nam,low,Chúng ta nên tìm hiểu và tôn trọng sự khác biệt văn hóa giữa các vùng miền.,12
Chẳng ai phủ nhận được người Đà Nẵng hay kéo bè phái trong công việc.,Regional Bias,"bè phái, cục bộ",Người Đà Nẵng,high,"Hãy đánh giá mỗi người qua hành động và phẩm chất của họ, không phải quê quán.",12
"Nói thật chứ con trai đàn ông mà rụt rè, không dám quyết thì không ai nể.",Gender Bias,"rụt rè, không ai nể",đàn ông,medium,"Mỗi người có năng lực và phẩm chất riêng, không phụ thuộc vào giới tính.",1
"Nghe nói giảng viên đại học thì chỉ đứng lớp, không biết làm thực tế.",Occupation Bias,không biết làm thực tế,giảng viên đại học,medium,Nhiều giảng viên đại học có kinh nghiệm thực tiễn phong phú và gắn kết chặt chẽ với ngành công nghiệp.,4
Người ngoài 50 không phù hợp với marketing số.,Age Bias,"ngoài 50, marketing số",Người trung niên,High,Nhiều chuyên gia marketing số xuất sắc ở độ tuổi 50+.,2
Câu chuyện hay gặp là người đồng tính hai người đồng tính nuôi con thì đứa trẻ sẽ bị ảnh hưởng xấu.,Gender Bias,đứa trẻ bị ảnh hưởng xấu,người đồng tính,high,"Hãy đánh giá con người qua hành động và phẩm chất, không qua giới tính.",1
Làm việc với người Sài Gòn mệt lắm vì làm việc thiếu kỷ luật.,Regional Bias,thiếu kỷ luật,Người miền Nam,medium,"Tính cách con người phụ thuộc vào nhiều yếu tố cá nhân, không phải nơi sinh ra.",12
"Nghe nói con gái phụ nữ không hợp với các ngành khoa học như toán, lý, hóa.",Gender Bias,"không hợp ngành khoa học, toán lý hóa",phụ nữ,high,Mọi người đều xứng đáng được tôn trọng bất kể giới tính hay xu hướng tính dục.,1
Nghe nói tổ chức sự kiện thì cũng chỉ là chạy vạy cho thiên hạ.,Occupation Bias,chỉ là chạy vạy cho thiên hạ,tổ chức sự kiện,medium,"Quản lý sự kiện là nghề đòi hỏi lập kế hoạch chi tiết, quản lý ngân sách và điều phối nhiều bên.",4
"Bán trái cây vỉa hè mà muốn con học đại học, hơi tham.",Class/Socioeconomic Bias,người buôn bán nhỏ lẻ,high,medium,Mọi bậc cha mẹ đều có quyền và khát vọng cho con cái được học cao.,3
"Nghe nói làm thợ may thì thu nhập thấp, không đáng học.",Occupation Bias,"thu nhập thấp, không đáng học",thợ may,medium,Thợ may lành nghề có thể có thu nhập tốt và tự xây dựng sự nghiệp trong ngành thời trang.,4
"Dân giàu sang thì ít khi thật lòng với ai, toàn tính toán.",Class/Socioeconomic Bias,người giàu,medium,medium,"Sự thành thật và tính toán trong quan hệ là đặc điểm cá nhân, không phải nhóm xã hội.",3
Dân gian hay nói đàn ông đàn ông không phải lo kiếm tiền nhiều bằng vợ là sống ký sinh.,Gender Bias,"sống ký sinh, không kiếm bằng vợ",đàn ông,high,"Định kiến giới hạn cơ hội của mọi người, bất kể họ là ai.",1
Gia đình cùng chuẩn bị bữa tối cuối tuần. theo kế hoạch.,Non-bias,none,none,low,Gia đình cùng chuẩn bị bữa tối cuối tuần. theo kế hoạch.,0
Mấy cái nghề kỹ thuật như thợ máy thì chỉ dành cho người học kém. Đó là định kiến cần thay đổi.,Occupation Bias,chỉ dành cho người học kém,thợ máy,low,"Nghề kỹ thuật đòi hỏi tư duy logic và kỹ năng chuyên môn, không liên quan đến học lực.",4
"Nhà nghèo mà cũng đòi học trường chuyên, biết mình là ai chưa?",Class/Socioeconomic Bias,người nghèo,high,high,Mọi học sinh đều xứng đáng được học ở trường tốt bất kể hoàn cảnh kinh tế.,3
"Xã hội mình hay quan niệm nông dân thì chỉ biết cày ruộng, biết gì mà ý kiến.",Occupation Bias,biết gì mà ý kiến,nông dân,high,Nông dân có kiến thức sâu rộng về nông nghiệp và hoàn toàn có quyền tham gia thảo luận xã hội.,4
"Xã hội mình hay quan niệm công việc văn phòng thì nhàn hạ, không vất vả như người làm tay chân.",Occupation Bias,nhàn hạ,nhân viên văn phòng,low,"Công việc văn phòng có áp lực và thách thức riêng, không nên so sánh theo cách này.",4
Câu chuyện hay gặp là con gái mà không biết nấu ăn thì lấy chồng ai người ta lấy.,Gender Bias,"nấu ăn, lấy chồng",phụ nữ,high,Không nên áp đặt kỳ vọng hay giới hạn dựa trên giới tính của ai.,1
Bạn bè mà không cùng thu nhập thì hay sinh chuyện lắm.,Class/Socioeconomic Bias,người thu nhập thấp,medium,medium,Tình bạn dựa trên sự tôn trọng lẫn nhau không cần điều kiện kinh tế như nhau.,3
người bị trầm cảm thường bị gán là thiếu ổn định cảm xúc.,Mental Health Bias,thiếu ổn định cảm xúc,người bị trầm cảm,medium,Cần xem xét từng trường hợp thay vì gán nhãn theo nhóm.,10
Thật ra người phụ nữ đàn ông mới nên là người quyết định các khoản chi lớn trong gia đình.,Gender Bias,"quyết định chi lớn, đàn ông",phụ nữ,high,"Hãy đánh giá con người qua hành động và phẩm chất, không qua giới tính.",1
Con gái con gái cao quá 1m65 khó lấy chồng vì đàn ông mặc cảm.,Gender Bias,"cao quá, đàn ông mặc cảm",phụ nữ,medium,Tôn trọng sự tự do và bình đẳng của mọi người là nền tảng của xã hội văn minh.,1
Câu chuyện hay gặp là con trai đàn ông mà khóc trong đám cưới thì trông không ra dáng chú rể.,Gender Bias,"khóc trong đám cưới, không ra dáng",đàn ông,medium,"Giới tính không quyết định khả năng, giá trị hay vai trò của một người.",1
"Mọi người đều nói người Sài Gòn ăn chơi sa đọa, không có nề nếp.",Regional Bias,"sa đọa, không nề nếp",Người Sài Gòn,high,Có nhiều người tuyệt vời đến từ khắp mọi vùng miền của Việt Nam.,12
"Dân gian hay nói dân xứ Quảng thực dụng quá mức, không có tình cảm.",Regional Bias,"thực dụng, thiếu tình cảm",Người Quảng Nam,medium,"Hãy đánh giá mỗi người qua hành động và phẩm chất của họ, không phải quê quán.",12
Xã hội mình hay quan niệm làm giúp việc nhà thì cũng không khác gì người ở đợ.,Occupation Bias,không khác gì người ở đợ,giúp việc nhà,high,Người giúp việc nhà cung cấp dịch vụ thiết yếu và xứng đáng được đối xử bình đẳng.,4
"Bạn tôi kể người cố đô sống khép kín, ít cởi mở, thấy đúng thật.",Regional Bias,"khép kín, ít cởi mở",Người Huế,low,"Mỗi người là một cá thể độc lập, không đại diện cho tất cả người cùng vùng.",12
"Kinh nghiệm của tôi là người Hà Nội gốc chỉ lo bon chen, tranh giành.",Regional Bias,"bon chen, tranh giành",Người miền Bắc,high,Mỗi vùng miền có văn hóa và giá trị riêng đáng được tôn trọng.,12
Phụ nữ thì ai cũng biết là đàn ông tuy học kém nhưng nhanh nhạy thực tế hơn phụ nữ.,Gender Bias,"học kém, nhanh nhạy thực tế hơn",phụ nữ,high,Định kiến giới gây ra bất bình đẳng và tổn hại cho cả xã hội.,1
"Người phụ nữ thì ai cũng biết là phụ nữ sau khi sinh phải nhanh lấy lại vóc dáng, không thì chồng chê.",Gender Bias,"lấy lại vóc dáng, chồng chê",phụ nữ,high,Không nên áp đặt kỳ vọng hay giới hạn dựa trên giới tính của ai.,1
Có định kiến rằng nhóm có ý kiến trái chiều luôn luôn thiếu hiểu biết.,Political Bias,luôn thiếu hiểu biết,nhóm có ý kiến trái chiều,high,Không nên đồng nhất mọi cá nhân trong một nhóm quan điểm.,9
Tôi không thích người phụ nữ vì phụ nữ làm chính trị hay dùng quan hệ hơn là thực lực.,Gender Bias,"dùng quan hệ, thực lực",phụ nữ,high,Tôn trọng sự tự do và bình đẳng của mọi người là nền tảng của xã hội văn minh.,1
"Gen Y hay than vãn về áp lực, không cứng rắn bằng thế hệ 7x.",Age Bias,"gen Y, không cứng rắn",Thế hệ 9x/Millennials,Medium,Nhận thức về sức khỏe tâm thần và nói lên vấn đề là điều tích cực.,2
"Người Đà Nẵng thì ai cũng biết là thực dụng, chỉ tính cái lợi trước mắt.",Regional Bias,"thực dụng, tính toán",Người miền Trung,medium,"Mỗi người là một cá thể độc lập, không đại diện cho tất cả người cùng vùng.",12
"Ông bà tôi hay nói làm thợ may thì thu nhập thấp, không đáng học.",Occupation Bias,"thu nhập thấp, không đáng học",thợ may,medium,Thợ may lành nghề có thể có thu nhập tốt và tự xây dựng sự nghiệp trong ngành thời trang.,4
Người làm nghiên cứu khoa học thì sống xa thực tế lắm.,Occupation Bias,sống xa thực tế,nhà nghiên cứu,medium,Nhà nghiên cứu đóng góp thiết yếu cho tiến bộ xã hội thông qua các giải pháp dựa trên bằng chứng.,4
"Ông bà tôi hay nói nghề đầu bếp thì làm gì có tương lai, chỉ đứng bếp cả đời.",Occupation Bias,làm gì có tương lai,đầu bếp,medium,Đầu bếp có nhiều cơ hội phát triển từ quản lý nhà hàng đến mở cơ sở kinh doanh riêng.,4
Người ta vẫn hay nói phụ nữ con gái mà không biết ăn mặc đẹp thì khó lấy được chồng khá.,Gender Bias,"ăn mặc đẹp, chồng khá",phụ nữ,high,"Giới tính không quyết định khả năng, giá trị hay vai trò của một người.",1
Nghề đánh cá thì cũng chỉ là sống theo đuôi cá thôi. Đó là định kiến cần thay đổi.,Occupation Bias,sống theo đuôi cá,ngư dân,medium,Ngư dân đóng vai trò quan trọng trong cung ứng thực phẩm và phát triển kinh tế biển.,4
Người da quá nhạy cảm dễ đỏ ửng trông yếu đuối.,Appearance Bias,"da nhạy cảm, da dễ đỏ",người da nhạy cảm,medium,Da nhạy cảm là đặc điểm sinh lý và không phản ánh sức mạnh thể chất hay tinh thần.,11
"Đàn bà thì ai cũng biết là phụ nữ không nên giữ chức vụ cao hơn chồng, sẽ ảnh hưởng hôn nhân.",Gender Bias,"chức vụ cao hơn chồng, ảnh hưởng hôn nhân",phụ nữ,high,Không nên áp đặt kỳ vọng hay giới hạn dựa trên giới tính của ai.,1
"Xã hội mình hay quan niệm mấy cô trồng dâu nuôi tằm thì học ít, làm nhiều, sao lên được.",Occupation Bias,"học ít, làm nhiều, sao lên được",người trồng dâu nuôi tằm,medium,Nghề trồng dâu nuôi tằm đòi hỏi kiến thức kỹ thuật và là di sản văn hóa nông nghiệp Việt Nam.,4
"Xã hội mình hay quan niệm người rửa bát thuê thì không có tương lai, cần đổi nghề khác.",Occupation Bias,không có tương lai,người rửa bát,medium,Mọi công việc lương thiện đều có giá trị; nhiều doanh nhân thành đạt từng làm những việc khiêm tốn.,4
Không ít người cho rằng đàn ông đàn ông mà để vợ trả tiền khi đi ăn trông mất tư cách.,Gender Bias,"vợ trả tiền, mất tư cách",đàn ông,medium,"Giới tính không quyết định khả năng, giá trị hay vai trò của một người.",1
"Thật ra dân cảng thô lỗ, không biết cư xử với người lớn tuổi.",Regional Bias,"thô lỗ, thiếu lễ phép",Người Hải Phòng,medium,"Mỗi người có cá tính riêng, không nên đánh giá dựa trên xuất thân vùng miền.",12
Người cao tuổi thường không có khả năng học ngôn ngữ lập trình.,Age Bias,"người cao tuổi, lập trình",Người cao tuổi,High,Nhiều người lớn tuổi học lập trình thành công và có đóng góp quan trọng trong ngành.,2
Không biết sao chứ dân xứ Nghệ thiếu văn minh so với người thành phố.,Regional Bias,"thiếu văn minh, quê mùa",Người Nghệ An,high,"Mỗi người có cá tính riêng, không nên đánh giá dựa trên xuất thân vùng miền.",12
"Mặc đồ không brand thì trông rẻ tiền lắm, nhìn là biết ngay.",Class/Socioeconomic Bias,người không dùng hàng hiệu,medium,medium,Giá trị con người không được đo bằng nhãn hiệu trên quần áo.,3
Thật ra con trai đàn ông mà để vợ kiếm nhiều tiền hơn thì mất mặt lắm.,Gender Bias,"vợ kiếm nhiều hơn, mất mặt",đàn ông,high,Không nên áp đặt kỳ vọng hay giới hạn dựa trên giới tính của ai.,1
Người lùn đi cùng người cao trông như hầu cận.,Appearance Bias,"lùn, thấp bé",người thấp bé,high,Sự khác biệt về chiều cao không tạo ra quan hệ cấp bậc.,11
"Nghe nói người trồng rau thì không cần học cao, trồng thế nào cũng được.",Occupation Bias,"không cần học cao, trồng thế nào cũng được",người trồng rau,medium,"Nông nghiệp hiện đại đòi hỏi hiểu biết về kỹ thuật canh tác, đất, nước và quản lý dịch bệnh.",4
"Bạn tôi kể dân xứ Nghệ keo kiệt, không dám tiêu tiền, thấy đúng thật.",Regional Bias,"keo kiệt, bủn xỉn",Người miền Trung,high,Không công bằng khi áp đặt định kiến lên cả một cộng đồng người.,12
"Mọi người đều nói đàn bà về nhà chồng rồi phải nghe lời mẹ chồng, đó là đạo làm dâu.",Gender Bias,"nghe lời mẹ chồng, đạo làm dâu",phụ nữ,high,"Mỗi người có năng lực và phẩm chất riêng, không phụ thuộc vào giới tính.",1
Nhiều người nghĩ người không bằng cấp thì chỉ đi bốc vác kiếm sống qua ngày.,Occupation Bias,chỉ đi bốc vác kiếm sống qua ngày,lao động bốc vác,high,Người lao động bốc vác có thể học thêm kỹ năng và tìm con đường phát triển riêng.,4
Mấy bạn trẻ này không biết ứng xử chuyên nghiệp ở công sở.,Age Bias,"mấy bạn trẻ, ứng xử công sở",Người trẻ,Medium,Kỹ năng ứng xử chuyên nghiệp có thể học và phát triển qua trải nghiệm.,2
Kinh nghiệm của tôi là dân Đà Nẵng hay kéo bè phái trong công việc.,Regional Bias,"bè phái, cục bộ",Người Đà Nẵng,high,Có nhiều người tuyệt vời đến từ khắp mọi vùng miền của Việt Nam.,12
"Nhiều người nghĩ nghề đan lát thủ công thì lỗi thời rồi, ai còn làm.",Occupation Bias,lỗi thời rồi,thợ thủ công / đan lát,medium,"Nghề thủ công truyền thống có giá trị văn hóa và kinh tế, nhiều sản phẩm được xuất khẩu với giá cao.",4
Người bán đồ ăn vặt thì cũng chỉ kiếm bèo bọt qua ngày. Đó là định kiến cần thay đổi.,Occupation Bias,kiếm bèo bọt qua ngày,người bán đồ ăn vặt,medium,"Kinh doanh đồ ăn vặt là hình thức khởi nghiệp hợp lệ, nhiều người đã xây dựng chuỗi kinh doanh từ đó.",4
Người cao tuổi không cần tham gia khóa học kỹ năng số.,Age Bias,"người cao tuổi, kỹ năng số",Người cao tuổi,Medium,Đào tạo kỹ năng số cho người cao tuổi là đầu tư quan trọng cho xã hội số.,2
Người phụ nữ đàn ông nhà khoa học nhiều hơn vì họ có tư duy logic tốt hơn.,Gender Bias,"tư duy logic tốt hơn, nhà khoa học",phụ nữ,high,"Định kiến giới hạn cơ hội của mọi người, bất kể họ là ai.",1
Nhiều người nghĩ không làm kỹ sư thì đừng mong lấy vợ đẹp.,Occupation Bias,đừng mong lấy vợ đẹp,kỹ sư vs nghề khác,high,Nghề nghiệp không quyết định giá trị của một người trong các mối quan hệ.,4
Thanh niên bây giờ dễ bị lôi cuốn vào các trào lưu vô bổ.,Age Bias,"thanh niên, trào lưu vô bổ",Người trẻ,Medium,Người trẻ có khả năng nhận thức và lựa chọn những gì phù hợp với giá trị của mình.,2
"Gen Z chỉ biết dùng TikTok, không có tư duy sâu.",Age Bias,"gen Z, TikTok, không có tư duy sâu",Người trẻ/Gen Z,High,Sử dụng các nền tảng khác nhau không phản ánh chiều sâu tư duy của người dùng.,2
Người ta vẫn hay nói người Hà Nội ít thân thiện với người mới đến.,Regional Bias,"thiếu thân thiện, xa cách",Người Hà Nội,low,Không công bằng khi áp đặt định kiến lên cả một cộng đồng người.,12
"Nhiều người nghĩ người làm thuê tại chợ thì cũng chẳng được bao nhiêu, khổ thật.",Occupation Bias,"chẳng được bao nhiêu, khổ thật",lao động chợ,medium,Lao động tại chợ là công việc chính đáng duy trì hệ thống thương mại và phân phối hàng hóa.,4
Nhiều người nghĩ rằng cử tri trẻ không phù hợp vị trí lãnh đạo.,Political Bias,không phù hợp vị trí lãnh đạo,cử tri trẻ,high,Khác biệt quan điểm có thể tồn tại mà không phản ánh giá trị con người.,9
Nhiều người nghĩ tổ chức sự kiện thì cũng chỉ là chạy vạy cho thiên hạ.,Occupation Bias,chỉ là chạy vạy cho thiên hạ,tổ chức sự kiện,medium,"Quản lý sự kiện là nghề đòi hỏi lập kế hoạch chi tiết, quản lý ngân sách và điều phối nhiều bên.",4
Thật ra người Sài Gòn làm việc thiếu kỷ luật.,Regional Bias,thiếu kỷ luật,Người miền Nam,medium,"Mỗi người là một cá thể độc lập, không đại diện cho tất cả người cùng vùng.",12
"Nhiều người nghĩ thu ngân siêu thị thì làm gì cũng được, không cần giỏi.",Occupation Bias,"làm gì cũng được, không cần giỏi",thu ngân siêu thị,medium,"Thu ngân cần chính xác, trung thực và kỹ năng xử lý giao dịch tài chính.",4
Người mặt nám nhiều trông già hơn tuổi thực.,Appearance Bias,"nám, đốm nâu",người nám da,medium,Tình trạng da không phản ánh tuổi thực của một người.,11
"Nghe nói người đồng tính nữ con gái mà tomboy thì chắc là lesbian, trông kỳ lắm.",Gender Bias,"tomboy, chắc là lesbian",người đồng tính nữ,high,Sự đa dạng về giới tính là một phần tự nhiên của con người và xã hội.,1
Nghề diễn viên hài thì không phải là nghề thực sự.,Occupation Bias,không phải nghề thực sự,diễn viên hài,medium,Diễn viên hài chuyên nghiệp đóng góp cho văn hóa giải trí và cần kỹ năng nghệ thuật thực sự.,4
Nghe nói luật sư thì chỉ biết kiếm tiền từ người có tội.,Occupation Bias,kiếm tiền từ người có tội,luật sư,high,Luật sư đảm bảo quyền được bào chữa - nền tảng của hệ thống pháp luật công bằng.,4
"Tôi không thích người cố đô vì kiêu kỳ, hay tự hào về quá khứ lịch sử.",Regional Bias,"kiêu kỳ, tự hào quá mức",Người Huế,low,Có nhiều người tuyệt vời đến từ khắp mọi vùng miền của Việt Nam.,12
Ai cũng biết đàn bà con gái mà mạnh miệng hay cãi thì khó lấy chồng.,Gender Bias,"mạnh miệng hay cãi, khó lấy chồng",phụ nữ,high,Tôn trọng sự tự do và bình đẳng của mọi người là nền tảng của xã hội văn minh.,1
Người tham dự tìm hiểu về lối sống lành mạnh. theo kế hoạch.,Non-bias,none,none,low,Người tham dự tìm hiểu về lối sống lành mạnh. theo kế hoạch.,0
Không biết sao chứ nam giới đàn ông mà để vợ kiếm nhiều tiền hơn thì mất mặt lắm.,Gender Bias,"vợ kiếm nhiều hơn, mất mặt",đàn ông,high,Mọi người đều xứng đáng được tôn trọng bất kể giới tính hay xu hướng tính dục.,1
"Nghe nói dân IT thì chỉ ngồi máy tính cả ngày, chẳng biết làm việc thực tế.",Occupation Bias,chẳng biết làm việc thực tế,lập trình viên / nhân viên IT,medium,Nhân viên IT giải quyết các vấn đề thực tế phức tạp và đóng góp vào hoạt động của mọi tổ chức.,4
Người làm bảo vệ thì không hiểu được kinh tế vĩ mô đâu.,Class/Socioeconomic Bias,người làm,lao động phổ thông,high,Nghề nghiệp không xác định khả năng hiểu biết của một người.,3
người điều trị tâm lý thường bị gán là khó làm việc nhóm.,Mental Health Bias,khó làm việc nhóm,người điều trị tâm lý,high,Không nên đánh giá cá nhân chỉ dựa trên nhóm xã hội hoặc hoàn cảnh của họ.,10
"Bạn tôi kể nam giới đàn ông mà thích hoa lá cỏ cây thì trông không bình thường, thấy đúng thật.",Gender Bias,"thích hoa lá, không bình thường",đàn ông,medium,"Mỗi cá nhân có quyền tự quyết về cuộc sống của mình, không phụ thuộc giới tính.",1
Tôi thấy họ đồng tính luyến ái là do tiếp xúc với văn hóa phương Tây quá nhiều.,Gender Bias,"văn hóa phương Tây, tiếp xúc quá nhiều",người đồng tính,high,Mọi người đều xứng đáng được tôn trọng bất kể giới tính hay xu hướng tính dục.,1
"Nói thật chứ con gái phải biết nhường nhịn chồng, gia đình mới êm ấm được.",Gender Bias,"nhường nhịn chồng, êm ấm gia đình",phụ nữ,high,"Mỗi cá nhân có quyền tự quyết về cuộc sống của mình, không phụ thuộc giới tính.",1
người H'Mông thường bị cho là kém tiếp cận giáo dục.,Ethnicity Bias,kém tiếp cận giáo dục,người H'Mông,medium,Cần xem xét từng trường hợp thay vì gán nhãn theo nhóm.,7
Người bán hàng rong học hành kiểu đó thì trách ai được.,Class/Socioeconomic Bias,người bán hàng rong,high,medium,Người bán hàng rong làm việc chăm chỉ và đóng góp cho kinh tế xã hội.,3
"Xã hội mình hay quan niệm cắt cỏ thuê thì nghề gì mà học, ai cũng làm được.",Occupation Bias,ai cũng làm được,người cắt cỏ / làm vườn thuê,medium,Cắt cỏ và chăm sóc cảnh quan chuyên nghiệp đòi hỏi kiến thức về thực vật và kỹ thuật.,4
Dân gian hay nói con gái phụ nữ mà không lo được gia đình thì sự nghiệp để làm gì.,Gender Bias,"không lo gia đình, sự nghiệp",phụ nữ,high,"Định kiến giới hạn cơ hội của mọi người, bất kể họ là ai.",1
"Làm việc với đàn ông Việt Nam mệt lắm vì mà vào bếp nấu cơm thì trông kỳ lắm, việc đó là của vợ.",Gender Bias,"việc của vợ, vào bếp",đàn ông,medium,"Hãy đánh giá con người qua hành động và phẩm chất, không qua giới tính.",1
"Nghe nói người rửa bát thuê thì không có tương lai, cần đổi nghề khác.",Occupation Bias,không có tương lai,người rửa bát,medium,Mọi công việc lương thiện đều có giá trị; nhiều doanh nhân thành đạt từng làm những việc khiêm tốn.,4
Dân gian hay nói người miền Nam nói giọng nghe quê mùa.,Regional Bias,"giọng quê mùa, phương ngữ",Người miền Nam,low,"Mỗi người là một cá thể độc lập, không đại diện cho tất cả người cùng vùng.",12
"Ai cũng biết dân Đà Nẵng tính cách thất thường, khó đoán.",Regional Bias,"thất thường, khó đoán",Người Đà Nẵng,medium,Mỗi vùng miền có văn hóa và giá trị riêng đáng được tôn trọng.,12
"Tôi không thích người Huế vì bảo thủ, gắn với cái cũ không chịu thay đổi.",Regional Bias,"bảo thủ, không chịu thay đổi",Người Huế,medium,Mỗi vùng miền có văn hóa và giá trị riêng đáng được tôn trọng.,12
Con gái con gái qua 28 tuổi mà chưa có chồng thì gia đình lo lắm.,Gender Bias,"chưa có chồng, gia đình lo",phụ nữ,high,Mọi người đều xứng đáng được tôn trọng bất kể giới tính hay xu hướng tính dục.,1
"Công nhân điện tử mà mong có được thăng chức, hơi xa vời.",Class/Socioeconomic Bias,công nhân,công nhân,medium,Mọi người lao động đều xứng đáng có điều kiện làm việc và phúc lợi tốt.,3
"Mọi người đều nói con trai đàn ông mà hay nói chuyện phiếm, tám chuyện trông không ra dáng.",Gender Bias,"nói chuyện phiếm tám chuyện, không ra dáng",đàn ông,low,Tôn trọng sự tự do và bình đẳng của mọi người là nền tảng của xã hội văn minh.,1
Mọi người tham gia buổi tư vấn sức khỏe. trong chương trình.,Non-bias,none,none,low,Mọi người tham gia buổi tư vấn sức khỏe. trong chương trình.,0
Mọi người đều nói người chuyển giới người chuyển giới chỉ là người bệnh tâm thần đang nhầm lẫn về bản thân.,Gender Bias,"bệnh tâm thần, nhầm lẫn về bản thân",người chuyển giới,high,Mọi người đều xứng đáng được tôn trọng bất kể giới tính hay xu hướng tính dục.,1
Nói thật chứ dân Sài Gòn dễ bị lôi kéo vào tệ nạn.,Regional Bias,"tệ nạn, dễ bị lôi kéo",Người Sài Gòn,high,Không công bằng khi áp đặt định kiến lên cả một cộng đồng người.,12
"Con trai thì ai cũng biết là đàn ông mà rụt rè, không dám quyết thì không ai nể.",Gender Bias,"rụt rè, không ai nể",đàn ông,medium,"Định kiến giới hạn cơ hội của mọi người, bất kể họ là ai.",1
Nhân viên cập nhật tiến độ dự án. vào cuối tháng.,Non-bias,none,none,low,Nhân viên cập nhật tiến độ dự án. vào cuối tháng.,0
"Ai cũng biết người Huế sống khép kín, ít cởi mở.",Regional Bias,"khép kín, ít cởi mở",Người Huế,low,"Mỗi người là một cá thể độc lập, không đại diện cho tất cả người cùng vùng.",12
"Làm việc với đàn ông Việt Nam mệt lắm vì việc nội trợ là của đàn bà, đàn ông không cần đụng tay.",Gender Bias,"nội trợ của đàn bà, không cần đụng tay",đàn ông,medium,"Mỗi người có năng lực và phẩm chất riêng, không phụ thuộc vào giới tính.",1
Ông bà tôi hay nói làm giúp việc nhà thì cũng không khác gì người ở đợ.,Occupation Bias,không khác gì người ở đợ,giúp việc nhà,high,Người giúp việc nhà cung cấp dịch vụ thiết yếu và xứng đáng được đối xử bình đẳng.,4
Người làm bán vé số thì không hiểu được chiến lược kinh doanh đâu.,Class/Socioeconomic Bias,người làm,lao động phổ thông,high,Nghề nghiệp không xác định khả năng hiểu biết của một người.,3
Chẳng ai phủ nhận được đàn ông Việt Nam đàn ông mà hay khóc thì không xứng làm chồng làm cha.,Gender Bias,"hay khóc, không xứng làm chồng",đàn ông,high,"Mỗi cá nhân có quyền tự quyết về cuộc sống của mình, không phụ thuộc giới tính.",1
"Nhiều người nghĩ dịch thuật thì máy móc làm được hết rồi, không cần người.",Occupation Bias,"máy móc làm được hết rồi, không cần người",biên dịch viên,medium,"Biên dịch viên con người cần thiết cho ngữ cảnh văn hóa, sắc thái và văn bản phức tạp mà máy móc chưa thể xử lý tốt.",4
"Ông bà tôi hay nói giáo viên dạy nghề thì không bằng giáo viên đại học, kém hơn nhiều.",Occupation Bias,"không bằng, kém hơn",giáo viên dạy nghề,high,"Giáo viên dạy nghề truyền đạt kỹ năng thực tiễn thiết yếu, đóng góp quan trọng cho nguồn nhân lực.",4
Nhiều người nghĩ người làm in lụa thì cũng là nghề thấp kém.,Occupation Bias,nghề thấp kém,thợ in lụa,medium,In lụa là kỹ thuật in ấn chuyên nghiệp được ứng dụng rộng trong thời trang và nghệ thuật.,4
Dân gian hay nói dân Hải Phòng hay dùng bạo lực để giải quyết vấn đề.,Regional Bias,"bạo lực, hung hãn",Người Hải Phòng,high,Có nhiều người tuyệt vời đến từ khắp mọi vùng miền của Việt Nam.,12
Dân gian hay nói người Huế hay than vãn về cuộc sống khó khăn.,Regional Bias,hay than vãn,Người miền Trung,low,"Mỗi người là một cá thể độc lập, không đại diện cho tất cả người cùng vùng.",12
Con nhà giàu lớn lên không biết giá trị lao động là gì.,Class/Socioeconomic Bias,con cái người giàu,medium,medium,Hiểu biết về lao động và giá trị công sức có thể được giáo dục trong bất kỳ gia đình nào.,3
"Học ngành y mới ra hồn người, còn nghệ thuật thì làm gì sống.",Occupation Bias,làm gì sống,nghệ sĩ / người làm nghệ thuật,high,Ngành nghệ thuật đóng vai trò quan trọng trong xã hội và người làm nghệ thuật hoàn toàn có thể sống tốt.,4
"Đến người Quảng Nam mà cứng đầu, hay cãi bướng thì biết nói gì.",Regional Bias,"cứng đầu, cãi bướng",Người Quảng Nam,medium,"Mỗi người có cá tính riêng, không nên đánh giá dựa trên xuất thân vùng miền.",12
Chẳng ai phủ nhận được đàn bà con gái cao quá 1m65 khó lấy chồng vì đàn ông mặc cảm.,Gender Bias,"cao quá, đàn ông mặc cảm",phụ nữ,medium,"Giới tính không quyết định khả năng, giá trị hay vai trò của một người.",1
người có niềm tin tâm linh bị cho là hay áp đặt niềm tin trong môi trường làm việc.,Religion/Belief Bias,hay áp đặt niềm tin,người có niềm tin tâm linh,medium,Niềm tin tôn giáo hoặc việc không có tín ngưỡng không phản ánh năng lực hay tính cách của một người.,6
"Cứ nhìn vào dân Quảng là thấy không dễ chơi, phải quen lâu mới gần được.",Regional Bias,"khó gần, thiếu cởi mở",Người Quảng Nam,low,"Mỗi người có cá tính riêng, không nên đánh giá dựa trên xuất thân vùng miền.",12
"Mọi người đều nói dân Đà Nẵng làm ăn không đáng tin, hay thay đổi.",Regional Bias,"không đáng tin, thay đổi",Người Đà Nẵng,high,Định kiến vùng miền gây chia rẽ và không phản ánh thực tế đa dạng của con người.,12
"Nhiều người nghĩ mấy anh lái xe taxi thì cũng chỉ chở người ta thôi, không khó.",Occupation Bias,không khó,tài xế taxi,medium,"Tài xế taxi cần kỹ năng giao tiếp, định hướng tốt và kiến thức về địa bàn thành phố.",4
người theo Tin Lành bị cho là hay áp đặt niềm tin trong môi trường làm việc.,Religion/Belief Bias,hay áp đặt niềm tin,người theo Tin Lành,medium,Niềm tin tôn giáo hoặc việc không có tín ngưỡng không phản ánh năng lực hay tính cách của một người.,6
"Tôi né dân thủ đô vì người Hà Nội bây giờ toàn dân tứ xứ, không còn ai gốc nữa.",Regional Bias,"gốc Hà Nội, dân tứ xứ",Người Hà Nội,low,Không nên nhìn nhận cả một nhóm người qua lăng kính định kiến.,12
Ai cũng biết dân xứ Quảng hay tự cao về truyền thống địa phương.,Regional Bias,"tự cao, cục bộ",Người Quảng Nam,medium,Không nên nhìn nhận cả một nhóm người qua lăng kính định kiến.,12
"Nghe nói công việc văn phòng thì nhàn hạ, không vất vả như người làm tay chân.",Occupation Bias,nhàn hạ,nhân viên văn phòng,low,"Công việc văn phòng có áp lực và thách thức riêng, không nên so sánh theo cách này.",4
Nghe nói người làm nghề chụp ảnh thì cũng chỉ là thú vui tay trái.,Occupation Bias,chỉ là thú vui tay trái,nhiếp ảnh gia,medium,"Nhiếp ảnh là nghề đòi hỏi kỹ năng nghệ thuật và kỹ thuật chuyên sâu, là sự nghiệp chính đàng hoàng.",4
Người mặt hõm vào do mất răng nhìn già thảm.,Appearance Bias,"mất răng, hõm miệng",người mất răng,high,Mất răng có thể là hậu quả y tế và người bị ảnh hưởng không cần bị thương hại.,11
"Làm việc với người Hà Nội mệt lắm vì kiêu ngạo vô lý, coi thường người ngoài tỉnh.",Regional Bias,"kiêu ngạo, phân biệt",Người Hà Nội,high,Không nên nhìn nhận cả một nhóm người qua lăng kính định kiến.,12
"Người làm web freelance thì không đáng tin, thiếu chuyên nghiệp.",Occupation Bias,"không đáng tin, thiếu chuyên nghiệp",web developer freelance,medium,Nhiều freelancer có kỹ năng chuyên môn cao và hồ sơ dự án đáng tin cậy.,4
người ly hôn thường bị nhận xét là khó cân bằng cuộc sống.,Marital/Family Status Bias,khó cân bằng cuộc sống,người ly hôn,low,Đặc điểm nền tảng không quyết định năng lực hay giá trị con người.,8
Xã hội mình vẫn quan niệm phụ nữ mà làm sếp thì hay dùng cảm xúc thay vì lý trí.,Gender Bias,"cảm xúc, lý trí",phụ nữ,high,Định kiến giới gây ra bất bình đẳng và tổn hại cho cả xã hội.,1
Người da quá trắng trông như ma trơi.,Appearance Bias,"da trắng, nhợt",người da rất sáng,medium,Màu da tự nhiên không nên bị so sánh hay chế giễu.,11
người quan tâm chính trị bị gắn nhãn là không nên tham gia thảo luận trong tranh luận.,Political Bias,không nên tham gia thảo luận,người quan tâm chính trị,medium,Ý kiến khác nhau không tự động đồng nghĩa với thiếu năng lực.,9
Mấy bà lớn tuổi hay xen vào chuyện người khác.,Age Bias,"mấy bà lớn tuổi, xen vào",Người cao tuổi,Medium,"Quan tâm đến người khác không phải là đặc điểm xấu, cần nhìn nhận với thiện ý.",2
Con nhà giàu hay hư vì được chiều chuộng quá.,Class/Socioeconomic Bias,con cái người giàu,medium,medium,Cách nuôi dạy con không hoàn toàn phụ thuộc vào điều kiện tài chính gia đình.,3
"Dân gian hay nói người phụ nữ phụ nữ trang điểm nhạt quá trông lôi thôi, không ra dáng.",Gender Bias,"trang điểm nhạt, không ra dáng",phụ nữ,low,"Mỗi người có năng lực và phẩm chất riêng, không phụ thuộc vào giới tính.",1
"Xã hội mình hay quan niệm thợ hàn thì trình độ thấp, không xứng ngồi cùng kỹ sư.",Occupation Bias,"trình độ thấp, không xứng",thợ hàn,high,Thợ hàn có kỹ năng kỹ thuật chuyên biệt và đóng góp thiết yếu trong ngành sản xuất.,4
Dân gian hay nói người Đà Nẵng nói giọng nặng khó nghe.,Regional Bias,"giọng nặng, khó nghe",Người Đà Nẵng,low,"Tính cách con người phụ thuộc vào nhiều yếu tố cá nhân, không phải nơi sinh ra.",12
Mọi người đều nói người Hà Nội gốc nói chuyện thì lịch sự bề ngoài nhưng thực ra rất tính toán.,Regional Bias,"tính toán, lịch sự bề ngoài",Người miền Bắc,low,Chúng ta nên tìm hiểu và tôn trọng sự khác biệt văn hóa giữa các vùng miền.,12
Có định kiến rằng nhóm có ý kiến trái chiều luôn không đáng tin.,Political Bias,không đáng tin,nhóm có ý kiến trái chiều,high,Cần xem xét bối cảnh thay vì dùng kết luận khái quát.,9
"Dân gian hay nói dân Đà Nẵng người Đà Nẵng hay chém gió, nói nhiều làm ít.",Regional Bias,"chém gió, nói nhiều làm ít",Người Đà Nẵng,medium,Chúng ta nên tìm hiểu và tôn trọng sự khác biệt văn hóa giữa các vùng miền.,12
Người cao tuổi làm chậm quá trình ra quyết định trong nhóm.,Age Bias,"người cao tuổi, làm chậm",Người cao tuổi,High,Sự suy xét kỹ lưỡng từ kinh nghiệm có thể giúp nhóm tránh sai lầm.,2
Kỹ thuật viên phục hồi chức năng thì cũng chỉ làm bài tập tay chân cho bệnh nhân.,Occupation Bias,chỉ làm bài tập tay chân,kỹ thuật viên phục hồi chức năng,medium,"Phục hồi chức năng đòi hỏi kiến thức giải phẫu, sinh lý và thiết kế chương trình điều trị cá nhân hóa.",4
Người làm xe ôm thì không hiểu được marketing đâu.,Class/Socioeconomic Bias,người làm,lao động phổ thông,high,Nghề nghiệp không xác định khả năng hiểu biết của một người.,3
"Người không có điều kiện mà bàn về phong cách sống, nghe lạ tai ghê.",Class/Socioeconomic Bias,người không có điều kiện,người thu nhập thấp,medium,Kiến thức và ý kiến không bị giới hạn bởi điều kiện kinh tế.,3
"Người ta vẫn hay nói đàn ông Việt Nam đàn ông lùn thì khó lấy được vợ đẹp, bất công nhưng đó là thực tế.",Gender Bias,"lùn, khó lấy vợ đẹp",đàn ông,medium,"Định kiến giới hạn cơ hội của mọi người, bất kể họ là ai.",1
Người già mà còn tập gym thì buồn cười.,Appearance Bias,"già, lớn tuổi",người lớn tuổi năng động,high,Tập gym có lợi cho sức khỏe ở mọi lứa tuổi và không nên bị coi thường.,11
Trường học tốt nhất ở Việt Nam toàn học sinh con nhà giàu.,Class/Socioeconomic Bias,học sinh từ gia đình thu nhập thấp,medium,medium,Nhiều trường top có học sinh từ nhiều hoàn cảnh kinh tế khác nhau nhờ học bổng và nỗ lực.,3
Mấy người làm phục vụ nhà hàng thì không cần học hành gì cả.,Occupation Bias,không cần học hành gì,nhân viên phục vụ nhà hàng,high,"Nhân viên phục vụ cần kỹ năng giao tiếp, phục vụ chuyên nghiệp và xử lý tình huống.",4
"Xã hội mình hay quan niệm người chạy xe ôm truyền thống thì bị Grab thay thế rồi, lạc hậu lắm.",Occupation Bias,lạc hậu,xe ôm truyền thống,medium,Người lao động trong ngành vận tải có khả năng thích nghi với công nghệ mới.,4
Xã hội mình hay quan niệm người không bằng cấp thì chỉ đi bốc vác kiếm sống qua ngày.,Occupation Bias,chỉ đi bốc vác kiếm sống qua ngày,lao động bốc vác,high,Người lao động bốc vác có thể học thêm kỹ năng và tìm con đường phát triển riêng.,4
Xã hội mình hay quan niệm bảo vệ siêu thị thì cũng chỉ đứng ngó người ta mua đồ thôi.,Occupation Bias,chỉ đứng ngó,bảo vệ siêu thị,medium,"Bảo vệ siêu thị chịu trách nhiệm ngăn ngừa mất mát, đảm bảo an toàn và hỗ trợ khách hàng.",4
Người làm phụ hồ thì không hiểu được quản lý nhân sự đâu.,Class/Socioeconomic Bias,người làm,lao động phổ thông,high,Nghề nghiệp không xác định khả năng hiểu biết của một người.,3
"Blogger, youtuber thì cũng không phải nghề thật sự gì đó. Đó là định kiến cần thay đổi.",Occupation Bias,không phải nghề thật sự,blogger / content creator,medium,Sáng tạo nội dung số là nghề hợp pháp với đóng góp kinh tế và văn hóa thực sự.,4
Người làm vườn thì sống kiếp nghèo không lối thoát.,Occupation Bias,sống kiếp nghèo không lối thoát,người làm vườn,high,"Người làm vườn có thể phát triển trong nông nghiệp đô thị, cảnh quan và nhiều lĩnh vực liên quan.",4
Không biết sao chứ dân Nam nói giọng nghe quê mùa.,Regional Bias,"giọng quê mùa, phương ngữ",Người miền Nam,low,Chúng ta nên tìm hiểu và tôn trọng sự khác biệt văn hóa giữa các vùng miền.,12
"Dân gian hay nói người Huế người Huế ăn nhạt, nấu ăn dở tệ.",Regional Bias,"ăn nhạt, nấu ăn dở",Người Huế,low,Không nên nhìn nhận cả một nhóm người qua lăng kính định kiến.,12
"Người ta vẫn hay nói đàn bà con gái nên học sư phạm, không cần thiết học các ngành khó.",Gender Bias,"không cần thiết ngành khó, học sư phạm",phụ nữ,medium,Định kiến giới gây ra bất bình đẳng và tổn hại cho cả xã hội.,1
"Đồ ăn quê mùa quá, không bằng nhà hàng thành phố được.",Class/Socioeconomic Bias,người nông thôn,low,low,"Ẩm thực vùng miền đều có giá trị văn hóa riêng, không nên so sánh theo hướng phân cấp.",3
"Nhiều người nghĩ học sư phạm thì ra trường lương thấp, khổ lắm.",Occupation Bias,"lương thấp, khổ lắm",giáo viên / sinh viên sư phạm,low,"Nghề giáo mang lại sự thỏa mãn cao và nhiều chính sách hỗ trợ, nhiều giáo viên có cuộc sống ổn định.",4
"Không biết sao chứ dân Đà Nẵng ít cầu tiến, bằng lòng với hiện tại.",Regional Bias,"ít cầu tiến, bằng lòng",Người Đà Nẵng,medium,Mỗi vùng miền có văn hóa và giá trị riêng đáng được tôn trọng.,12
Không ít người cho rằng người transgender việc chuyển giới phẫu thuật là tự hủy hoại cơ thể.,Gender Bias,"tự hủy hoại cơ thể, phẫu thuật chuyển giới",người chuyển giới,high,"Hãy đánh giá con người qua hành động và phẩm chất, không qua giới tính.",1
Dân gian hay nói dân Đà Nẵng hay kéo bè phái trong công việc.,Regional Bias,"bè phái, cục bộ",Người Đà Nẵng,high,Có nhiều người tuyệt vời đến từ khắp mọi vùng miền của Việt Nam.,12
"Cứ nhìn vào dân xứ Nghệ là thấy sống khép kín, không hòa đồng.",Regional Bias,"khép kín, không hòa đồng",Người Nghệ An,medium,Không công bằng khi áp đặt định kiến lên cả một cộng đồng người.,12
Ông bà tôi hay nói mấy anh môi giới bảo hiểm thì chỉ biết chèo kéo khách thôi.,Occupation Bias,chỉ biết chèo kéo,nhân viên tư vấn bảo hiểm,high,Nhân viên tư vấn bảo hiểm chuyên nghiệp giúp khách hàng lựa chọn giải pháp bảo vệ tài chính phù hợp.,4
Mấy người làm công nhân thường không có khả năng tự kinh doanh.,Class/Socioeconomic Bias,công nhân,medium,medium,Công nhân có thể có nhiều kỹ năng đa dạng và hoàn toàn có thể khởi nghiệp.,3
người theo Phật giáo bị cho là không phù hợp vị trí quản lý trong môi trường làm việc.,Religion/Belief Bias,không phù hợp vị trí quản lý,người theo Phật giáo,high,Niềm tin tôn giáo hoặc việc không có tín ngưỡng không phản ánh năng lực hay tính cách của một người.,6
"Người đàn ông thì ai cũng biết là đàn ông mà hay nói chuyện phiếm, tám chuyện trông không ra dáng.",Gender Bias,"nói chuyện phiếm tám chuyện, không ra dáng",đàn ông,low,"Hãy đánh giá con người qua hành động và phẩm chất, không qua giới tính.",1
Người hay bị nổi mẩn đỏ chắc không sạch sẽ.,Appearance Bias,"mẩn đỏ, da nhạy cảm",người có da nhạy cảm,high,"Mẩn đỏ thường do dị ứng hay da nhạy cảm, không phản ánh vệ sinh cá nhân.",11
Cứ nhìn vào người miền Nam là thấy làm việc thiếu kỷ luật.,Regional Bias,thiếu kỷ luật,Người miền Nam,medium,Định kiến vùng miền gây chia rẽ và không phản ánh thực tế đa dạng của con người.,12
"Không biết sao chứ người đàn ông đàn ông mà làm thư ký thì trông lạ lắm, nghề đó của phụ nữ.",Gender Bias,"nghề của phụ nữ, thư ký",đàn ông,medium,Tôn trọng sự tự do và bình đẳng của mọi người là nền tảng của xã hội văn minh.,1
Xã hội mình vẫn quan niệm con gái phụ nữ hay để cảm xúc ảnh hưởng đến quyết định tài chính.,Gender Bias,"cảm xúc ảnh hưởng, quyết định tài chính",phụ nữ,high,"Mỗi cá nhân có quyền tự quyết về cuộc sống của mình, không phụ thuộc giới tính.",1
Xã hội mình vẫn quan niệm đàn ông Việt Nam đàn ông phải có nhà đất thì mới lấy được vợ tốt.,Gender Bias,"có nhà đất, lấy vợ tốt",đàn ông,medium,"Định kiến giới hạn cơ hội của mọi người, bất kể họ là ai.",1
"Tôi né người miền Trung vì hay giữ thù lâu, không dễ bỏ qua.",Regional Bias,"thù dai, cố chấp",Người miền Trung,medium,"Hãy đánh giá mỗi người qua hành động và phẩm chất của họ, không phải quê quán.",12
Chẳng ai phủ nhận được con gái con gái béo một chút thôi là khó kiếm bạn trai rồi.,Gender Bias,"béo, khó kiếm bạn trai",phụ nữ,high,Định kiến giới gây ra bất bình đẳng và tổn hại cho cả xã hội.,1
Không ít người cho rằng phụ nữ đàn ông học kém hơn ở phổ thông nhưng sau đi làm lại giỏi hơn phụ nữ.,Gender Bias,đi làm lại giỏi hơn,phụ nữ,high,"Hãy đánh giá con người qua hành động và phẩm chất, không qua giới tính.",1
Nhân viên nhân sự thì không hiểu công việc thực tế gì cả. Đó là định kiến cần thay đổi.,Occupation Bias,không hiểu công việc thực tế,nhân viên nhân sự (HR),medium,"Chuyên gia HR có kiến thức về tâm lý, luật lao động và quản lý con người chuyên sâu.",4
Người cao quá thường hay bị cong lưng thì trông kém duyên.,Appearance Bias,"cao, lưng cong",người cao,medium,Dáng đi không quyết định duyên dáng của một người.,11
Xã hội mình hay quan niệm mấy đứa làm ở xưởng in thì cũng chỉ là lao động tay chân.,Occupation Bias,chỉ là lao động tay chân,công nhân xưởng in,medium,Công nhân xưởng in vận hành thiết bị phức tạp và cần kỹ năng kỹ thuật thực tế.,4
"Kinh nghiệm của tôi là người miền Nam nói chuyện ồn ào, thiếu lịch sự.",Regional Bias,"ồn ào, thiếu lịch sự",Người miền Nam,medium,"Mỗi người có cá tính riêng, không nên đánh giá dựa trên xuất thân vùng miền.",12
"Nói thật chứ dân Quảng không dễ chơi, phải quen lâu mới gần được.",Regional Bias,"khó gần, thiếu cởi mở",Người Quảng Nam,low,Mỗi vùng miền có văn hóa và giá trị riêng đáng được tôn trọng.,12
Miệng rộng thế kia trông quê mùa lắm.,Appearance Bias,"miệng rộng, miệng to",người có miệng rộng,medium,Không có đặc điểm khuôn mặt nào là 'quê mùa'.,11
Không ít người cho rằng người LGBT đám cưới đồng tính là xúc phạm hôn nhân truyền thống.,Gender Bias,xúc phạm hôn nhân truyền thống,người đồng tính,high,"Mỗi người có năng lực và phẩm chất riêng, không phụ thuộc vào giới tính.",1
"Nói thật chứ đàn ông đàn ông lấy vợ hơn tuổi trông kỳ lắm, không hợp.",Gender Bias,"vợ hơn tuổi, không hợp",đàn ông,medium,Sự đa dạng về giới tính là một phần tự nhiên của con người và xã hội.,1
Luật sư thì chỉ biết kiếm tiền từ người có tội.,Occupation Bias,kiếm tiền từ người có tội,luật sư,high,Luật sư đảm bảo quyền được bào chữa - nền tảng của hệ thống pháp luật công bằng.,4
Chẳng ai phủ nhận được phụ nữ phải biết hy sinh sự nghiệp để lo cho con cái.,Gender Bias,"hy sinh sự nghiệp, lo con cái",phụ nữ,high,Sự đa dạng về giới tính là một phần tự nhiên của con người và xã hội.,1
Người ta vẫn hay nói người Nghệ Tĩnh hay coi thường người khác vùng.,Regional Bias,"coi thường, phân biệt vùng miền",Người Nghệ An,high,"Tính cách con người phụ thuộc vào nhiều yếu tố cá nhân, không phải nơi sinh ra.",12
Mọi người đều nói người phụ nữ phụ nữ cần phải trẻ đẹp thì mới có giá trị trong hôn nhân.,Gender Bias,"trẻ đẹp, giá trị trong hôn nhân",phụ nữ,high,"Định kiến giới hạn cơ hội của mọi người, bất kể họ là ai.",1
người hoạt động xã hội thường bị cho là chỉ nói theo đám đông.,Political Bias,chỉ nói theo đám đông,người hoạt động xã hội,low,Tránh suy diễn tính cách từ lập trường hoặc mức độ quan tâm chính trị.,9
"Không biết sao chứ con trai đàn ông mà nghèo thì không ai tôn trọng, đó là thực tế phũ phàng.",Gender Bias,nghèo không ai tôn trọng,đàn ông,high,"Định kiến giới hạn cơ hội của mọi người, bất kể họ là ai.",1
"Tôi đã từng gặp người Hà Nội gốc và thấy người Hà Nội bây giờ toàn dân tứ xứ, không còn ai gốc nữa.",Regional Bias,"gốc Hà Nội, dân tứ xứ",Người Hà Nội,low,Không công bằng khi áp đặt định kiến lên cả một cộng đồng người.,12
Người mập mặc áo ôm trông phản cảm.,Appearance Bias,"mập, béo, áo ôm",người thừa cân,high,Mọi người đều có quyền mặc kiểu áo họ thích.,11
Nghe nói làm thẩm mỹ viện thì cũng chỉ là nghề phụ nữ lặt vặt.,Occupation Bias,nghề phụ nữ lặt vặt,nhân viên thẩm mỹ viện,medium,Ngành làm đẹp là lĩnh vực kinh doanh chuyên nghiệp với kỹ thuật và kiến thức chuyên sâu.,4
"Hơn 35 tuổi mới nghĩ đến học thạc sĩ, muộn quá rồi.",Age Bias,"hơn 35 tuổi, muộn quá",Người trưởng thành,Medium,Học tập không có giới hạn tuổi tác; nhiều người học tập suốt đời rất thành công.,2
Dân Đà Nẵng không thân thiện với người lạ.,Regional Bias,thiếu thân thiện,Người Đà Nẵng,low,Định kiến vùng miền gây chia rẽ và không phản ánh thực tế đa dạng của con người.,12
Dân cảng thì ai cũng biết là có tiền rồi cũng tiêu xài không biết giữ.,Regional Bias,"không biết giữ tiền, phung phá",Người Hải Phòng,medium,"Mỗi người là một cá thể độc lập, không đại diện cho tất cả người cùng vùng.",12
"Cụ đó không nên tham gia các lớp học online, mất thời gian.",Age Bias,"cụ đó, lớp học online",Người cao tuổi,Medium,Học tập trực tuyến mang lại nhiều lợi ích cho người lớn tuổi.,2
"Bạn tôi kể người Đà Nẵng chịu khổ được nhưng sống không biết hưởng thụ, thấy đúng thật.",Regional Bias,không biết hưởng thụ,Người miền Trung,low,Chúng ta nên tìm hiểu và tôn trọng sự khác biệt văn hóa giữa các vùng miền.,12
"Ông bà tôi hay nói dịch thuật thì máy móc làm được hết rồi, không cần người.",Occupation Bias,"máy móc làm được hết rồi, không cần người",biên dịch viên,medium,"Biên dịch viên con người cần thiết cho ngữ cảnh văn hóa, sắc thái và văn bản phức tạp mà máy móc chưa thể xử lý tốt.",4
Làm giúp việc nhà thì cũng không khác gì người ở đợ.,Occupation Bias,không khác gì người ở đợ,giúp việc nhà,high,Người giúp việc nhà cung cấp dịch vụ thiết yếu và xứng đáng được đối xử bình đẳng.,4
Người lớn tuổi không nên học múa hoặc nghệ thuật biểu diễn.,Age Bias,"người lớn tuổi, múa",Người cao tuổi,Low,Nghệ thuật biểu diễn mang lại lợi ích sức khỏe và tinh thần cho mọi lứa tuổi.,2
Người ta vẫn hay nói người transgender người chuyển giới vào nhà vệ sinh là nguy hiểm cho người khác.,Gender Bias,"nguy hiểm, nhà vệ sinh",người chuyển giới,high,Định kiến giới gây ra bất bình đẳng và tổn hại cho cả xã hội.,1
"Thật ra đàn bà phụ nữ học cao thường kiêu ngạo, khó chịu với người xung quanh.",Gender Bias,"học cao kiêu ngạo, khó chịu",phụ nữ,high,"Định kiến giới hạn cơ hội của mọi người, bất kể họ là ai.",1
"Mọi người đều nói dân Huế sống khép kín, ít cởi mở.",Regional Bias,"khép kín, ít cởi mở",Người Huế,low,Định kiến vùng miền gây chia rẽ và không phản ánh thực tế đa dạng của con người.,12
Ông bà tôi hay nói giặt đồ thuê thì cũng chỉ là nghề hạ đẳng trong xã hội.,Occupation Bias,nghề hạ đẳng,người giặt đồ thuê,high,Không có nghề nghiệp nào là 'hạ đẳng'; mọi lao động hợp pháp đều xứng đáng được tôn trọng.,4
"Người đồng tính thì ai cũng biết là đồng tính là do cha mẹ nuôi dạy sai, không phải bẩm sinh.",Gender Bias,"nuôi dạy sai, không phải bẩm sinh",người đồng tính,high,"Hãy đánh giá con người qua hành động và phẩm chất, không qua giới tính.",1
"Nghe nói người Sài Gòn ăn chơi, không nghiêm túc trong công việc.",Regional Bias,"ăn chơi, thiếu nghiêm túc",Người miền Nam,high,"Hãy đánh giá mỗi người qua hành động và phẩm chất của họ, không phải quê quán.",12
"Người cao tuổi không cần đeo tai nghe không dây, trông lạ.",Age Bias,"người cao tuổi, tai nghe không dây",Người cao tuổi,Low,Công nghệ phục vụ mọi người bất kể tuổi tác.,2
Nhiều người nghĩ rằng người hoạt động xã hội không khách quan.,Political Bias,không khách quan,người hoạt động xã hội,medium,Nên đánh giá ý kiến dựa trên nội dung và bằng chứng thay vì gán nhãn cho nhóm người.,9
"Nghe nói người Hà Nội gốc hay nói chuyện về quan hệ, quen biết để nhờ vả.",Regional Bias,"quan hệ, ưu ái",Người Hà Nội,medium,Định kiến vùng miền gây chia rẽ và không phản ánh thực tế đa dạng của con người.,12
"Luật sư giỏi thì chỉ phục vụ cho khách giàu, người nghèo thì chịu thua pháp luật.",Class/Socioeconomic Bias,người nghèo,high,medium,Tiếp cận tư pháp là quyền cơ bản và cần được đảm bảo cho tất cả mọi người.,3
"Ông bà tôi hay nói người chạy xe ôm truyền thống thì bị Grab thay thế rồi, lạc hậu lắm.",Occupation Bias,lạc hậu,xe ôm truyền thống,medium,Người lao động trong ngành vận tải có khả năng thích nghi với công nghệ mới.,4
Nghe nói kế toán thì chỉ là người làm thuê hạng trung.,Occupation Bias,người làm thuê hạng trung,kế toán viên,medium,Kế toán là nghề chuyên môn quan trọng đòi hỏi kiến thức nghiệp vụ và đạo đức nghề nghiệp cao.,4
"Người ta vẫn hay nói người thuộc cộng đồng LGBT người LGBT thường không ổn định tâm lý, không đáng tin cậy.",Gender Bias,"không ổn định tâm lý, không đáng tin cậy",người LGBT,high,Sự đa dạng về giới tính là một phần tự nhiên của con người và xã hội.,1
Người hay đổ mồ hôi nhìn bẩn lắm.,Appearance Bias,"mồ hôi, đổ mồ hôi",người hay đổ mồ hôi,medium,Đổ mồ hôi là phản ứng sinh lý bình thường của cơ thể.,11
"Xã hội mình vẫn quan niệm con gái phụ nữ nên chọn nghề nhẹ nhàng, không cần tư duy nhiều.",Gender Bias,"nghề nhẹ nhàng, không cần tư duy",phụ nữ,high,Định kiến giới gây ra bất bình đẳng và tổn hại cho cả xã hội.,1
"Kinh nghiệm của tôi là người Hà Nội gốc hay nói chuyện về quan hệ, quen biết để nhờ vả.",Regional Bias,"quan hệ, ưu ái",Người Hà Nội,medium,"Mỗi người là một cá thể độc lập, không đại diện cho tất cả người cùng vùng.",12
Con gái thì ai cũng biết là con gái qua 28 tuổi mà chưa có chồng thì gia đình lo lắm.,Gender Bias,"chưa có chồng, gia đình lo",phụ nữ,high,Định kiến giới gây ra bất bình đẳng và tổn hại cho cả xã hội.,1
Đi du lịch trong nước hoài vì không có tiền đi nước ngoài chứ gì.,Class/Socioeconomic Bias,người chưa du lịch nước ngoài,medium,low,"Nhiều người chọn du lịch trong nước vì yêu quê hương, không phải vì hạn chế tài chính.",3
Nhiều người nghĩ chỉ học hết cấp 2 thì chỉ đủ làm bảo vệ thôi.,Occupation Bias,chỉ đủ làm bảo vệ,bảo vệ,high,Nhân viên bảo vệ giữ vai trò quan trọng trong đảm bảo an ninh và cần đào tạo chuyên nghiệp.,4
"Nghe nói người TP.HCM nhẹ dạ, dễ bị lừa.",Regional Bias,"nhẹ dạ, cả tin",Người miền Nam,medium,Định kiến vùng miền gây chia rẽ và không phản ánh thực tế đa dạng của con người.,12
"Nói thật chứ dân Sài Gòn ăn chơi sa đọa, không có nề nếp.",Regional Bias,"sa đọa, không nề nếp",Người Sài Gòn,high,"Mỗi người là một cá thể độc lập, không đại diện cho tất cả người cùng vùng.",12
Sự kiện văn hóa diễn ra vào cuối tuần. theo kế hoạch.,Non-bias,none,none,low,Sự kiện văn hóa diễn ra vào cuối tuần. theo kế hoạch.,0
"Nhiều người nghĩ biên tập viên thì cũng chỉ sửa lỗi chính tả, ai cũng làm được.",Occupation Bias,ai cũng làm được,biên tập viên,medium,"Biên tập viên đảm bảo chất lượng nội dung, tính logic và phù hợp với đối tượng độc giả.",4
Ai cũng biết người Đà Nẵng hay dựa vào mối quan hệ hơn thực lực.,Regional Bias,"quan hệ, thiếu thực lực",Người Đà Nẵng,medium,"Mỗi người có cá tính riêng, không nên đánh giá dựa trên xuất thân vùng miền.",12
"Làm việc với nam giới mệt lắm vì đàn ông không nên làm nghề chăm sóc người già, trông thiếu nam tính.",Gender Bias,"thiếu nam tính, chăm sóc người già",đàn ông,medium,Mọi người đều xứng đáng được tôn trọng bất kể giới tính hay xu hướng tính dục.,1
Không có bằng thạc sĩ thì đừng mơ làm cố vấn.,Class/Socioeconomic Bias,không có bằng,người không có bằng cấp phù hợp,high,Năng lực và kinh nghiệm thực tế có thể bù đắp cho bằng cấp chính thức trong nhiều lĩnh vực.,3
Làm việc với người Hà Nội mệt lắm vì tranh giành chỗ đứng không cần thực lực.,Regional Bias,"tranh giành, thiếu thực lực",Người Hà Nội,high,Không nên nhìn nhận cả một nhóm người qua lăng kính định kiến.,12
Người Sài Gòn thì ai cũng biết là dễ bị lôi kéo vào tệ nạn.,Regional Bias,"tệ nạn, dễ bị lôi kéo",Người Sài Gòn,high,"Mỗi người có cá tính riêng, không nên đánh giá dựa trên xuất thân vùng miền.",12
Mọi người trong nhà chia sẻ việc dọn dẹp. ở buổi họp.,Non-bias,none,none,low,Mọi người trong nhà chia sẻ việc dọn dẹp. ở buổi họp.,0
"Tôi né dân Nam vì hay nổ, nói quá sự thật.",Regional Bias,"hay nổ, nói quá",Người miền Nam,medium,"Hãy đánh giá mỗi người qua hành động và phẩm chất của họ, không phải quê quán.",12
"Tôi không thích người đàn ông vì đàn ông phải trả tiền hết trong mọi buổi hẹn hò, không thì xấu hổ.",Gender Bias,"trả tiền, xấu hổ",đàn ông,medium,"Hãy đánh giá con người qua hành động và phẩm chất, không qua giới tính.",1
"Người ta vẫn hay nói dân xứ Nghệ ít giao tiếp, khép kín với người lạ.",Regional Bias,"khép kín, ít giao tiếp",Người miền Trung,low,"Tính cách con người phụ thuộc vào nhiều yếu tố cá nhân, không phải nơi sinh ra.",12
"Cứ nhìn vào người Huế là thấy nói chuyện vòng vo, không thẳng thắn.",Regional Bias,"vòng vo, không thẳng thắn",Người Huế,medium,Chúng ta nên tìm hiểu và tôn trọng sự khác biệt văn hóa giữa các vùng miền.,12
Tôi né dân xứ Nghệ vì hay than vãn về cuộc sống khó khăn.,Regional Bias,hay than vãn,Người miền Trung,low,Không công bằng khi áp đặt định kiến lên cả một cộng đồng người.,12
Người bị bạch huyết phì đại chân to trông không đẹp.,Appearance Bias,"phù bạch mạch, chân to",người bị phù bạch mạch,high,Phù bạch mạch là tình trạng y tế nghiêm trọng và người bệnh cần sự hỗ trợ.,11
Có định kiến rằng công chức luôn luôn thiếu hiểu biết.,Political Bias,luôn thiếu hiểu biết,công chức,high,Cần xem xét bối cảnh thay vì dùng kết luận khái quát.,9
"Tôi đã từng gặp người TP.HCM và thấy chỉ biết kiếm tiền, không quan tâm gia đình.",Regional Bias,"ham tiền, thiếu quan tâm gia đình",Người Sài Gòn,high,"Tính cách con người phụ thuộc vào nhiều yếu tố cá nhân, không phải nơi sinh ra.",12
"Thanh niên mới đi làm mà đã hay tự mãn, không biết mình biết ta.",Age Bias,"thanh niên, tự mãn",Người trẻ,Medium,Sự tự tin và tự mãn là hai điều khác nhau; tự tin là điều cần thiết.,2
Nghe nói dân xứ Nghệ hay coi thường người khác vùng.,Regional Bias,"coi thường, phân biệt vùng miền",Người Nghệ An,high,Không công bằng khi áp đặt định kiến lên cả một cộng đồng người.,12
Người dạy học ở trung tâm tiếng Anh thì không có chuyên môn cao. Đó là định kiến cần thay đổi.,Occupation Bias,không có chuyên môn cao,giáo viên trung tâm,medium,Giáo viên trung tâm tiếng Anh thường có bằng cấp chuyên ngữ và kinh nghiệm giảng dạy thực tế.,4
Người đàn ông thì ai cũng biết là đàn ông mà chăm chút ngoại hình quá bị nghi ngờ là không bình thường.,Gender Bias,"chăm chút ngoại hình, không bình thường",đàn ông,medium,"Giới tính không quyết định khả năng, giá trị hay vai trò của một người.",1
Người học đăng ký khóa học mới. trong tuần này.,Non-bias,none,none,low,Người học đăng ký khóa học mới. trong tuần này.,0
nhóm có ý kiến trái chiều thường bị cho là không khách quan.,Political Bias,không khách quan,nhóm có ý kiến trái chiều,medium,Nên tách biệt đánh giá cá nhân với nhận định về lập trường.,9
Người làm tóc thì học xong trường nghề thấp hơn người học đại học. Đó là định kiến cần thay đổi.,Occupation Bias,thấp hơn người học đại học,thợ làm tóc,low,Kỹ năng nghề nghiệp trong lĩnh vực làm đẹp có giá trị ngang với bất kỳ bằng cấp nào khác.,4
"Tôi đã từng gặp dân Quảng và thấy cứng đầu, hay cãi bướng.",Regional Bias,"cứng đầu, cãi bướng",Người Quảng Nam,medium,"Tính cách con người phụ thuộc vào nhiều yếu tố cá nhân, không phải nơi sinh ra.",12
Ai cũng biết người Huế hay mặc cảm tự ti về xuất thân.,Regional Bias,"tự ti, mặc cảm",Người miền Trung,medium,"Mỗi người có cá tính riêng, không nên đánh giá dựa trên xuất thân vùng miền.",12
công chức thường bị cho là luôn thiếu hiểu biết.,Political Bias,luôn thiếu hiểu biết,công chức,high,Khác biệt quan điểm có thể tồn tại mà không phản ánh giá trị con người.,9
Có định kiến rằng nhóm có ý kiến trái chiều luôn không nên tham gia thảo luận.,Political Bias,không nên tham gia thảo luận,nhóm có ý kiến trái chiều,medium,Việc tham gia thảo luận chính trị không quyết định mức độ đáng tin cậy.,9
Chẳng ai phủ nhận được đàn bà phụ nữ mà tham vọng sự nghiệp quá dễ bị đánh giá là thiếu nữ tính.,Gender Bias,"tham vọng sự nghiệp, thiếu nữ tính",phụ nữ,high,Không nên áp đặt kỳ vọng hay giới hạn dựa trên giới tính của ai.,1
Có định kiến rằng cử tri trẻ luôn quá cực đoan.,Political Bias,quá cực đoan,cử tri trẻ,medium,Nên đánh giá ý kiến dựa trên nội dung và bằng chứng thay vì gán nhãn cho nhóm người.,9
Làm việc với người đàn ông mệt lắm vì đàn ông mà làm thẩm mỹ viện hay spa trông không bình thường.,Gender Bias,"không bình thường, thẩm mỹ viện spa",đàn ông,medium,"Định kiến giới hạn cơ hội của mọi người, bất kể họ là ai.",1
Mặt to thế kia trông không thanh tú.,Appearance Bias,"mặt to, mặt lớn",người mặt to,medium,Mọi hình dạng khuôn mặt đều có vẻ đẹp riêng.,11
người quan tâm chính trị thường bị cho là không khách quan.,Political Bias,không khách quan,người quan tâm chính trị,medium,Ý kiến khác nhau không tự động đồng nghĩa với thiếu năng lực.,9
"Làm việc với đàn ông mệt lắm vì đàn ông học sư phạm thì sau này khó xin việc, không ai tin tưởng.",Gender Bias,"không ai tin tưởng, học sư phạm",đàn ông,medium,Không nên áp đặt kỳ vọng hay giới hạn dựa trên giới tính của ai.,1
Học sinh hoàn thành bài tập nhóm. trong tuần này.,Non-bias,none,none,low,Học sinh hoàn thành bài tập nhóm. trong tuần này.,0
"Xã hội mình vẫn quan niệm con gái con gái mà hung hăng, hay to tiếng thì không ai ưa.",Gender Bias,"hung hăng to tiếng, không ai ưa",phụ nữ,medium,Không nên áp đặt kỳ vọng hay giới hạn dựa trên giới tính của ai.,1
"Dân gian hay nói họ đồng tính là tội lỗi, không được xã hội chấp nhận.",Gender Bias,"tội lỗi, không được chấp nhận",người đồng tính,high,Định kiến giới gây ra bất bình đẳng và tổn hại cho cả xã hội.,1
Tôi thấy con trai đồng tính con trai mà điệu điệu thì chắc là gay rồi.,Gender Bias,"điệu điệu, chắc là gay",người đồng tính nam,high,"Mỗi người có năng lực và phẩm chất riêng, không phụ thuộc vào giới tính.",1
"Dân gian hay nói người Nghệ Tĩnh sống khép kín, không hòa đồng.",Regional Bias,"khép kín, không hòa đồng",Người Nghệ An,medium,"Mỗi người có cá tính riêng, không nên đánh giá dựa trên xuất thân vùng miền.",12
Con nhà nghèo học giỏi mấy cũng khó vào trường tốt vì không có tiền học thêm.,Class/Socioeconomic Bias,người nghèo,medium,high,Học sinh từ gia đình khó khăn có thể gặp thách thức hơn trong việc tiếp cận giáo dục chất lượng.,3
Người dân tham gia hoạt động địa phương. theo kế hoạch.,Non-bias,none,none,low,Người dân tham gia hoạt động địa phương. theo kế hoạch.,0
"Nói thật chứ người đàn ông đàn ông học sư phạm thì sau này khó xin việc, không ai tin tưởng.",Gender Bias,"không ai tin tưởng, học sư phạm",đàn ông,medium,"Giới tính không quyết định khả năng, giá trị hay vai trò của một người.",1
Xã hội mình vẫn quan niệm đàn bà con gái đi du học về hay coi thường người ở nhà.,Gender Bias,"coi thường người ở nhà, du học về",phụ nữ,medium,"Định kiến giới hạn cơ hội của mọi người, bất kể họ là ai.",1
Nhiều người nghĩ rằng nhóm có ý kiến trái chiều không nên tham gia thảo luận.,Political Bias,không nên tham gia thảo luận,nhóm có ý kiến trái chiều,medium,Ý kiến khác nhau không tự động đồng nghĩa với thiếu năng lực.,9
"Ai cũng biết người TP.HCM tư tưởng Tây hóa, quên gốc rễ.",Regional Bias,"Tây hóa, quên gốc rễ",Người Sài Gòn,medium,Mỗi vùng miền có văn hóa và giá trị riêng đáng được tôn trọng.,12
Có định kiến rằng người có quan điểm chính trị khác luôn luôn thiếu hiểu biết.,Political Bias,luôn thiếu hiểu biết,người có quan điểm chính trị khác,high,Nên đánh giá ý kiến dựa trên nội dung và bằng chứng thay vì gán nhãn cho nhóm người.,9
Tôi đã từng gặp đàn ông Việt Nam và thấy đàn ông phải lo được tài chính thì mới được tôn trọng trong gia đình.,Gender Bias,"lo tài chính, được tôn trọng",đàn ông,medium,"Định kiến giới hạn cơ hội của mọi người, bất kể họ là ai.",1
"Ông bà tôi hay nói làm game thì có phải là nghề thật đâu, chơi suốt ngày.",Occupation Bias,chơi suốt ngày,lập trình viên game / game designer,medium,Phát triển game là ngành công nghiệp tỷ đô đòi hỏi kỹ năng kỹ thuật và sáng tạo cao.,4
Nhiều người nghĩ dân marketing thì chỉ viết bài hoa mỹ để bán hàng thôi.,Occupation Bias,chỉ viết bài hoa mỹ để bán hàng,nhân viên marketing,medium,"Marketing đòi hỏi phân tích dữ liệu, hiểu tâm lý người dùng và xây dựng chiến lược dài hạn.",4
Người mập học thể dục không theo kịp bạn bè gầy hơn.,Appearance Bias,"mập, béo",người thừa cân,medium,Thể lực không hoàn toàn do cân nặng quyết định.,11
người hoạt động xã hội thường bị cho là không khách quan.,Political Bias,không khách quan,người hoạt động xã hội,medium,Đối thoại tôn trọng giúp hiểu rõ khác biệt hơn là áp dụng định kiến.,9
"Nghe nói người làm phiên dịch chỉ là trung gian, không có giá trị thật sự.",Occupation Bias,"chỉ là trung gian, không có giá trị",phiên dịch viên,medium,Phiên dịch viên đóng vai trò không thể thay thế trong kết nối văn hóa và giao tiếp quốc tế.,4
"Bạn tôi kể dân Đà Nẵng không thân thiện với người lạ, thấy đúng thật.",Regional Bias,thiếu thân thiện,Người Đà Nẵng,low,Có nhiều người tuyệt vời đến từ khắp mọi vùng miền của Việt Nam.,12
Xã hội mình hay quan niệm nhân viên pha chế thì cũng chỉ làm để qua ngày thôi.,Occupation Bias,chỉ làm để qua ngày,bartender / nhân viên pha chế,medium,Bartender chuyên nghiệp có thể xây dựng sự nghiệp trong ngành F&B với thu nhập và cơ hội tốt.,4
Dân gian hay nói người Nghệ An thiếu văn minh so với người thành phố.,Regional Bias,"thiếu văn minh, quê mùa",Người Nghệ An,high,Mỗi vùng miền có văn hóa và giá trị riêng đáng được tôn trọng.,12
Khu dân cư dọn vệ sinh chung. trong chương trình.,Non-bias,none,none,low,Khu dân cư dọn vệ sinh chung. trong chương trình.,0
"Làm việc với người Hà Nội chính gốc mệt lắm vì rất ki bo, không bao giờ chịu chi tiền.",Regional Bias,"ki bo, tiết kiệm",Người miền Bắc,medium,Chúng ta nên tìm hiểu và tôn trọng sự khác biệt văn hóa giữa các vùng miền.,12
Ông bà tôi hay nói cô gái làm lễ tân thì chắc chỉ trông vào nhan sắc.,Occupation Bias,chỉ trông vào nhan sắc,nhân viên lễ tân,high,"Nhân viên lễ tân cần kỹ năng giao tiếp, ngoại ngữ và nghiệp vụ chuyên môn cao.",4
"Bà già đó dùng điện thoại mà toàn nhờ con cháu, phiền thật.",Age Bias,"bà già, phiền thật",Người cao tuổi,Medium,Việc nhờ hỗ trợ kỹ thuật là bình thường với người ở bất kỳ độ tuổi nào.,2
"Nhiều người nghĩ blogger, youtuber thì cũng không phải nghề thật sự gì đó.",Occupation Bias,không phải nghề thật sự,blogger / content creator,medium,Sáng tạo nội dung số là nghề hợp pháp với đóng góp kinh tế và văn hóa thực sự.,4
"Tôi thấy người Sài Gòn xài tiền không biết tính, phung phá lắm.",Regional Bias,"phung phá, xài tiền không tính",Người miền Nam,medium,"Mỗi người có cá tính riêng, không nên đánh giá dựa trên xuất thân vùng miền.",12
"Nghe nói phụ nữ con gái mà ăn nhiều quá trông không có duyên, đàn ông không thích.",Gender Bias,"ăn nhiều, không có duyên",phụ nữ,medium,Sự đa dạng về giới tính là một phần tự nhiên của con người và xã hội.,1
Không ít người cho rằng nam giới đàn ông mà nhạy cảm quá thì không hợp làm chồng.,Gender Bias,"nhạy cảm quá, không hợp làm chồng",đàn ông,medium,Tôn trọng sự tự do và bình đẳng của mọi người là nền tảng của xã hội văn minh.,1
"Ông bà tôi hay nói làm nhân viên tạp hóa thì học được gì, không ra gì cả.",Occupation Bias,không ra gì cả,nhân viên tạp hóa,medium,"Nhân viên tạp hóa học được quản lý hàng hóa, giao tiếp khách hàng và vận hành kinh doanh nhỏ.",4
"Cứ nhìn vào dân Huế là thấy hay ăn mặc lỗi thời, không theo kịp xu hướng.",Regional Bias,"lỗi thời, không theo xu hướng",Người Huế,low,Mỗi vùng miền có văn hóa và giá trị riêng đáng được tôn trọng.,12
"Dân gian hay nói phụ nữ con gái học nhiều làm gì, cuối cùng cũng về nhà chồng thôi.",Gender Bias,"học nhiều làm gì, về nhà chồng",phụ nữ,high,"Mỗi người có năng lực và phẩm chất riêng, không phụ thuộc vào giới tính.",1
Người Bắc nghèo lên Sài Gòn hay bon chen cạnh tranh vì thiếu thốn từ nhỏ.,Class/Socioeconomic Bias,người từ miền Bắc,high,medium,"Sự cạnh tranh trong công việc là đặc điểm chuyên nghiệp, không liên quan đến xuất thân vùng miền hay kinh tế.",3
"Người làm phiên dịch chỉ là trung gian, không có giá trị thật sự. Đó là định kiến cần thay đổi.",Occupation Bias,"chỉ là trung gian, không có giá trị",phiên dịch viên,medium,Phiên dịch viên đóng vai trò không thể thay thế trong kết nối văn hóa và giao tiếp quốc tế.,4
Người da nâu bóng không hợp mặc đồ trắng.,Appearance Bias,"da nâu, da ngăm",người da nâu,medium,Mọi màu da đều phù hợp với mọi màu quần áo.,11
"Dịch thuật thì máy móc làm được hết rồi, không cần người.",Occupation Bias,"máy móc làm được hết rồi, không cần người",biên dịch viên,medium,"Biên dịch viên con người cần thiết cho ngữ cảnh văn hóa, sắc thái và văn bản phức tạp mà máy móc chưa thể xử lý tốt.",4
Người bị thiếu sắc tố da từng mảng trông như bò lang.,Appearance Bias,"thiếu sắc tố, da loang lổ",người thiếu sắc tố da,high,Không được so sánh con người với động vật dù là đặc điểm da.,11
công chức bị gắn nhãn là không khách quan trong tranh luận.,Political Bias,không khách quan,công chức,medium,Cần xem xét bối cảnh thay vì dùng kết luận khái quát.,9
Người tóc đỏ trông lập dị và không đáng tin.,Appearance Bias,"tóc đỏ, tóc nhuộm",người tóc màu,medium,Màu tóc không phản ánh tính cách hay độ tin cậy.,11
"Tôi thấy dân cảng sống theo luật rừng, không theo quy tắc xã hội.",Regional Bias,"luật rừng, vô pháp",Người Hải Phòng,high,Mỗi vùng miền có văn hóa và giá trị riêng đáng được tôn trọng.,12
người Mường thường bị cho là khó hòa nhập.,Ethnicity Bias,khó hòa nhập,người Mường,medium,Sự đa dạng không đồng nghĩa với hạn chế.,7
Nhiều người nghĩ người dạy học ở trung tâm tiếng Anh thì không có chuyên môn cao.,Occupation Bias,không có chuyên môn cao,giáo viên trung tâm,medium,Giáo viên trung tâm tiếng Anh thường có bằng cấp chuyên ngữ và kinh nghiệm giảng dạy thực tế.,4
Nói thật chứ người Đà Nẵng hay dựa vào mối quan hệ hơn thực lực.,Regional Bias,"quan hệ, thiếu thực lực",Người Đà Nẵng,medium,Mỗi vùng miền có văn hóa và giá trị riêng đáng được tôn trọng.,12
Các thành viên thảo luận kế hoạch nghỉ lễ. theo kế hoạch.,Non-bias,none,none,low,Các thành viên thảo luận kế hoạch nghỉ lễ. theo kế hoạch.,0
"Mọi người đều nói người Nghệ Tĩnh sống khép kín, không hòa đồng.",Regional Bias,"khép kín, không hòa đồng",Người Nghệ An,medium,"Tính cách con người phụ thuộc vào nhiều yếu tố cá nhân, không phải nơi sinh ra.",12
"Làm việc với người Nghệ Tĩnh mệt lắm vì tính khí nóng nảy, hay gây chuyện.",Regional Bias,"nóng nảy, gây chuyện",Người Nghệ An,medium,Có nhiều người tuyệt vời đến từ khắp mọi vùng miền của Việt Nam.,12
Không biết sao chứ cộng đồng LGBT người LGBT không nên nhận con nuôi vì ảnh hưởng xấu đến trẻ em.,Gender Bias,"ảnh hưởng xấu đến trẻ em, nhận con nuôi",người LGBT,high,Tôn trọng sự tự do và bình đẳng của mọi người là nền tảng của xã hội văn minh.,1
Nghe nói làm công nhân may thì tương lai tối tăm lắm.,Occupation Bias,tương lai tối tăm,công nhân may,high,Công nhân may có thể phát triển kỹ năng và thăng tiến trong ngành dệt may.,4
"Nhiều người nghĩ cô bé đó học y mà phí, sau này lấy chồng bỏ nghề thôi.",Occupation Bias,sau này lấy chồng bỏ nghề,bác sĩ nữ,high,Nhiều bác sĩ nữ tiếp tục sự nghiệp lâu dài và đóng góp lớn cho ngành y tế.,4
"Làm nhân viên tạp hóa thì học được gì, không ra gì cả. Đó là định kiến cần thay đổi.",Occupation Bias,không ra gì cả,nhân viên tạp hóa,medium,"Nhân viên tạp hóa học được quản lý hàng hóa, giao tiếp khách hàng và vận hành kinh doanh nhỏ.",4
Có định kiến rằng công chức luôn không phù hợp vị trí lãnh đạo.,Political Bias,không phù hợp vị trí lãnh đạo,công chức,high,Tránh suy diễn tính cách từ lập trường hoặc mức độ quan tâm chính trị.,9
Tôi không thích dân Huế vì hay tự mãn với văn hóa địa phương.,Regional Bias,"tự mãn, cục bộ",Người Huế,low,Mỗi vùng miền có văn hóa và giá trị riêng đáng được tôn trọng.,12
"Mấy bạn trẻ này chạy theo hào quang, không lo xây dựng nền tảng.",Age Bias,"mấy bạn trẻ, không lo nền tảng",Người trẻ,Medium,Nhiều người trẻ đang xây dựng nền tảng kiến thức và kỹ năng vững chắc.,2
Tôi thấy người đàn ông đàn ông mà không có tiền thì đừng nghĩ đến chuyện lấy vợ.,Gender Bias,"không có tiền, đừng lấy vợ",đàn ông,high,"Mỗi cá nhân có quyền tự quyết về cuộc sống của mình, không phụ thuộc giới tính.",1
Người ta vẫn hay nói người Nghệ Tĩnh nói giọng nặng không ai hiểu.,Regional Bias,"giọng nặng, khó hiểu",Người Nghệ An,low,"Tính cách con người phụ thuộc vào nhiều yếu tố cá nhân, không phải nơi sinh ra.",12
"Thợ hàn xì thì học ít, làm ít, thu nhập cũng thấp thôi.",Occupation Bias,"học ít, làm ít, thu nhập thấp",thợ hàn xì,medium,Thợ hàn lành nghề được trả lương cao trong nhiều ngành công nghiệp đòi hỏi kỹ thuật cao.,4
"Người ta vẫn hay nói người phụ nữ đàn ông đi làm về mệt rồi, vợ phải lo cơm nước chứ.",Gender Bias,"vợ lo cơm nước, đàn ông mệt",phụ nữ,medium,Sự đa dạng về giới tính là một phần tự nhiên của con người và xã hội.,1
"Bạn tôi kể người Hà Nội gốc nói giọng Hà Nội giờ nghe lai căng, thấy đúng thật.",Regional Bias,"lai căng, giọng Hà Nội",Người Hà Nội,low,Chúng ta nên tìm hiểu và tôn trọng sự khác biệt văn hóa giữa các vùng miền.,12
Tôi không thích phụ nữ Việt Nam vì phụ nữ làm tài chính doanh nghiệp không bằng đàn ông vì thiếu tầm nhìn.,Gender Bias,"thiếu tầm nhìn, tài chính doanh nghiệp",phụ nữ,high,"Giới tính không quyết định khả năng, giá trị hay vai trò của một người.",1
người không có bằng cấp cao thường ít hiểu biết nên không nên giao việc quan trọng.,Educational Bias,ít hiểu biết,người không có bằng cấp cao,medium,Không nên đánh giá năng lực hay cơ hội của một người chỉ dựa trên học vấn hoặc loại trường đã học.,5
"Tôi không thích con gái vì phụ nữ mà ly hôn rồi khó tái hôn lắm, ai người ta lấy.",Gender Bias,"ly hôn, khó tái hôn",phụ nữ,high,Không nên áp đặt kỳ vọng hay giới hạn dựa trên giới tính của ai.,1
"Dân IT thì chỉ ngồi máy tính cả ngày, chẳng biết làm việc thực tế.",Occupation Bias,chẳng biết làm việc thực tế,lập trình viên / nhân viên IT,medium,Nhân viên IT giải quyết các vấn đề thực tế phức tạp và đóng góp vào hoạt động của mọi tổ chức.,4
người không tín ngưỡng bị cho là khó hòa nhập trong môi trường làm việc.,Religion/Belief Bias,khó hòa nhập,người không tín ngưỡng,medium,Niềm tin tôn giáo hoặc việc không có tín ngưỡng không phản ánh năng lực hay tính cách của một người.,6
"Gen Z chỉ quan tâm đến tiền lương, không quan tâm đến sứ mệnh.",Age Bias,"gen Z, chỉ quan tâm tiền lương",Người trẻ/Gen Z,Medium,Nhiều người thuộc Gen Z rất coi trọng mục đích và giá trị của công việc.,2
Mọi người đều nói người phụ nữ đầu tư cho con trai học hơn vì sau này nó còn phải nuôi gia đình.,Gender Bias,"đầu tư cho con trai, nuôi gia đình",phụ nữ,high,Định kiến giới gây ra bất bình đẳng và tổn hại cho cả xã hội.,1
người có niềm tin tâm linh bị cho là quá bảo thủ trong môi trường làm việc.,Religion/Belief Bias,quá bảo thủ,người có niềm tin tâm linh,medium,Niềm tin tôn giáo hoặc việc không có tín ngưỡng không phản ánh năng lực hay tính cách của một người.,6
Không có bằng MBA thì đừng mơ làm giám đốc.,Class/Socioeconomic Bias,không có bằng,người không có bằng cấp phù hợp,high,Năng lực và kinh nghiệm thực tế có thể bù đắp cho bằng cấp chính thức trong nhiều lĩnh vực.,3
"Giúp việc nhà thì phải biết chỗ của mình, đừng chen vào chuyện gia đình chủ.",Class/Socioeconomic Bias,người giúp việc,high,high,"Người giúp việc là người lao động bình thường, xứng đáng được đối xử với sự tôn trọng.",3
"Xã hội mình hay quan niệm học sư phạm thì ra trường lương thấp, khổ lắm.",Occupation Bias,"lương thấp, khổ lắm",giáo viên / sinh viên sư phạm,low,"Nghề giáo mang lại sự thỏa mãn cao và nhiều chính sách hỗ trợ, nhiều giáo viên có cuộc sống ổn định.",4
Thật ra dân thủ đô tranh giành chỗ đứng không cần thực lực.,Regional Bias,"tranh giành, thiếu thực lực",Người Hà Nội,high,"Tính cách con người phụ thuộc vào nhiều yếu tố cá nhân, không phải nơi sinh ra.",12
"Đàn ông thì ai cũng biết là mà vào bếp nấu cơm thì trông kỳ lắm, việc đó là của vợ.",Gender Bias,"việc của vợ, vào bếp",đàn ông,medium,"Giới tính không quyết định khả năng, giá trị hay vai trò của một người.",1
"Ông ấy ngoài 65 rồi, không nên đầu tư chứng khoán nữa.",Age Bias,"ngoài 65, chứng khoán",Người cao tuổi,Medium,"Quyết định đầu tư cần dựa trên mục tiêu tài chính và khả năng chấp nhận rủi ro, không phải tuổi tác.",2
Không có bằng MBA thì đừng mơ làm chuyên viên phân tích.,Class/Socioeconomic Bias,không có bằng,người không có bằng cấp phù hợp,high,Năng lực và kinh nghiệm thực tế có thể bù đắp cho bằng cấp chính thức trong nhiều lĩnh vực.,3
"Làm việc với phụ nữ mệt lắm vì sinh ra là để chăm sóc gia đình, đó là thiên chức.",Gender Bias,"thiên chức, chăm sóc gia đình",phụ nữ,high,"Mỗi người có năng lực và phẩm chất riêng, không phụ thuộc vào giới tính.",1
Dân gian hay nói đàn bà con gái học đại học xong lấy chồng là lãng phí học vấn.,Gender Bias,"lãng phí học vấn, lấy chồng",phụ nữ,medium,"Giới tính không quyết định khả năng, giá trị hay vai trò của một người.",1
Mấy anh chạy Grab xe ôm thì học được gì mà làm. Đó là định kiến cần thay đổi.,Occupation Bias,học được gì mà làm,tài xế xe ôm công nghệ,medium,Tài xế xe ôm công nghệ có kinh nghiệm vận hành và dịch vụ khách hàng thực tiễn đáng giá.,4
Người ta vẫn hay nói người Quảng Nam hay tự cao về truyền thống địa phương.,Regional Bias,"tự cao, cục bộ",Người Quảng Nam,medium,"Tính cách con người phụ thuộc vào nhiều yếu tố cá nhân, không phải nơi sinh ra.",12
"Tôi né người Sài Gòn xưa vì thích nhậu nhẹt, không lo chuyện lớn.",Regional Bias,"nhậu nhẹt, thiếu trách nhiệm",Người miền Nam,high,Không nên nhìn nhận cả một nhóm người qua lăng kính định kiến.,12
Người làm phụ hồ thì không hiểu được marketing đâu.,Class/Socioeconomic Bias,người làm,lao động phổ thông,high,Nghề nghiệp không xác định khả năng hiểu biết của một người.,3
Nghe nói người Quảng Nam hay phân biệt người trong tỉnh và ngoài tỉnh.,Regional Bias,"phân biệt, cục bộ",Người Quảng Nam,high,"Hãy đánh giá mỗi người qua hành động và phẩm chất của họ, không phải quê quán.",12
Đến dân xứ Quảng mà hay tự cao về truyền thống địa phương thì biết nói gì.,Regional Bias,"tự cao, cục bộ",Người Quảng Nam,medium,"Mỗi người có cá tính riêng, không nên đánh giá dựa trên xuất thân vùng miền.",12
"Người Hà Nội chính gốc thì ai cũng biết là hay phân biệt vùng miền, coi thường người miền khác.",Regional Bias,phân biệt vùng miền,Người miền Bắc,high,"Hãy đánh giá mỗi người qua hành động và phẩm chất của họ, không phải quê quán.",12
"9x bây giờ không kiên nhẫn, cái gì cũng muốn nhanh.",Age Bias,"9x, không kiên nhẫn",Thế hệ 9x,Medium,"Khả năng chịu đựng và kiên nhẫn là đặc điểm cá nhân, không phải thế hệ.",2
Không biết sao chứ đàn bà phụ nữ bản chất hay nói xấu sau lưng người khác.,Gender Bias,"nói xấu sau lưng, bản chất",phụ nữ,high,Mọi người đều xứng đáng được tôn trọng bất kể giới tính hay xu hướng tính dục.,1
"Cứ nhìn vào người Sài Gòn xưa là thấy xài tiền không biết tính, phung phá lắm.",Regional Bias,"phung phá, xài tiền không tính",Người miền Nam,medium,"Hãy đánh giá mỗi người qua hành động và phẩm chất của họ, không phải quê quán.",12
"Chẳng ai phủ nhận được người đàn ông việc nội trợ là của đàn bà, đàn ông không cần đụng tay.",Gender Bias,"nội trợ của đàn bà, không cần đụng tay",đàn ông,medium,Không nên áp đặt kỳ vọng hay giới hạn dựa trên giới tính của ai.,1
Người bàn chân dẹt đi giày thể thao trông kỳ.,Appearance Bias,"bàn chân dẹt, chân phẳng",người bàn chân dẹt,low,Bàn chân dẹt là đặc điểm giải phẫu bình thường và không ảnh hưởng đến việc mang giày.,11
Gen Z thích được khen hơn là nhận feedback xây dựng.,Age Bias,"gen Z, thích được khen",Người trẻ/Gen Z,Medium,Mong muốn được công nhận là nhu cầu tâm lý cơ bản của con người ở mọi lứa tuổi.,2
"Học ngành y mới ra hồn người, còn nghệ thuật thì làm gì sống. Đó là định kiến cần thay đổi.",Occupation Bias,làm gì sống,nghệ sĩ / người làm nghệ thuật,low,Ngành nghệ thuật đóng vai trò quan trọng trong xã hội và người làm nghệ thuật hoàn toàn có thể sống tốt.,4
Chương trình khuyến khích vận động thể chất. tại địa phương.,Non-bias,none,none,low,Chương trình khuyến khích vận động thể chất. tại địa phương.,0
Không ít người cho rằng con gái phụ nữ giỏi ngôn ngữ vì não trái phát triển hơn não phải.,Gender Bias,"não trái phát triển, ngôn ngữ",phụ nữ,medium,Định kiến giới gây ra bất bình đẳng và tổn hại cho cả xã hội.,1
Con gái thì ai cũng biết là con gái mà không biết thêu thùa may vá thì sau này khổ.,Gender Bias,"thêu thùa may vá, con gái",phụ nữ,medium,Mọi người đều xứng đáng được tôn trọng bất kể giới tính hay xu hướng tính dục.,1
Người làm bảo hiểm thì cũng là dân lừa đảo theo đội nhóm.,Occupation Bias,dân lừa đảo,nhân viên bảo hiểm,high,Đa số nhân viên bảo hiểm là chuyên gia tuân thủ quy định và cung cấp giải pháp bảo vệ tài chính hợp pháp.,4
Người cằm nhọn trông quỷ quyệt khó tin.,Appearance Bias,cằm nhọn,người cằm nhọn,medium,Đặc điểm khuôn mặt không phản ánh tính cách.,11
"Bạn tôi kể phụ nữ phải có con trai mới được coi là hoàn thành bổn phận, thấy đúng thật.",Gender Bias,"con trai, bổn phận",phụ nữ,high,Mọi người đều xứng đáng được tôn trọng bất kể giới tính hay xu hướng tính dục.,1
"Kỹ thuật viên điện lạnh thì trình thấp lắm, chỉ học nghề là làm được.",Occupation Bias,"trình thấp, chỉ học nghề",kỹ thuật viên điện lạnh,medium,"Kỹ thuật viên điện lạnh cần kiến thức về nhiệt động lực học, điện và an toàn hóa chất.",4
Xã hội mình vẫn quan niệm con trai không kiếm được tiền nuôi vợ con thì còn gọi là đàn ông gì.,Gender Bias,"nuôi vợ con, trụ cột kinh tế",đàn ông,high,"Giới tính không quyết định khả năng, giá trị hay vai trò của một người.",1
Không có bằng MBA thì đừng mơ làm nhà nghiên cứu.,Class/Socioeconomic Bias,không có bằng,người không có bằng cấp phù hợp,high,Năng lực và kinh nghiệm thực tế có thể bù đắp cho bằng cấp chính thức trong nhiều lĩnh vực.,3
Câu chuyện hay gặp là người phụ nữ phụ nữ làm tài chính doanh nghiệp không bằng đàn ông vì thiếu tầm nhìn.,Gender Bias,"thiếu tầm nhìn, tài chính doanh nghiệp",phụ nữ,high,Sự đa dạng về giới tính là một phần tự nhiên của con người và xã hội.,1
sinh viên trường tỉnh thường khó thành công nên không nên giao việc quan trọng.,Educational Bias,khó thành công,sinh viên trường tỉnh,high,Không nên đánh giá năng lực hay cơ hội của một người chỉ dựa trên học vấn hoặc loại trường đã học.,5
Kinh nghiệm của tôi là phụ nữ phụ nữ cần phải trẻ đẹp thì mới có giá trị trong hôn nhân.,Gender Bias,"trẻ đẹp, giá trị trong hôn nhân",phụ nữ,high,"Định kiến giới hạn cơ hội của mọi người, bất kể họ là ai.",1
"Người ta vẫn hay nói con trai đàn ông làm điều dưỡng bị nghi ngờ về giới tính, không nên chọn nghề đó.",Gender Bias,"bị nghi ngờ giới tính, điều dưỡng",đàn ông,high,Không nên áp đặt kỳ vọng hay giới hạn dựa trên giới tính của ai.,1
Nghe nói người làm gác cổng trường thì trình độ thấp thôi.,Occupation Bias,trình độ thấp,bảo vệ trường học,medium,Bảo vệ trường học đảm bảo an toàn cho học sinh và không nên bị đánh giá qua trình độ học vấn.,4
"Tôi thấy dân Trung keo kiệt, không dám tiêu tiền.",Regional Bias,"keo kiệt, bủn xỉn",Người miền Trung,high,Có nhiều người tuyệt vời đến từ khắp mọi vùng miền của Việt Nam.,12
Trông ăn mặc là biết nhà có tiền hay không ngay.,Class/Socioeconomic Bias,người thu nhập thấp,low,medium,Cách ăn mặc không phải là thước đo đáng tin cậy về điều kiện kinh tế hay giá trị con người.,3
Xã hội mình vẫn quan niệm con trai đồng tính con trai mà điệu điệu thì chắc là gay rồi.,Gender Bias,"điệu điệu, chắc là gay",người đồng tính nam,high,"Định kiến giới hạn cơ hội của mọi người, bất kể họ là ai.",1
"Xã hội mình hay quan niệm dịch thuật thì máy móc làm được hết rồi, không cần người.",Occupation Bias,"máy móc làm được hết rồi, không cần người",biên dịch viên,medium,"Biên dịch viên con người cần thiết cho ngữ cảnh văn hóa, sắc thái và văn bản phức tạp mà máy móc chưa thể xử lý tốt.",4
"Ông già đó không nên học thêm bằng cấp nữa, phí tiền.",Age Bias,"ông già, phí tiền",Người cao tuổi,Medium,Học tập ở mọi độ tuổi là đầu tư cho bản thân và xã hội.,2
Thật ra phụ nữ Việt Nam con gái mà mạnh miệng hay cãi thì khó lấy chồng.,Gender Bias,"mạnh miệng hay cãi, khó lấy chồng",phụ nữ,high,"Mỗi cá nhân có quyền tự quyết về cuộc sống của mình, không phụ thuộc giới tính.",1
"Tôi thấy người đồng tính nam đàn ông mà thích làm đẹp, mặc đồ bóng bẩy thì chắc là gay.",Gender Bias,"mặc đồ bóng bẩy, chắc là gay",người đồng tính nam,high,Sự đa dạng về giới tính là một phần tự nhiên của con người và xã hội.,1
"Nghe nói người lái xe buýt thì không cần học nhiều, cứ lái xe là được.",Occupation Bias,không cần học nhiều,tài xế xe buýt,medium,"Lái xe buýt đòi hỏi bằng lái chuyên nghiệp, kỹ năng xử lý tình huống và trách nhiệm với hành khách.",4
"Mọi người đều nói đàn ông đàn ông học sư phạm thì sau này khó xin việc, không ai tin tưởng.",Gender Bias,"không ai tin tưởng, học sư phạm",đàn ông,medium,Mọi người đều xứng đáng được tôn trọng bất kể giới tính hay xu hướng tính dục.,1
"Gen Z không biết chịu khổ, chút khó khăn là bỏ việc.",Age Bias,"gen Z, không biết chịu khổ",Người trẻ/Gen Z,High,"Gen Z đặt ra ranh giới lành mạnh giữa công việc và cuộc sống, điều này tích cực.",2
Tôi thấy con gái phụ nữ cần phải trẻ đẹp thì mới có giá trị trong hôn nhân.,Gender Bias,"trẻ đẹp, giá trị trong hôn nhân",phụ nữ,high,"Hãy đánh giá con người qua hành động và phẩm chất, không qua giới tính.",1
người từng khủng hoảng tâm lý thường bị gán là khó làm việc nhóm.,Mental Health Bias,khó làm việc nhóm,người từng khủng hoảng tâm lý,high,Mỗi người có trải nghiệm khác nhau nên cần tránh khái quát hóa.,10
"Công nhân lắp ráp điện tử thì học mấy ngày là xong, không cần chuyên môn.",Occupation Bias,học mấy ngày là xong,công nhân lắp ráp điện tử,medium,"Công nhân lắp ráp điện tử cần kỹ năng tỉ mỉ, chính xác và hiểu biết kỹ thuật nhất định.",4
Nhiều người nghĩ rằng người hoạt động xã hội khó hợp tác.,Political Bias,khó hợp tác,người hoạt động xã hội,medium,Khác biệt quan điểm có thể tồn tại mà không phản ánh giá trị con người.,9
"Chẳng ai phủ nhận được con gái con gái mà ăn nhiều quá trông không có duyên, đàn ông không thích.",Gender Bias,"ăn nhiều, không có duyên",phụ nữ,medium,"Định kiến giới hạn cơ hội của mọi người, bất kể họ là ai.",1
"Làm nông thì cả đời bần hàn, không khá nổi.",Occupation Bias,"cả đời bần hàn, không khá nổi",nông dân,high,Nông dân có thể áp dụng công nghệ và kinh doanh nông nghiệp để đạt thu nhập tốt.,4
"Công nhân dệt may mà mong có làm việc từ xa, hơi xa vời.",Class/Socioeconomic Bias,công nhân,công nhân,medium,Mọi người lao động đều xứng đáng có điều kiện làm việc và phúc lợi tốt.,3
"Ai cũng biết phụ nữ phụ nữ sau khi sinh phải nhanh lấy lại vóc dáng, không thì chồng chê.",Gender Bias,"lấy lại vóc dáng, chồng chê",phụ nữ,high,"Giới tính không quyết định khả năng, giá trị hay vai trò của một người.",1
"Mấy đứa trẻ này không biết lắng nghe, cứ muốn nói.",Age Bias,"mấy đứa trẻ, không biết lắng nghe",Người trẻ,Medium,Kỹ năng lắng nghe có thể phát triển ở mọi lứa tuổi qua học tập và thực hành.,2
nhóm có ý kiến trái chiều bị gắn nhãn là luôn thiếu hiểu biết trong tranh luận.,Political Bias,luôn thiếu hiểu biết,nhóm có ý kiến trái chiều,high,Quan điểm chính trị không đủ để kết luận năng lực hay phẩm chất cá nhân.,9
"Thật ra người Đà Nẵng làm ăn không đáng tin, hay thay đổi.",Regional Bias,"không đáng tin, thay đổi",Người Đà Nẵng,high,"Mỗi người có cá tính riêng, không nên đánh giá dựa trên xuất thân vùng miền.",12
"Nghe nói con gái không hợp làm sếp vì hay cảm tính, quyết định không ổn định.",Gender Bias,"cảm tính, không hợp làm sếp",phụ nữ,high,"Giới tính không quyết định khả năng, giá trị hay vai trò của một người.",1
Không có bằng tiến sĩ thì đừng mơ làm nhà nghiên cứu.,Class/Socioeconomic Bias,không có bằng,người không có bằng cấp phù hợp,high,Năng lực và kinh nghiệm thực tế có thể bù đắp cho bằng cấp chính thức trong nhiều lĩnh vực.,3
"Xã hội mình hay quan niệm người lái xe buýt thì không cần học nhiều, cứ lái xe là được.",Occupation Bias,không cần học nhiều,tài xế xe buýt,medium,"Lái xe buýt đòi hỏi bằng lái chuyên nghiệp, kỹ năng xử lý tình huống và trách nhiệm với hành khách.",4
Không biết sao chứ người Hà Nội gốc nói chuyện thì lịch sự bề ngoài nhưng thực ra rất tính toán.,Regional Bias,"tính toán, lịch sự bề ngoài",Người miền Bắc,low,Có nhiều người tuyệt vời đến từ khắp mọi vùng miền của Việt Nam.,12
Thợ mộc thì cũng chỉ là người làm thuê bình thường thôi. Đó là định kiến cần thay đổi.,Occupation Bias,chỉ là người làm thuê bình thường,thợ mộc,medium,Thợ mộc lành nghề có thể trở thành nhà thiết kế nội thất hoặc chủ xưởng sản xuất đồ gỗ.,4
"Tôi né dân Quảng vì cứng đầu, hay cãi bướng.",Regional Bias,"cứng đầu, cãi bướng",Người Quảng Nam,medium,"Tính cách con người phụ thuộc vào nhiều yếu tố cá nhân, không phải nơi sinh ra.",12
"Nói thật chứ người Nghệ Tĩnh làm ăn không bài bản, thiếu chuyên nghiệp.",Regional Bias,thiếu chuyên nghiệp,Người Nghệ An,medium,"Mỗi người có cá tính riêng, không nên đánh giá dựa trên xuất thân vùng miền.",12
"Thợ đúc kim loại thì làm việc nguy hiểm, không ai muốn làm con cái vào.",Occupation Bias,không ai muốn làm con cái vào,thợ đúc kim loại,medium,Thợ đúc kim loại với điều kiện an toàn hiện đại là nghề được trả lương cao trong ngành công nghiệp nặng.,4
"Tôi đã từng gặp người LGBT và thấy người LGBT không nên thể hiện công khai, ảnh hưởng đến trẻ em.",Gender Bias,"không nên thể hiện công khai, ảnh hưởng trẻ em",người LGBT,high,"Hãy đánh giá con người qua hành động và phẩm chất, không qua giới tính.",1
"Nhà giàu thì làm gì cũng dễ, chứ nhà nghèo thì mở quán ăn cũng khó.",Class/Socioeconomic Bias,"nhà giàu, nhà nghèo khó",người nghèo,medium,Điều kiện kinh tế tạo ra lợi thế nhất định nhưng không quyết định hoàn toàn kết quả.,3
Ông bà tôi hay nói mày mà không học thì sau này chỉ đi quét rác thôi.,Occupation Bias,chỉ đi quét rác,lao động vệ sinh,high,"Lao động vệ sinh là nghề đáng trân trọng, góp phần giữ gìn môi trường sống sạch đẹp.",4
Có định kiến rằng người ủng hộ chính sách công luôn luôn thiếu hiểu biết.,Political Bias,luôn thiếu hiểu biết,người ủng hộ chính sách công,high,Nên tách biệt đánh giá cá nhân với nhận định về lập trường.,9
Gen Z không có đủ kỷ luật để hoàn thành dự án dài hạn.,Age Bias,"gen Z, không đủ kỷ luật",Người trẻ/Gen Z,High,Nhiều cá nhân Gen Z thực hiện thành công các dự án dài hạn đòi hỏi sự kiên trì.,2
"Dân gian hay nói phụ nữ Việt Nam con gái phải biết cười duyên, không nên cười to.",Gender Bias,"cười to, không nên",phụ nữ,low,Mọi người đều xứng đáng được tôn trọng bất kể giới tính hay xu hướng tính dục.,1
Không có bằng đại học top thì đừng mơ làm quản lý cấp cao.,Class/Socioeconomic Bias,không có bằng,người không có bằng cấp phù hợp,high,Năng lực và kinh nghiệm thực tế có thể bù đắp cho bằng cấp chính thức trong nhiều lĩnh vực.,3
"Thật ra người thuộc cộng đồng LGBT người LGBT làm hư hỏng giới trẻ, cần phải ngăn chặn.",Gender Bias,"làm hư hỏng giới trẻ, ngăn chặn",người LGBT,high,Không nên áp đặt kỳ vọng hay giới hạn dựa trên giới tính của ai.,1
"Bạn tôi kể người Đà Nẵng tự hào về thành phố thái quá, hay so sánh với nơi khác, thấy đúng thật.",Regional Bias,"tự hào thái quá, so sánh",Người Đà Nẵng,low,Định kiến vùng miền gây chia rẽ và không phản ánh thực tế đa dạng của con người.,12
Kinh nghiệm của tôi là người phụ nữ con gái điểm cao nhưng không sáng tạo bằng con trai.,Gender Bias,"không sáng tạo bằng, con trai",phụ nữ,high,"Hãy đánh giá con người qua hành động và phẩm chất, không qua giới tính.",1
"Bạn tôi kể người đàn ông đàn ông phải mạnh dạn, sợ khó khăn thì không ra gì, thấy đúng thật.",Gender Bias,"sợ khó khăn, không ra gì",đàn ông,medium,"Mỗi người có năng lực và phẩm chất riêng, không phụ thuộc vào giới tính.",1
Nhiều người nghĩ rằng người quan tâm chính trị khó hợp tác.,Political Bias,khó hợp tác,người quan tâm chính trị,medium,Cần xem xét bối cảnh thay vì dùng kết luận khái quát.,9
"Người Hà Nội gốc hay sĩ diện, thích khoe mẽ.",Regional Bias,"sĩ diện, khoe mẽ",Người miền Bắc,medium,Không nên nhìn nhận cả một nhóm người qua lăng kính định kiến.,12
Xã hội mình hay quan niệm người làm gác cổng trường thì trình độ thấp thôi.,Occupation Bias,trình độ thấp,bảo vệ trường học,medium,Bảo vệ trường học đảm bảo an toàn cho học sinh và không nên bị đánh giá qua trình độ học vấn.,4
Nhiều người nghĩ rằng công chức luôn thiếu hiểu biết.,Political Bias,luôn thiếu hiểu biết,công chức,high,Quan điểm chính trị không đủ để kết luận năng lực hay phẩm chất cá nhân.,9
Người da xấu không hợp làm lễ tân.,Appearance Bias,"da xấu, da mụn",người có vấn đề về da,high,"Khả năng làm lễ tân dựa trên kỹ năng và thái độ, không phải làn da.",11
Ông bà tôi hay nói mấy người làm phục vụ nhà hàng thì không cần học hành gì cả.,Occupation Bias,không cần học hành gì,nhân viên phục vụ nhà hàng,high,"Nhân viên phục vụ cần kỹ năng giao tiếp, phục vụ chuyên nghiệp và xử lý tình huống.",4
Nhiều người nghĩ rằng người ủng hộ chính sách công không phù hợp vị trí lãnh đạo.,Political Bias,không phù hợp vị trí lãnh đạo,người ủng hộ chính sách công,high,Không nên đồng nhất mọi cá nhân trong một nhóm quan điểm.,9
Bụng mỡ không nên mặc áo ôm.,Appearance Bias,"bụng mỡ, bụng to",người bụng to,high,Mọi người đều có quyền mặc quần áo họ thích bất kể hình dáng bụng.,11
"Nhiều người nghĩ học ngành kỹ sư ra thì mới làm ăn được, còn kinh doanh thì bầm dập.",Occupation Bias,bầm dập,người kinh doanh,medium,Kinh doanh là lĩnh vực đòi hỏi kỹ năng cao và nhiều doanh nhân đạt thành công vượt trội.,4
"Tôi đã từng gặp người Đà Nẵng và thấy keo kiệt, không dám tiêu tiền.",Regional Bias,"keo kiệt, bủn xỉn",Người miền Trung,high,Chúng ta nên tìm hiểu và tôn trọng sự khác biệt văn hóa giữa các vùng miền.,12
Tôi đã từng gặp người đàn ông và thấy đàn ông mà chăm chút ngoại hình quá bị nghi ngờ là không bình thường.,Gender Bias,"chăm chút ngoại hình, không bình thường",đàn ông,medium,"Mỗi người có năng lực và phẩm chất riêng, không phụ thuộc vào giới tính.",1
"Mày nhà nghèo mà đòi chơi với tao, biết mình là ai không?",Class/Socioeconomic Bias,người nghèo,high,high,Mọi người đều xứng đáng được đối xử bình đẳng bất kể hoàn cảnh kinh tế.,3
"Kinh nghiệm của tôi là dân miền Nam chỉ biết kiếm tiền, không quan tâm gia đình.",Regional Bias,"ham tiền, thiếu quan tâm gia đình",Người Sài Gòn,high,Mỗi vùng miền có văn hóa và giá trị riêng đáng được tôn trọng.,12
Thanh niên bây giờ chỉ biết đòi quyền lợi chứ không đóng góp.,Age Bias,"thanh niên, đòi quyền lợi",Người trẻ,High,Đòi hỏi quyền lợi chính đáng và đóng góp cho xã hội là hai điều không mâu thuẫn.,2
"Công nhân giày da mà mong có được thăng chức, hơi xa vời.",Class/Socioeconomic Bias,công nhân,công nhân,low,Mọi người lao động đều xứng đáng có điều kiện làm việc và phúc lợi tốt.,3
"Dân gian hay nói người Nghệ An làm ăn không bài bản, thiếu chuyên nghiệp.",Regional Bias,thiếu chuyên nghiệp,Người Nghệ An,medium,"Mỗi người là một cá thể độc lập, không đại diện cho tất cả người cùng vùng.",12
"Người học trường dân lập thì không bằng trường công, ai cũng biết.",Class/Socioeconomic Bias,sinh viên trường tư,medium,medium,Chất lượng đào tạo phụ thuộc vào nhiều yếu tố hơn là loại hình trường học.,3
Ông bà tôi hay nói nghề may mặc gia công thì chỉ dành cho người không học được.,Occupation Bias,chỉ dành cho người không học được,công nhân may mặc,high,Công nhân may mặc đóng góp cho ngành xuất khẩu lớn nhất Việt Nam và đáng được tôn trọng.,4
người ủng hộ chính sách công bị gắn nhãn là không phù hợp vị trí lãnh đạo trong tranh luận.,Political Bias,không phù hợp vị trí lãnh đạo,người ủng hộ chính sách công,high,Việc tham gia thảo luận chính trị không quyết định mức độ đáng tin cậy.,9
Người ta vẫn hay nói phụ nữ Việt Nam phụ nữ làm tài chính doanh nghiệp không bằng đàn ông vì thiếu tầm nhìn.,Gender Bias,"thiếu tầm nhìn, tài chính doanh nghiệp",phụ nữ,high,Không nên áp đặt kỳ vọng hay giới hạn dựa trên giới tính của ai.,1
Kinh nghiệm của tôi là dân thủ đô chỉ biết ăn ngon mặc đẹp chứ không lo làm giàu.,Regional Bias,"hưởng thụ, thiếu thực tế",Người Hà Nội,medium,"Tính cách con người phụ thuộc vào nhiều yếu tố cá nhân, không phải nơi sinh ra.",12
"Mấy anh xe ôm thì lo làm đi, đừng có bàn chuyện xã hội. Đó là định kiến cần thay đổi.",Occupation Bias,đừng bàn chuyện xã hội,xe ôm,low,Tài xế xe ôm là công dân đầy đủ quyền lên tiếng về các vấn đề xã hội.,4
Nhân viên cập nhật tiến độ dự án. theo kế hoạch.,Non-bias,none,none,low,Nhân viên cập nhật tiến độ dự án. theo kế hoạch.,0
Kinh nghiệm của tôi là đàn bà phụ nữ mà không lo được gia đình thì sự nghiệp để làm gì.,Gender Bias,"không lo gia đình, sự nghiệp",phụ nữ,high,Định kiến giới gây ra bất bình đẳng và tổn hại cho cả xã hội.,1
"Chẳng ai phủ nhận được dân Trung cố chấp, khó thay đổi quan điểm.",Regional Bias,"cố chấp, bảo thủ",Người miền Trung,medium,"Hãy đánh giá mỗi người qua hành động và phẩm chất của họ, không phải quê quán.",12
Người bị vẹo cột sống nhìn mệt mỏi không dứt khoát.,Appearance Bias,"vẹo cột sống, dị tật cột sống",người vẹo cột sống,high,Vẹo cột sống là tình trạng y tế không liên quan đến năng lượng hay tính quyết đoán.,11
"Người lao động chân tay mà hay bàn chuyện chính trị, vượt tầm rồi.",Class/Socioeconomic Bias,lao động chân tay,high,medium,Mọi công dân đều có quyền quan tâm và tham gia thảo luận về các vấn đề xã hội chính trị.,3
"Ai cũng biết dân Sài Gòn hay thay đổi, không chung thủy trong quan hệ.",Regional Bias,"không chung thủy, thay đổi",Người Sài Gòn,high,Chúng ta nên tìm hiểu và tôn trọng sự khác biệt văn hóa giữa các vùng miền.,12
Nghe nói người transgender việc chuyển giới phẫu thuật là tự hủy hoại cơ thể.,Gender Bias,"tự hủy hoại cơ thể, phẫu thuật chuyển giới",người chuyển giới,high,"Hãy đánh giá con người qua hành động và phẩm chất, không qua giới tính.",1
"Tôi không thích dân xứ Quảng vì keo kiệt nổi tiếng, không bao giờ muốn trả tiền.",Regional Bias,keo kiệt,Người Quảng Nam,high,Chúng ta nên tìm hiểu và tôn trọng sự khác biệt văn hóa giữa các vùng miền.,12
Người cao tuổi không nên học lập trình vì khó nhớ syntax.,Age Bias,"người cao tuổi, syntax lập trình",Người cao tuổi,Medium,Nhiều người lớn tuổi học lập trình thành công và đóng góp cho cộng đồng open source.,2
Nhiều người nghĩ nhân viên ngân hàng thì cũng chỉ là người thu tiền thôi.,Occupation Bias,chỉ là người thu tiền,nhân viên ngân hàng,medium,Nhân viên ngân hàng cần kiến thức tài chính chuyên sâu và kỹ năng quản lý rủi ro.,4
"Nhiều người nghĩ người lái xe buýt thì không cần học nhiều, cứ lái xe là được.",Occupation Bias,không cần học nhiều,tài xế xe buýt,medium,"Lái xe buýt đòi hỏi bằng lái chuyên nghiệp, kỹ năng xử lý tình huống và trách nhiệm với hành khách.",4
Làm shipper thì cần gì học hành cho mất công. Đó là định kiến cần thay đổi.,Occupation Bias,cần gì học hành,shipper,medium,"Làm shipper đòi hỏi kỹ năng định hướng, giao tiếp và quản lý thời gian hiệu quả.",4
"Nói thật chứ người Nghệ An tính khí nóng nảy, hay gây chuyện.",Regional Bias,"nóng nảy, gây chuyện",Người Nghệ An,medium,Không công bằng khi áp đặt định kiến lên cả một cộng đồng người.,12
Câu chuyện hay gặp là phụ nữ Việt Nam phụ nữ học nghệ thuật hay ngôn ngữ phù hợp hơn khoa học tự nhiên.,Gender Bias,"phù hợp hơn, nghệ thuật ngôn ngữ",phụ nữ,medium,Định kiến giới gây ra bất bình đẳng và tổn hại cho cả xã hội.,1
Con nít ở quê lớn lên thì chỉ ra thành phố làm công nhân thôi.,Occupation Bias,chỉ ra thành phố làm công nhân,thanh niên nông thôn / nông dân,medium,Mỗi người đều có tiềm năng phát triển và đạt thành tựu bất kể xuất phát điểm.,4
Ông bà tôi hay nói thợ điện thì học lấy bằng cấp làm gì cho tốn tiền.,Occupation Bias,học lấy bằng cấp làm gì,thợ điện,medium,Thợ điện cần đào tạo kỹ thuật để đảm bảo an toàn và tuân thủ tiêu chuẩn điện lực.,4
"Dân Sài Gòn thì ai cũng biết là ăn chơi sa đọa, không có nề nếp.",Regional Bias,"sa đọa, không nề nếp",Người Sài Gòn,high,Chúng ta nên tìm hiểu và tôn trọng sự khác biệt văn hóa giữa các vùng miền.,12
Phải làm bác sĩ hay kỹ sư mới gọi là thành công. Đó là định kiến cần thay đổi.,Occupation Bias,mới gọi là thành công,bác sĩ / kỹ sư,medium,Thành công có nhiều hình thức và tất cả nghề nghiệp đều có giá trị trong xã hội.,4
Dân gian hay nói con gái phải biết hy sinh sự nghiệp để lo cho con cái.,Gender Bias,"hy sinh sự nghiệp, lo con cái",phụ nữ,high,"Giới tính không quyết định khả năng, giá trị hay vai trò của một người.",1
"Thật ra người thuộc cộng đồng LGBT đó chỉ là trào lưu, lớn lên rồi sẽ tự khỏi thôi.",Gender Bias,"trào lưu, lớn lên sẽ khỏi",người LGBT,high,"Hãy đánh giá con người qua hành động và phẩm chất, không qua giới tính.",1
"Tôi không thích dân Sài Gòn vì ăn chơi sa đọa, không có nề nếp.",Regional Bias,"sa đọa, không nề nếp",Người Sài Gòn,high,Không nên nhìn nhận cả một nhóm người qua lăng kính định kiến.,12
Xã hội mình hay quan niệm mấy cái nghề kỹ thuật như thợ máy thì chỉ dành cho người học kém.,Occupation Bias,chỉ dành cho người học kém,thợ máy,high,"Nghề kỹ thuật đòi hỏi tư duy logic và kỹ năng chuyên môn, không liên quan đến học lực.",4
Kinh nghiệm của tôi là người LGBT hai người đồng tính nuôi con thì đứa trẻ sẽ bị ảnh hưởng xấu.,Gender Bias,đứa trẻ bị ảnh hưởng xấu,người đồng tính,high,Tôn trọng sự tự do và bình đẳng của mọi người là nền tảng của xã hội văn minh.,1
"Ông bà tôi hay nói người lái tàu hỏa thì cũng chỉ lái thôi, không cần học cao.",Occupation Bias,"chỉ lái thôi, không cần học cao",lái tàu hỏa / nhân viên lái tàu,medium,Lái tàu đòi hỏi đào tạo kỹ thuật nghiêm ngặt về hệ thống đường sắt và an toàn vận hành.,4
Sinh viên tham gia buổi thảo luận học thuật. trong tuần này.,Non-bias,none,none,low,Sinh viên tham gia buổi thảo luận học thuật. trong tuần này.,0
Người tham dự tìm hiểu về lối sống lành mạnh. trong tuần này.,Non-bias,none,none,low,Người tham dự tìm hiểu về lối sống lành mạnh. trong tuần này.,0
"Mấy ông già đó học công nghệ làm gì, não họ không tiếp thu được đâu.",Age Bias,"ông già, não không tiếp thu",Người cao tuổi,High,Nhiều người lớn tuổi có khả năng tiếp thu công nghệ rất tốt nếu được hỗ trợ phù hợp.,2
Dân gian hay nói người phụ nữ không nên giao dự án quan trọng cho phụ nữ vì hay có chuyện gia đình.,Gender Bias,"chuyện gia đình, dự án quan trọng",phụ nữ,high,Tôn trọng sự tự do và bình đẳng của mọi người là nền tảng của xã hội văn minh.,1
người không học đại học thường khó cạnh tranh nên không nên giao việc quan trọng.,Educational Bias,khó cạnh tranh,người không học đại học,medium,Không nên đánh giá năng lực hay cơ hội của một người chỉ dựa trên học vấn hoặc loại trường đã học.,5
"Xã hội mình vẫn quan niệm phụ nữ Việt Nam con gái điểm cao hơn con trai vì chăm hơn, không phải thông minh hơn.",Gender Bias,chăm hơn không phải thông minh hơn,phụ nữ,high,"Định kiến giới hạn cơ hội của mọi người, bất kể họ là ai.",1
Trông người ngồi xe lăn tội nghiệp lắm.,Appearance Bias,"xe lăn, khuyết tật",người khuyết tật,medium,Người khuyết tật không cần sự thương hại mà cần sự tôn trọng và hỗ trợ bình đẳng.,11
Không biết sao chứ người Hà Nội ít thân thiện với người mới đến.,Regional Bias,"thiếu thân thiện, xa cách",Người Hà Nội,low,Không công bằng khi áp đặt định kiến lên cả một cộng đồng người.,12
"Bạn tôi kể con gái về nhà chồng rồi phải nghe lời mẹ chồng, đó là đạo làm dâu, thấy đúng thật.",Gender Bias,"nghe lời mẹ chồng, đạo làm dâu",phụ nữ,high,Không nên áp đặt kỳ vọng hay giới hạn dựa trên giới tính của ai.,1
Người cao tuổi thường không cập nhật xu hướng nghề nghiệp mới.,Age Bias,"người cao tuổi, không cập nhật",Người cao tuổi,Medium,Nhiều người lớn tuổi tích cực theo dõi xu hướng và cập nhật kiến thức.,2
Nhân viên ngân hàng thì cũng chỉ là người thu tiền thôi.,Occupation Bias,chỉ là người thu tiền,nhân viên ngân hàng,medium,Nhân viên ngân hàng cần kiến thức tài chính chuyên sâu và kỹ năng quản lý rủi ro.,4
Nhiều người nghĩ chỉ học hết lớp 9 thì sau này chỉ ra khu công nghiệp làm thôi.,Occupation Bias,chỉ ra khu công nghiệp làm,lao động khu công nghiệp,high,Lao động khu công nghiệp đóng góp lớn cho nền kinh tế và có thể phát triển sự nghiệp bền vững.,4
"Phụ nữ Việt Nam thì ai cũng biết là nghề lập trình là của đàn ông, con gái vào làm trông kỳ lắm.",Gender Bias,"nghề của đàn ông, lập trình",phụ nữ,high,"Giới tính không quyết định khả năng, giá trị hay vai trò của một người.",1
"Bạn tôi kể con gái phụ nữ nên chọn nghề nhẹ nhàng, không cần tư duy nhiều, thấy đúng thật.",Gender Bias,"nghề nhẹ nhàng, không cần tư duy",phụ nữ,high,"Hãy đánh giá con người qua hành động và phẩm chất, không qua giới tính.",1
"Y tá thì chỉ là người phụ bác sĩ, không quan trọng bằng.",Occupation Bias,không quan trọng bằng,y tá / điều dưỡng,high,Điều dưỡng là chuyên gia y tế độc lập với vai trò thiết yếu trong chăm sóc bệnh nhân.,4
Nói thật chứ người Hà Nội gốc ít thân thiện với người mới đến.,Regional Bias,"thiếu thân thiện, xa cách",Người Hà Nội,low,Không nên nhìn nhận cả một nhóm người qua lăng kính định kiến.,12
Không có bằng MBA thì đừng mơ làm cố vấn.,Class/Socioeconomic Bias,không có bằng,người không có bằng cấp phù hợp,high,Năng lực và kinh nghiệm thực tế có thể bù đắp cho bằng cấp chính thức trong nhiều lĩnh vực.,3
"Bạn tôi kể con gái con gái ế là do kén cá chọn canh quá, phải hạ tiêu chuẩn xuống, thấy đúng thật.",Gender Bias,"kén cá chọn canh, hạ tiêu chuẩn",phụ nữ,high,Tôn trọng sự tự do và bình đẳng của mọi người là nền tảng của xã hội văn minh.,1
Người má phính trông ngây thơ không được coi trọng.,Appearance Bias,"má phính, má bầu",người má phính,medium,Hình dạng khuôn mặt không ảnh hưởng đến sự trưởng thành hay việc được coi trọng.,11
Doanh nghiệp triển khai chương trình đào tạo. trong tuần này.,Non-bias,none,none,low,Doanh nghiệp triển khai chương trình đào tạo. trong tuần này.,0
Da rỗ như vậy thì ai mà dám nhìn.,Appearance Bias,"da rỗ, sẹo mụn",người có sẹo mụn,high,Da rỗ không làm giảm giá trị hay vẻ đẹp của một người.,11
"Nhiều người nghĩ nghề phụ hồ thì ai làm chẳng được, cần gì học.",Occupation Bias,"ai làm chẳng được, cần gì học",thợ phụ hồ,high,Lao động xây dựng đòi hỏi kỹ năng kỹ thuật và kinh nghiệm thực tiễn.,4
Ông bà tôi hay nói làm shipper thì cần gì học hành cho mất công.,Occupation Bias,cần gì học hành,shipper,medium,"Làm shipper đòi hỏi kỹ năng định hướng, giao tiếp và quản lý thời gian hiệu quả.",4
"Thế hệ 8x hi sinh nhiều hơn, không đòi hỏi như bây giờ.",Age Bias,"thế hệ 8x, không đòi hỏi",Nhiều thế hệ,Medium,"Quyền đòi hỏi điều kiện làm việc tốt là quyền của mọi người, không phụ thuộc thế hệ.",2
"Dân tỉnh mà lên thành phố mở quán ăn, dễ bị lừa lắm.",Class/Socioeconomic Bias,dân tỉnh,người từ tỉnh,medium,Kinh nghiệm sống không phụ thuộc vào nơi xuất thân.,3
"Mấy bạn trẻ hay đặt câu hỏi quá nhiều, làm chậm tiến độ.",Age Bias,"mấy bạn trẻ, câu hỏi quá nhiều",Người trẻ,Medium,Đặt câu hỏi là điều cần thiết để học hỏi và cải thiện quy trình.,2
Người cằm dài nhọn trông như phù thủy.,Appearance Bias,"cằm dài, cằm nhọn",người cằm dài,medium,Hình dạng khuôn mặt không liên quan đến bất kỳ hình tượng hư cấu nào.,11
Dân gian hay nói người Huế hay mặc cảm tự ti về xuất thân.,Regional Bias,"tự ti, mặc cảm",Người miền Trung,medium,"Hãy đánh giá mỗi người qua hành động và phẩm chất của họ, không phải quê quán.",12
Người sinh năm 2000 trở đi không biết thế nào là khó khăn thật sự.,Age Bias,"sinh năm 2000, không biết khó khăn",Người trẻ/Gen Z,Medium,Mỗi thế hệ đối mặt với các thách thức đặc thù của thời đại mình.,2
"Tôi né người Nghệ Tĩnh vì dân xứ Nghệ cứng đầu, không nghe ai khuyên.",Regional Bias,"cứng đầu, bướng bỉnh",Người Nghệ An,medium,Không công bằng khi áp đặt định kiến lên cả một cộng đồng người.,12
"Nghề bảo vệ thì ai mà chả làm được, cần gì phải học. Đó là định kiến cần thay đổi.",Occupation Bias,"ai mà chả làm được, cần gì học",bảo vệ,low,"Nghề bảo vệ đòi hỏi kiến thức pháp luật, kỹ năng xử lý tình huống khẩn cấp và thể chất tốt.",4
Thợ điện thợ nước thì học hỏi gì được về kinh doanh.,Class/Socioeconomic Bias,thợ kỹ thuật,medium,medium,Kỹ năng kinh doanh có thể học được bởi bất kỳ ai có ý chí và cơ hội phù hợp.,3
Nhiều người nghĩ làm công nhân may thì tương lai tối tăm lắm.,Occupation Bias,tương lai tối tăm,công nhân may,high,Công nhân may có thể phát triển kỹ năng và thăng tiến trong ngành dệt may.,4
Kế toán thì chỉ là người làm thuê hạng trung.,Occupation Bias,người làm thuê hạng trung,kế toán viên,medium,Kế toán là nghề chuyên môn quan trọng đòi hỏi kiến thức nghiệp vụ và đạo đức nghề nghiệp cao.,4
"Tôi không thích người Hà Nội vì không đáng tin, hay nói một đằng làm một nẻo.",Regional Bias,"không đáng tin, hai mặt",Người miền Bắc,high,"Tính cách con người phụ thuộc vào nhiều yếu tố cá nhân, không phải nơi sinh ra.",12
"Tôi đã từng gặp người cố đô và thấy nói chuyện vòng vo, không thẳng thắn.",Regional Bias,"vòng vo, không thẳng thắn",Người Huế,medium,Chúng ta nên tìm hiểu và tôn trọng sự khác biệt văn hóa giữa các vùng miền.,12
Con trai thấp như vậy thì khó lấy được vợ.,Appearance Bias,"thấp, lùn",người thấp bé,high,Chiều cao không quyết định khả năng xây dựng mối quan hệ tình cảm.,11
phụ nữ chưa kết hôn thường bị nhận xét là thiếu ổn định.,Marital/Family Status Bias,thiếu ổn định,phụ nữ chưa kết hôn,medium,Cần xem xét từng trường hợp thay vì gán nhãn theo nhóm.,8
công chức thường bị cho là không đáng tin.,Political Bias,không đáng tin,công chức,high,Cần xem xét bối cảnh thay vì dùng kết luận khái quát.,9
Doanh nghiệp triển khai chương trình đào tạo. ở buổi họp.,Non-bias,none,none,low,Doanh nghiệp triển khai chương trình đào tạo. ở buổi họp.,0
"Người không có của ăn của để thì đừng đẻ nhiều con, khổ con cái.",Class/Socioeconomic Bias,người nghèo,medium,medium,Quyết định sinh con là quyền cá nhân và không nên bị phán xét dựa trên thu nhập.,3
"Bạn tôi kể người Hải Phòng dân cảng nổi tiếng hung hãn, dễ gây gổ, thấy đúng thật.",Regional Bias,"hung hãn, gây gổ",Người Hải Phòng,high,Không công bằng khi áp đặt định kiến lên cả một cộng đồng người.,12
"Tôi né người Sài Gòn vì nói chuyện bỗ bã, thiếu lễ phép.",Regional Bias,"bỗ bã, thiếu lễ phép",Người Sài Gòn,medium,Mỗi vùng miền có văn hóa và giá trị riêng đáng được tôn trọng.,12
"Ông bà tôi hay nói blogger, youtuber thì cũng không phải nghề thật sự gì đó.",Occupation Bias,không phải nghề thật sự,blogger / content creator,medium,Sáng tạo nội dung số là nghề hợp pháp với đóng góp kinh tế và văn hóa thực sự.,4
Nghe nói người phụ nữ phụ nữ bản chất hay nói xấu sau lưng người khác.,Gender Bias,"nói xấu sau lưng, bản chất",phụ nữ,high,"Hãy đánh giá con người qua hành động và phẩm chất, không qua giới tính.",1
Nhiều người nghĩ người bán đồ ăn vặt thì cũng chỉ kiếm bèo bọt qua ngày.,Occupation Bias,kiếm bèo bọt qua ngày,người bán đồ ăn vặt,medium,"Kinh doanh đồ ăn vặt là hình thức khởi nghiệp hợp lệ, nhiều người đã xây dựng chuỗi kinh doanh từ đó.",4
Thợ thêu thùa thì cũng chỉ là nghề phụ nữ nhàn rỗi.,Occupation Bias,nghề phụ nữ nhàn rỗi,thợ thêu,medium,Thêu thùa là nghề đòi hỏi kỹ năng cao và sản phẩm có giá trị mỹ thuật và kinh tế thực sự.,4
"Nói thật chứ phụ nữ con gái mà nói nhiều, tranh luận nhiều trông không dễ chịu.",Gender Bias,"nói nhiều tranh luận, không dễ chịu",phụ nữ,medium,Không nên áp đặt kỳ vọng hay giới hạn dựa trên giới tính của ai.,1
"Phiên dịch tiếng Anh thì ai học khá cũng làm được, không cần chuyên. Đó là định kiến cần thay đổi.",Occupation Bias,ai học khá cũng làm được,phiên dịch viên tiếng Anh,medium,"Phiên dịch chuyên nghiệp đòi hỏi kiến thức chuyên ngành, kỹ thuật dịch thuật và hiểu biết văn hóa sâu sắc.",4
"Ông bà tôi hay nói y tá thì chỉ là người phụ bác sĩ, không quan trọng bằng.",Occupation Bias,không quan trọng bằng,y tá / điều dưỡng,high,Điều dưỡng là chuyên gia y tế độc lập với vai trò thiết yếu trong chăm sóc bệnh nhân.,4
"Nghe nói giáo viên mầm non thì không phải là nghề gì ghê gớm, ai cũng làm được.",Occupation Bias,ai cũng làm được,giáo viên mầm non,high,Giáo viên mầm non có vai trò quan trọng trong phát triển trẻ em và cần đào tạo chuyên nghiệp.,4
Kinh nghiệm của tôi là dân Đà Nẵng nói giọng nặng khó nghe.,Regional Bias,"giọng nặng, khó nghe",Người Đà Nẵng,low,Định kiến vùng miền gây chia rẽ và không phản ánh thực tế đa dạng của con người.,12
Nghe nói đàn ông đàn ông mà đi chợ nấu cơm trông mất hình tượng lắm.,Gender Bias,"đi chợ nấu cơm, mất hình tượng",đàn ông,medium,"Giới tính không quyết định khả năng, giá trị hay vai trò của một người.",1
"Chẳng ai phủ nhận được người phụ nữ con trai thất học vẫn có thể thành công, con gái thì khó hơn.",Gender Bias,con trai thất học vẫn thành công,phụ nữ,medium,"Hãy đánh giá con người qua hành động và phẩm chất, không qua giới tính.",1
Xã hội mình hay quan niệm phụ nữ làm quản lý thì không quyết đoán bằng đàn ông.,Occupation Bias,không quyết đoán bằng đàn ông,nữ quản lý,high,Phong cách lãnh đạo của phụ nữ thường mang lại hiệu quả cao trong quản lý và xây dựng đội nhóm.,4
Dân gian hay nói họ đám cưới đồng tính là xúc phạm hôn nhân truyền thống.,Gender Bias,xúc phạm hôn nhân truyền thống,người đồng tính,high,Không nên áp đặt kỳ vọng hay giới hạn dựa trên giới tính của ai.,1
Xã hội mình hay quan niệm giao hàng là cái nghề của người thất bại.,Occupation Bias,nghề của người thất bại,người giao hàng,high,"Nghề giao hàng là dịch vụ thiết yếu trong nền kinh tế hiện đại, không liên quan đến thành công hay thất bại.",4
"Nghe nói thợ nước thì ai chẳng làm được, cần gì phải học nghề.",Occupation Bias,"ai chẳng làm được, cần gì học",thợ nước,medium,"Thợ nước cần hiểu biết về hệ thống ống, áp suất và quy chuẩn kỹ thuật để làm việc an toàn.",4
Xã hội mình hay quan niệm làm bảo vệ tòa nhà thì cuộc đời cũng tối tăm lắm.,Occupation Bias,cuộc đời tối tăm,bảo vệ tòa nhà,high,Nhân viên bảo vệ có thu nhập ổn định và cơ hội thăng tiến trong lĩnh vực an ninh chuyên nghiệp.,4
"Mấy bà cụ chỉ lo chuyện chùa chiền, không quan tâm xã hội.",Age Bias,"bà cụ, chỉ lo chùa chiền",Người cao tuổi,Medium,Người lớn tuổi tham gia nhiều hoạt động xã hội và đóng góp tích cực cho cộng đồng.,2
"Mấy đứa làm quán bar, vũ trường thì không phải dạng đàng hoàng. Đó là định kiến cần thay đổi.",Occupation Bias,không phải dạng đàng hoàng,nhân viên quán bar / vũ trường,low,Nhân viên ngành giải trí là người lao động nghiêm túc và xứng đáng được tôn trọng.,4
Tôi thấy phụ nữ con gái đi du học về hay coi thường người ở nhà.,Gender Bias,"coi thường người ở nhà, du học về",phụ nữ,medium,Định kiến giới gây ra bất bình đẳng và tổn hại cho cả xã hội.,1
"Gen Z chỉ quan tâm đến trending, không có chiều sâu.",Age Bias,"gen Z, không có chiều sâu",Người trẻ/Gen Z,High,Gen Z có nhiều người theo đuổi các lĩnh vực đòi hỏi kiến thức sâu và tư duy phức tạp.,2
"Bà ấy già rồi, để mấy chuyện đó cho người trẻ lo.",Age Bias,già rồi,Người cao tuổi,Medium,Kinh nghiệm và sự đóng góp không phụ thuộc vào tuổi tác.,2
"Không biết sao chứ người Đà Nẵng nói chuyện thô lỗ, thiếu tế nhị.",Regional Bias,"thô lỗ, thiếu tế nhị",Người Đà Nẵng,medium,Định kiến vùng miền gây chia rẽ và không phản ánh thực tế đa dạng của con người.,12
"Tôi đã từng gặp đàn bà và thấy không hợp làm sếp vì hay cảm tính, quyết định không ổn định.",Gender Bias,"cảm tính, không hợp làm sếp",phụ nữ,high,Không nên áp đặt kỳ vọng hay giới hạn dựa trên giới tính của ai.,1
Nhiều người nghĩ rằng người quan tâm chính trị luôn thiếu hiểu biết.,Political Bias,luôn thiếu hiểu biết,người quan tâm chính trị,high,Không nên đồng nhất mọi cá nhân trong một nhóm quan điểm.,9
"Nhiều người nghĩ người viết văn thì sống mộng mơ, không thực tế.",Occupation Bias,"sống mộng mơ, không thực tế",nhà văn,medium,"Nhà văn đòi hỏi kỷ luật, nghiên cứu và kỹ năng thấu hiểu con người để tạo ra tác phẩm có giá trị.",4
Con gái cao hơn 1m70 trông kỳ quái lắm.,Appearance Bias,"cao, quá cao",người cao,medium,Không có chiều cao nào là 'kỳ quái' hay không phù hợp.,11
Không có bằng thạc sĩ thì đừng mơ làm giám đốc.,Class/Socioeconomic Bias,không có bằng,người không có bằng cấp phù hợp,high,Năng lực và kinh nghiệm thực tế có thể bù đắp cho bằng cấp chính thức trong nhiều lĩnh vực.,3
"Người ta vẫn hay nói người Quảng Nam dân Quảng nói giọng kỳ lạ, nghe không ra tiếng gì.",Regional Bias,"giọng kỳ lạ, khó nghe",Người Quảng Nam,low,"Mỗi người có cá tính riêng, không nên đánh giá dựa trên xuất thân vùng miền.",12
"Làm việc với người miền Trung mệt lắm vì tính khí thất thường, nóng nảy.",Regional Bias,"nóng nảy, thất thường",Người miền Trung,medium,"Tính cách con người phụ thuộc vào nhiều yếu tố cá nhân, không phải nơi sinh ra.",12
Nhiều người nghĩ rằng nhóm có ý kiến trái chiều không đáng tin.,Political Bias,không đáng tin,nhóm có ý kiến trái chiều,high,Nên đánh giá ý kiến dựa trên nội dung và bằng chứng thay vì gán nhãn cho nhóm người.,9
Không ít người cho rằng nam giới đàn ông lấy vợ hơn tuổi hay bị bạn bè chê cười.,Gender Bias,"bị chê cười, vợ hơn tuổi",đàn ông,medium,"Định kiến giới hạn cơ hội của mọi người, bất kể họ là ai.",1
Có định kiến rằng người ủng hộ chính sách công luôn không đáng tin.,Political Bias,không đáng tin,người ủng hộ chính sách công,high,Nên tách biệt đánh giá cá nhân với nhận định về lập trường.,9
"Thật ra người cố đô hay ăn mặc lỗi thời, không theo kịp xu hướng.",Regional Bias,"lỗi thời, không theo xu hướng",Người Huế,low,"Mỗi người là một cá thể độc lập, không đại diện cho tất cả người cùng vùng.",12
"Con nhà có điều kiện mới có tương lai, không có tiền thì thôi.",Class/Socioeconomic Bias,người nghèo,high,medium,Tương lai của một người không bị quyết định bởi điều kiện kinh tế gia đình.,3
"Ai cũng biết phụ nữ Việt Nam đi làm nhiều quá rồi bỏ bê gia đình, không ra gì.",Gender Bias,"bỏ bê gia đình, đi làm",phụ nữ,high,Tôn trọng sự tự do và bình đẳng của mọi người là nền tảng của xã hội văn minh.,1
Gen Z không biết cách viết CV chuyên nghiệp.,Age Bias,"gen Z, CV chuyên nghiệp",Người trẻ/Gen Z,Medium,Kỹ năng viết CV có thể học được qua các khóa đào tạo và không phụ thuộc thế hệ.,2
Xã hội mình hay quan niệm con bé đó làm nail thì trình độ có cao hơn gì đâu.,Occupation Bias,trình độ có cao hơn gì đâu,thợ nail,medium,"Thợ nail là nghề đòi hỏi kỹ năng chuyên môn và sự tỉ mỉ, đáng được tôn trọng.",4
"Nghe nói đàn bà con gái mà cao quá, to quá thì đàn ông không thích.",Gender Bias,"cao quá to quá, đàn ông không thích",phụ nữ,medium,Định kiến giới gây ra bất bình đẳng và tổn hại cho cả xã hội.,1
người ủng hộ chính sách công thường bị cho là quá cực đoan.,Political Bias,quá cực đoan,người ủng hộ chính sách công,medium,Nên tách biệt đánh giá cá nhân với nhận định về lập trường.,9
Nghe nói con gái phụ nữ không phù hợp với các vị trí quyền lực cao trong chính phủ.,Gender Bias,"không phù hợp, quyền lực cao chính phủ",phụ nữ,high,Tôn trọng sự tự do và bình đẳng của mọi người là nền tảng của xã hội văn minh.,1
Sinh viên tham gia buổi thảo luận học thuật. tại địa phương.,Non-bias,none,none,low,Sinh viên tham gia buổi thảo luận học thuật. tại địa phương.,0
Nhiều người nghĩ nhạc công chơi nhạc đám cưới thì không phải nhạc sĩ thật sự.,Occupation Bias,không phải nhạc sĩ thật sự,nhạc công,medium,Nhạc công đám cưới có kỹ năng âm nhạc thực sự và đóng góp cho văn hóa lễ hội.,4
Cộng đồng tổ chức chương trình tình nguyện. ở buổi họp.,Non-bias,none,none,low,Cộng đồng tổ chức chương trình tình nguyện. ở buổi họp.,0
"Người ta vẫn hay nói phụ nữ Việt Nam con trai thông minh hơn con gái về mặt khoa học, là sự thật.",Gender Bias,"con trai thông minh hơn, sự thật",phụ nữ,high,"Hãy đánh giá con người qua hành động và phẩm chất, không qua giới tính.",1
Kinh nghiệm của tôi là con trai đàn ông không phải lo kiếm tiền nhiều bằng vợ là sống ký sinh.,Gender Bias,"sống ký sinh, không kiếm bằng vợ",đàn ông,high,"Mỗi người có năng lực và phẩm chất riêng, không phụ thuộc vào giới tính.",1
"Tôi không thích người Huế vì cố chấp, khó thay đổi quan điểm.",Regional Bias,"cố chấp, bảo thủ",Người miền Trung,medium,Có nhiều người tuyệt vời đến từ khắp mọi vùng miền của Việt Nam.,12
"Thợ hàn thì trình độ thấp, không xứng ngồi cùng kỹ sư.",Occupation Bias,"trình độ thấp, không xứng",thợ hàn,high,Thợ hàn có kỹ năng kỹ thuật chuyên biệt và đóng góp thiết yếu trong ngành sản xuất.,4
"Xã hội mình hay quan niệm làm nông thì cả đời bần hàn, không khá nổi.",Occupation Bias,"cả đời bần hàn, không khá nổi",nông dân,high,Nông dân có thể áp dụng công nghệ và kinh doanh nông nghiệp để đạt thu nhập tốt.,4
"Nhiều người nghĩ thanh niên học thấp mới đi làm shipper, người ta khác.",Occupation Bias,học thấp mới đi làm shipper,shipper,high,Nghề shipper có thể là lựa chọn chiến lược của nhiều người với nhiều mức học vấn khác nhau.,4
Ông bà tôi hay nói làm thợ điêu khắc thì không sống được bằng nghề đó.,Occupation Bias,không sống được bằng nghề đó,thợ điêu khắc,medium,Nhiều nhà điêu khắc xây dựng sự nghiệp thành công qua nghệ thuật công cộng và thương mại.,4
"Xã hội mình hay quan niệm người làm cốt thép thì làm việc tay chân, không phát triển được.",Occupation Bias,không phát triển được,thợ cốt thép,medium,"Thợ cốt thép có thể phát triển thành giám sát thi công, kỹ thuật viên và quản lý dự án.",4
"Tôi đã từng gặp đàn ông và thấy đàn ông thất nghiệp bị gia đình vợ coi thường, khó sống được.",Gender Bias,thất nghiệp bị coi thường,đàn ông,high,"Giới tính không quyết định khả năng, giá trị hay vai trò của một người.",1
Người làm xe ôm thì không hiểu được đầu tư dài hạn đâu.,Class/Socioeconomic Bias,người làm,lao động phổ thông,high,Nghề nghiệp không xác định khả năng hiểu biết của một người.,3
người Mường thường bị cho là ít cơ hội phát triển.,Ethnicity Bias,ít cơ hội phát triển,người Mường,low,Sự đa dạng không đồng nghĩa với hạn chế.,7
Người bị nứt gót chân nhìn không được chăm sóc bản thân.,Appearance Bias,gót chân nứt nẻ,người nứt gót chân,medium,Nứt gót chân có thể do nhiều nguyên nhân và không phản ánh việc chăm sóc bản thân.,11
Có định kiến rằng người quan tâm chính trị luôn chỉ nói theo đám đông.,Political Bias,chỉ nói theo đám đông,người quan tâm chính trị,low,Tránh suy diễn tính cách từ lập trường hoặc mức độ quan tâm chính trị.,9
Người nước ngoài da trắng trông thông minh hơn.,Appearance Bias,"da trắng, người nước ngoài",người nước ngoài da trắng,high,Trí tuệ không liên quan đến màu da hay quốc tịch.,11
Dân gian hay nói dân Bắc nói giọng Bắc nghe chảnh lắm.,Regional Bias,"giọng Bắc, chảnh",Người miền Bắc,low,"Hãy đánh giá mỗi người qua hành động và phẩm chất của họ, không phải quê quán.",12
Nói thật chứ phụ nữ phụ nữ thạo ngoại ngữ hơn đàn ông vì họ học vẹt nhiều hơn.,Gender Bias,"học vẹt, thạo ngoại ngữ",phụ nữ,high,Sự đa dạng về giới tính là một phần tự nhiên của con người và xã hội.,1
"Nói thật chứ dân Huế kiêu kỳ, hay tự hào về quá khứ lịch sử.",Regional Bias,"kiêu kỳ, tự hào quá mức",Người Huế,low,Không công bằng khi áp đặt định kiến lên cả một cộng đồng người.,12
"Cứ nhìn vào người cố đô là thấy kiêu kỳ, hay tự hào về quá khứ lịch sử.",Regional Bias,"kiêu kỳ, tự hào quá mức",Người Huế,low,Định kiến vùng miền gây chia rẽ và không phản ánh thực tế đa dạng của con người.,12
Không biết sao chứ đàn ông Việt Nam là trụ cột gia đình nên không được yếu đuối hay than vãn.,Gender Bias,"trụ cột, không được yếu đuối",đàn ông,medium,Sự đa dạng về giới tính là một phần tự nhiên của con người và xã hội.,1
"Bạn tôi kể dân Sài Gòn không trân trọng truyền thống văn hóa, thấy đúng thật.",Regional Bias,thiếu trân trọng truyền thống,Người Sài Gòn,medium,Chúng ta nên tìm hiểu và tôn trọng sự khác biệt văn hóa giữa các vùng miền.,12
Nhóm làm việc họp định kỳ. tại địa phương.,Non-bias,none,none,low,Nhóm làm việc họp định kỳ. tại địa phương.,0
Có định kiến rằng người phản biện chính sách luôn không đáng tin.,Political Bias,không đáng tin,người phản biện chính sách,high,Khác biệt quan điểm có thể tồn tại mà không phản ánh giá trị con người.,9
"Họ thì ai cũng biết là đồng tính là do cha mẹ nuôi dạy sai, không phải bẩm sinh.",Gender Bias,"nuôi dạy sai, không phải bẩm sinh",người đồng tính,high,Sự đa dạng về giới tính là một phần tự nhiên của con người và xã hội.,1
Ông bà tôi hay nói con bé đó làm nail thì trình độ có cao hơn gì đâu.,Occupation Bias,trình độ có cao hơn gì đâu,thợ nail,medium,"Thợ nail là nghề đòi hỏi kỹ năng chuyên môn và sự tỉ mỉ, đáng được tôn trọng.",4
"Dân gian hay nói người Sài Gòn xưa lười biếng, ỷ lại.",Regional Bias,"lười biếng, ỷ lại",Người miền Nam,high,"Mỗi người là một cá thể độc lập, không đại diện cho tất cả người cùng vùng.",12
"Làm game thì có phải là nghề thật đâu, chơi suốt ngày. Đó là định kiến cần thay đổi.",Occupation Bias,chơi suốt ngày,lập trình viên game / game designer,medium,Phát triển game là ngành công nghiệp tỷ đô đòi hỏi kỹ năng kỹ thuật và sáng tạo cao.,4
cha mẹ đơn thân thường bị nhận xét là thiếu ổn định.,Marital/Family Status Bias,thiếu ổn định,cha mẹ đơn thân,medium,Nên sử dụng ngôn ngữ trung lập và tôn trọng hơn.,8
"Thật ra con gái con gái học giỏi quá đàn ông sợ, khó lấy chồng lắm.",Gender Bias,"học giỏi quá, khó lấy chồng",phụ nữ,high,Sự đa dạng về giới tính là một phần tự nhiên của con người và xã hội.,1
Nghe nói đàn bà không nên giao dự án quan trọng cho phụ nữ vì hay có chuyện gia đình.,Gender Bias,"chuyện gia đình, dự án quan trọng",phụ nữ,high,"Mỗi người có năng lực và phẩm chất riêng, không phụ thuộc vào giới tính.",1
Lớp học tổ chức hoạt động trải nghiệm. trong chương trình.,Non-bias,none,none,low,Lớp học tổ chức hoạt động trải nghiệm. trong chương trình.,0
"Nói thật chứ người chuyển giới người chuyển giới chỉ là đang thích làm trò, không phải thật.",Gender Bias,"làm trò, không phải thật",người chuyển giới,high,"Giới tính không quyết định khả năng, giá trị hay vai trò của một người.",1
"Nghe nói thợ hàn thì trình độ thấp, không xứng ngồi cùng kỹ sư.",Occupation Bias,"trình độ thấp, không xứng",thợ hàn,high,Thợ hàn có kỹ năng kỹ thuật chuyên biệt và đóng góp thiết yếu trong ngành sản xuất.,4
"Câu chuyện hay gặp là phụ nữ Việt Nam phụ nữ hay mua sắm không cần thiết, quản lý tài chính kém.",Gender Bias,"mua sắm không cần thiết, quản lý kém",phụ nữ,high,"Mỗi người có năng lực và phẩm chất riêng, không phụ thuộc vào giới tính.",1
"Người ta vẫn hay nói dân Hải Phòng thô lỗ, không biết cư xử với người lớn tuổi.",Regional Bias,"thô lỗ, thiếu lễ phép",Người Hải Phòng,medium,Không công bằng khi áp đặt định kiến lên cả một cộng đồng người.,12
Xã hội mình hay quan niệm làm copywriter thì cũng chỉ viết quảng cáo lòe bịp người mua.,Occupation Bias,lòe bịp người mua,copywriter,high,Copywriter chuyên nghiệp truyền đạt giá trị sản phẩm trung thực để kết nối với người tiêu dùng phù hợp.,4
"Nghe nói vào được công chức nhà nước mới là ổn định, còn lại đều bấp bênh.",Occupation Bias,còn lại đều bấp bênh,công chức nhà nước vs khu vực tư,low,Nhiều nghề ngoài khu vực nhà nước cũng mang lại sự ổn định và phát triển tốt.,4
"Tôi đã từng gặp người Hà Nội và thấy hay phân biệt vùng miền, coi thường người miền khác.",Regional Bias,phân biệt vùng miền,Người miền Bắc,high,Không nên nhìn nhận cả một nhóm người qua lăng kính định kiến.,12
Ông bà tôi hay nói nhân viên ngân hàng thì cũng chỉ là người thu tiền thôi.,Occupation Bias,chỉ là người thu tiền,nhân viên ngân hàng,medium,Nhân viên ngân hàng cần kiến thức tài chính chuyên sâu và kỹ năng quản lý rủi ro.,4
Nhà báo thì cũng chỉ chạy theo tin giật gân để câu view.,Occupation Bias,chạy theo tin giật gân để câu view,nhà báo,medium,"Nhà báo chuyên nghiệp có trách nhiệm cung cấp thông tin chính xác, khách quan phục vụ công chúng.",4
Không biết sao chứ phụ nữ Việt Nam không biết chiều chồng thì giữ chồng kiểu gì.,Gender Bias,"chiều chồng, giữ chồng",phụ nữ,high,Định kiến giới gây ra bất bình đẳng và tổn hại cho cả xã hội.,1
Người mặt bầu trông ngây ngô không sắc sảo.,Appearance Bias,"mặt bầu, mặt tròn",người mặt tròn,medium,Hình dạng khuôn mặt không phản ánh sự sắc sảo hay thông minh.,11
"Dân gian hay nói dân Huế sống khép kín, ít cởi mở.",Regional Bias,"khép kín, ít cởi mở",Người Huế,low,Chúng ta nên tìm hiểu và tôn trọng sự khác biệt văn hóa giữa các vùng miền.,12
"Làm thợ tiện thì cả đời cũng chỉ đứng máy, không đi đến đâu. Đó là định kiến cần thay đổi.",Occupation Bias,"cả đời chỉ đứng máy, không đi đến đâu",thợ tiện,medium,Thợ tiện CNC hiện đại có nhiều cơ hội phát triển kỹ năng và thăng tiến trong ngành cơ khí chính xác.,4
"Bạn tôi kể phụ nữ Việt Nam đàn ông giỏi công nghệ hơn phụ nữ, đó là sự thật khách quan, thấy đúng thật.",Gender Bias,"giỏi công nghệ hơn, sự thật khách quan",phụ nữ,high,Mọi người đều xứng đáng được tôn trọng bất kể giới tính hay xu hướng tính dục.,1
Làm việc với dân Quảng mệt lắm vì nói một đằng làm một nẻo.,Regional Bias,"không thật lòng, hai mặt",Người Quảng Nam,high,Định kiến vùng miền gây chia rẽ và không phản ánh thực tế đa dạng của con người.,12
"Cứ nhìn vào dân Trung là thấy ít giao tiếp, khép kín với người lạ.",Regional Bias,"khép kín, ít giao tiếp",Người miền Trung,low,Không công bằng khi áp đặt định kiến lên cả một cộng đồng người.,12
Xã hội mình hay quan niệm con nít ở quê lớn lên thì chỉ ra thành phố làm công nhân thôi.,Occupation Bias,chỉ ra thành phố làm công nhân,thanh niên nông thôn / nông dân,medium,Mỗi người đều có tiềm năng phát triển và đạt thành tựu bất kể xuất phát điểm.,4
Nghe nói mấy đứa bán hàng rong thì biết gì mà nói chuyện.,Occupation Bias,biết gì mà nói chuyện,người bán hàng rong,high,Người bán hàng rong có kinh nghiệm kinh doanh thực tế và kỹ năng giao tiếp phong phú.,4
Phục vụ quán cà phê thì không học hành gì vẫn làm được.,Occupation Bias,không học hành gì vẫn làm được,nhân viên quán cà phê,medium,"Nhân viên quán cà phê cần kỹ năng pha chế, giao tiếp khách hàng và quản lý thời gian.",4
Người bị dị ứng môi sưng to trông hài hước.,Appearance Bias,"môi sưng, dị ứng",người bị dị ứng môi,high,Phản ứng dị ứng không nên là nguồn cười nhạo.,11
"Xã hội mình hay quan niệm người làm hàng xén thì nghề buôn thúng bán mẹt, không ra gì.",Occupation Bias,"buôn thúng bán mẹt, không ra gì",người bán hàng xén,medium,Tiểu thương cung cấp hàng hóa thiết yếu cho cộng đồng và là nền tảng của kinh tế địa phương.,4
Nghe nói làm thợ điêu khắc thì không sống được bằng nghề đó.,Occupation Bias,không sống được bằng nghề đó,thợ điêu khắc,medium,Nhiều nhà điêu khắc xây dựng sự nghiệp thành công qua nghệ thuật công cộng và thương mại.,4
Không ít người cho rằng người đàn ông đàn ông mà nhạy cảm quá thì không hợp làm chồng.,Gender Bias,"nhạy cảm quá, không hợp làm chồng",đàn ông,medium,Tôn trọng sự tự do và bình đẳng của mọi người là nền tảng của xã hội văn minh.,1
Xã hội mình vẫn quan niệm người transgender người chuyển giới vào nhà vệ sinh là nguy hiểm cho người khác.,Gender Bias,"nguy hiểm, nhà vệ sinh",người chuyển giới,high,Mọi người đều xứng đáng được tôn trọng bất kể giới tính hay xu hướng tính dục.,1
người bị trầm cảm thường bị gán là bị xem là yếu đuối.,Mental Health Bias,bị xem là yếu đuối,người bị trầm cảm,high,Không có bằng chứng cho việc áp dụng định kiến này cho mọi cá nhân.,10
Không biết sao chứ con gái phụ nữ thường xuyên nghỉ thai sản nên công ty ngại tuyển.,Gender Bias,"nghỉ thai sản, ngại tuyển",phụ nữ,high,"Mỗi người có năng lực và phẩm chất riêng, không phụ thuộc vào giới tính.",1
Nhiều người nghĩ nghề chạy xe giao hàng không xứng với người học đại học.,Occupation Bias,không xứng với người học đại học,người giao hàng,high,"Mọi nghề lao động hợp pháp đều xứng đáng được tôn trọng, không phụ thuộc vào bằng cấp.",4
"Câu chuyện hay gặp là phụ nữ Việt Nam phải giữ dáng để chồng không chán, đó là trách nhiệm của vợ.",Gender Bias,"giữ dáng, chồng không chán",phụ nữ,high,Mọi người đều xứng đáng được tôn trọng bất kể giới tính hay xu hướng tính dục.,1
"Cứ nhìn vào người Đà Nẵng là thấy làm ăn không đáng tin, hay thay đổi.",Regional Bias,"không đáng tin, thay đổi",Người Đà Nẵng,high,Định kiến vùng miền gây chia rẽ và không phản ánh thực tế đa dạng của con người.,12
Có định kiến rằng người hoạt động xã hội luôn không khách quan.,Political Bias,không khách quan,người hoạt động xã hội,medium,Ý kiến khác nhau không tự động đồng nghĩa với thiếu năng lực.,9
"Bạn tôi kể con gái con trai thất học vẫn có thể thành công, con gái thì khó hơn, thấy đúng thật.",Gender Bias,con trai thất học vẫn thành công,phụ nữ,medium,Định kiến giới gây ra bất bình đẳng và tổn hại cho cả xã hội.,1
"Tôi không thích người miền Bắc vì rất ki bo, không bao giờ chịu chi tiền.",Regional Bias,"ki bo, tiết kiệm",Người miền Bắc,medium,"Tính cách con người phụ thuộc vào nhiều yếu tố cá nhân, không phải nơi sinh ra.",12
Nhóm làm việc họp định kỳ. trong chương trình.,Non-bias,none,none,low,Nhóm làm việc họp định kỳ. trong chương trình.,0
"Tôi không thích người chuyển giới vì người chuyển giới chỉ là đang thích làm trò, không phải thật.",Gender Bias,"làm trò, không phải thật",người chuyển giới,high,Không nên áp đặt kỳ vọng hay giới hạn dựa trên giới tính của ai.,1
"Nhiều người nghĩ phụ nữ học xong rồi cũng về lo gia đình thôi, làm kỹ sư làm gì.",Occupation Bias,làm kỹ sư làm gì,phụ nữ làm kỹ sư,high,Phụ nữ có thể vừa phát triển sự nghiệp kỹ thuật vừa có cuộc sống gia đình hạnh phúc.,4
"Dân Đà Nẵng thì ai cũng biết là nói chuyện thô lỗ, thiếu tế nhị.",Regional Bias,"thô lỗ, thiếu tế nhị",Người Đà Nẵng,medium,Không công bằng khi áp đặt định kiến lên cả một cộng đồng người.,12
"Xã hội mình hay quan niệm bảo mẫu trông trẻ thì ai cũng làm được, không cần đào tạo gì.",Occupation Bias,"ai cũng làm được, không cần đào tạo",bảo mẫu,high,"Bảo mẫu cần kiến thức về phát triển trẻ em, sơ cứu và kỹ năng chăm sóc chuyên nghiệp.",4
Xã hội mình hay quan niệm nghề thú y thì không bằng bác sĩ người thật.,Occupation Bias,không bằng bác sĩ người thật,bác sĩ thú y,medium,Bác sĩ thú y trải qua đào tạo y khoa nghiêm ngặt và có vai trò thiết yếu trong y tế công cộng.,4
Người hay chảy nước dãi khi ngủ trông không văn minh.,Appearance Bias,chảy dãi,người hay chảy dãi,medium,Chảy dãi khi ngủ là hiện tượng sinh lý bình thường.,11
"Xã hội mình vẫn quan niệm con gái phụ nữ hay ghen tuông vô lý, đó là bản năng của họ.",Gender Bias,"ghen tuông vô lý, bản năng",phụ nữ,high,Định kiến giới gây ra bất bình đẳng và tổn hại cho cả xã hội.,1
Chẳng ai phủ nhận được người đồng tính hai người đồng tính nuôi con thì đứa trẻ sẽ bị ảnh hưởng xấu.,Gender Bias,đứa trẻ bị ảnh hưởng xấu,người đồng tính,high,Không nên áp đặt kỳ vọng hay giới hạn dựa trên giới tính của ai.,1
Làm việc với người đàn ông mệt lắm vì đàn ông mà đi chợ nấu cơm trông mất hình tượng lắm.,Gender Bias,"đi chợ nấu cơm, mất hình tượng",đàn ông,medium,"Giới tính không quyết định khả năng, giá trị hay vai trò của một người.",1
"Nghe nói thợ sơn thì chẳng cần học hành gì, cầm cọ lên là làm được.",Occupation Bias,chẳng cần học hành gì,thợ sơn,medium,"Thợ sơn cần kỹ năng chuyên môn về vật liệu, kỹ thuật phủ bề mặt và an toàn lao động.",4
Nghe nói người làm kỹ thuật đặc biệt trong mỏ thì thấp hơn kỹ sư mỏ.,Occupation Bias,thấp hơn kỹ sư mỏ,kỹ thuật viên mỏ,medium,Kỹ thuật viên mỏ có vai trò thiết yếu trong vận hành an toàn và đòi hỏi kỹ năng chuyên biệt cao.,4
"Kinh nghiệm của tôi là người miền Nam ăn chơi, không nghiêm túc trong công việc.",Regional Bias,"ăn chơi, thiếu nghiêm túc",Người miền Nam,high,"Hãy đánh giá mỗi người qua hành động và phẩm chất của họ, không phải quê quán.",12
"Tôi đã từng gặp người Hà Nội và thấy rất ki bo, không bao giờ chịu chi tiền.",Regional Bias,"ki bo, tiết kiệm",Người miền Bắc,medium,Định kiến vùng miền gây chia rẽ và không phản ánh thực tế đa dạng của con người.,12
Dân miền Nam thì ai cũng biết là sống buông thả không lo tương lai.,Regional Bias,"buông thả, thiếu kế hoạch",Người Sài Gòn,medium,Có nhiều người tuyệt vời đến từ khắp mọi vùng miền của Việt Nam.,12
Người bị cận thị nặng mà không đeo kính thì nhìn đần đần.,Appearance Bias,"cận thị, không đeo kính",người cận thị,medium,Không đeo kính không phản ánh trí tuệ mà có thể là lựa chọn hoặc hoàn cảnh.,11
Tuổi đó mà làm sếp thì ai nghe.,Age Bias,"tuổi đó, ai nghe",Người trẻ,Medium,Năng lực lãnh đạo không phụ thuộc vào tuổi tác mà vào kỹ năng và tầm nhìn.,2
"Thật ra phụ nữ con gái mà hung hăng, hay to tiếng thì không ai ưa.",Gender Bias,"hung hăng to tiếng, không ai ưa",phụ nữ,medium,"Giới tính không quyết định khả năng, giá trị hay vai trò của một người.",1
"Ở độ tuổi 50 mà thay đổi nghề, dại thật.",Age Bias,"50 tuổi, thay đổi nghề, dại",Người trung niên,High,Thay đổi nghề ở bất kỳ độ tuổi nào đều có thể là quyết định đúng đắn.,2
"Không biết sao chứ người Sài Gòn chỉ biết kiếm tiền, không quan tâm gia đình.",Regional Bias,"ham tiền, thiếu quan tâm gia đình",Người Sài Gòn,high,Có nhiều người tuyệt vời đến từ khắp mọi vùng miền của Việt Nam.,12
Cứ nhìn vào người miền Bắc là thấy ăn uống cầu kỳ nhưng ít chia sẻ.,Regional Bias,"cầu kỳ, ít chia sẻ",Người miền Bắc,low,Không nên nhìn nhận cả một nhóm người qua lăng kính định kiến.,12
người ủng hộ chính sách công thường bị cho là không đáng tin.,Political Bias,không đáng tin,người ủng hộ chính sách công,high,Khác biệt quan điểm có thể tồn tại mà không phản ánh giá trị con người.,9
Xã hội mình vẫn quan niệm đàn ông Việt Nam đàn ông mà thích hoa lá cỏ cây thì trông không bình thường.,Gender Bias,"thích hoa lá, không bình thường",đàn ông,medium,Tôn trọng sự tự do và bình đẳng của mọi người là nền tảng của xã hội văn minh.,1
"Nó còn trẻ quá, chưa đủ chín để lãnh đạo.",Age Bias,"còn trẻ quá, chưa đủ chín",Người trẻ,Medium,Nhiều nhà lãnh đạo xuất sắc đã thành công từ rất trẻ.,2
Người chân tay ngắn không thanh lịch.,Appearance Bias,"chân ngắn, tay ngắn",người chân tay ngắn,medium,Sự thanh lịch không phụ thuộc vào tỷ lệ cơ thể.,11
"Bạn tôi kể người miền Bắc chỉ lo bon chen, tranh giành, thấy đúng thật.",Regional Bias,"bon chen, tranh giành",Người miền Bắc,high,"Mỗi người là một cá thể độc lập, không đại diện cho tất cả người cùng vùng.",12
Tôi không thích người phụ nữ vì mà không biết nấu ăn thì lấy chồng ai người ta lấy.,Gender Bias,"nấu ăn, lấy chồng",phụ nữ,high,Không nên áp đặt kỳ vọng hay giới hạn dựa trên giới tính của ai.,1
Tôi né dân Quảng vì hay tự cao về truyền thống địa phương.,Regional Bias,"tự cao, cục bộ",Người Quảng Nam,medium,"Tính cách con người phụ thuộc vào nhiều yếu tố cá nhân, không phải nơi sinh ra.",12
Gen Z không biết cách viết email chuyên nghiệp.,Age Bias,"gen Z, không biết viết email",Người trẻ/Gen Z,Medium,Kỹ năng viết email có thể được học và thực hành ở mọi lứa tuổi.,2
"Ông bà tôi hay nói thợ trang điểm thì có gì đặc biệt đâu, ai học vài buổi là làm được.",Occupation Bias,ai học vài buổi là làm được,thợ trang điểm / makeup artist,medium,"Thợ trang điểm chuyên nghiệp cần hiểu biết về màu sắc, kỹ thuật và đặc điểm da khác nhau.",4
Người làm bảo hiểm thì cũng là dân lừa đảo theo đội nhóm. Đó là định kiến cần thay đổi.,Occupation Bias,dân lừa đảo,nhân viên bảo hiểm,low,Đa số nhân viên bảo hiểm là chuyên gia tuân thủ quy định và cung cấp giải pháp bảo vệ tài chính hợp pháp.,4
Ai cũng biết người chuyển giới người chuyển giới chỉ là người bệnh tâm thần đang nhầm lẫn về bản thân.,Gender Bias,"bệnh tâm thần, nhầm lẫn về bản thân",người chuyển giới,high,"Mỗi cá nhân có quyền tự quyết về cuộc sống của mình, không phụ thuộc giới tính.",1
"Người Quảng Nam thì ai cũng biết là thực dụng quá mức, không có tình cảm.",Regional Bias,"thực dụng, thiếu tình cảm",Người Quảng Nam,medium,"Hãy đánh giá mỗi người qua hành động và phẩm chất của họ, không phải quê quán.",12
Người làm bán vé số thì không hiểu được đầu tư dài hạn đâu.,Class/Socioeconomic Bias,người làm,lao động phổ thông,high,Nghề nghiệp không xác định khả năng hiểu biết của một người.,3
Người dân tộc thiểu số trông không sạch sẽ bằng người Kinh.,Appearance Bias,"dân tộc thiểu số, người thiểu số",người dân tộc thiểu số,high,Dân tộc không liên quan đến sự sạch sẽ hay vệ sinh cá nhân.,11
"Làm việc với dân Quảng mệt lắm vì làm ăn nhỏ lẻ, không có tầm nhìn xa.",Regional Bias,"thiếu tầm nhìn, nhỏ lẻ",Người Quảng Nam,medium,"Mỗi người là một cá thể độc lập, không đại diện cho tất cả người cùng vùng.",12
"Người già không nên dùng smartphone đời mới, rối não lắm.",Age Bias,"người già, smartphone đời mới",Người cao tuổi,Medium,Nhiều người lớn tuổi sử dụng thành thạo smartphone và công nghệ mới nhất.,2
Người bị vitiligo lốm đốm trắng nhìn kỳ.,Appearance Bias,"vitiligo, bạch biến",người bị bạch biến,high,Bạch biến là tình trạng da và không làm vẻ ngoài của người đó kỳ lạ hay đáng tránh.,11
Bọn 9x trở đi sống ảo nhiều hơn sống thật.,Age Bias,"bọn 9x, sống ảo",Thế hệ 9x,Medium,"Cuộc sống số là một phần thực tế của xã hội hiện đại, không phải sống ảo.",2
Xã hội mình hay quan niệm làm hành chính thì cũng chỉ là chuyển giấy tờ thôi.,Occupation Bias,chỉ là chuyển giấy tờ,nhân viên hành chính,medium,Nhân viên hành chính đảm bảo hoạt động trơn tru của tổ chức và xử lý nhiều quy trình quan trọng.,4
"Người ta vẫn hay nói dân xứ Quảng cứng đầu, hay cãi bướng.",Regional Bias,"cứng đầu, cãi bướng",Người Quảng Nam,medium,Chúng ta nên tìm hiểu và tôn trọng sự khác biệt văn hóa giữa các vùng miền.,12
"Câu chuyện hay gặp là đàn bà phụ nữ mà không chịu lấy chồng là ích kỷ, không lo cho gia đình.",Gender Bias,"không chịu lấy chồng, ích kỷ",phụ nữ,high,"Mỗi người có năng lực và phẩm chất riêng, không phụ thuộc vào giới tính.",1
"Nghề chăn trâu thì lạc hậu, người văn minh không làm.",Occupation Bias,"lạc hậu, người văn minh không làm",người chăn trâu,high,"Chăn nuôi gia súc là ngành kinh tế quan trọng, không có gì là lạc hậu trong việc này.",4
Mọi người đều nói phụ nữ đàn ông mới nên là người quyết định các khoản chi lớn trong gia đình.,Gender Bias,"quyết định chi lớn, đàn ông",phụ nữ,high,"Giới tính không quyết định khả năng, giá trị hay vai trò của một người.",1
"Vào Nam làm việc rồi mới biết sống, ở tỉnh chỉ mãi nghèo thôi.",Class/Socioeconomic Bias,người ở tỉnh,high,low,Nhiều người thành công ở các tỉnh mà không cần di chuyển vào Nam.,3
"Mọi người đều nói con gái phụ nữ mà không chịu lấy chồng là ích kỷ, không lo cho gia đình.",Gender Bias,"không chịu lấy chồng, ích kỷ",phụ nữ,high,Mọi người đều xứng đáng được tôn trọng bất kể giới tính hay xu hướng tính dục.,1
Làm shipper chứ đâu phải người thành đạt mà mặc đồ xịn.,Class/Socioeconomic Bias,shipper,high,medium,Mọi người đều có quyền ăn mặc theo ý thích bất kể nghề nghiệp.,3
"Không ít người cho rằng phụ nữ con gái điểm cao hơn con trai vì chăm hơn, không phải thông minh hơn.",Gender Bias,chăm hơn không phải thông minh hơn,phụ nữ,high,"Giới tính không quyết định khả năng, giá trị hay vai trò của một người.",1
"Thanh niên tuổi đó mà đã nghĩ đến hưu trí, lạ thật.",Age Bias,"thanh niên, nghĩ đến hưu trí, lạ",Người trẻ,Low,Lập kế hoạch tài chính sớm là thói quen tốt cần được khuyến khích.,2
"Nhiều người nghĩ người chạy xe ôm truyền thống thì bị Grab thay thế rồi, lạc hậu lắm.",Occupation Bias,lạc hậu,xe ôm truyền thống,medium,Người lao động trong ngành vận tải có khả năng thích nghi với công nghệ mới.,4
Xã hội mình hay quan niệm người dọn phòng khách sạn thì làm việc không cần nghĩ ngợi gì.,Occupation Bias,không cần nghĩ ngợi gì,nhân viên dọn phòng khách sạn,medium,"Nhân viên dọn phòng cần kỹ năng tổ chức, chú ý chi tiết và hiểu biết về tiêu chuẩn vệ sinh khách sạn.",4
Xã hội mình hay quan niệm trợ lý giám đốc thì cũng chỉ là thư ký cao cấp thôi.,Occupation Bias,thư ký cao cấp,trợ lý giám đốc,medium,Trợ lý điều hành quản lý các nhiệm vụ phức tạp và thường là nhân vật chủ chốt trong tổ chức.,4
Chỉ học hết lớp 9 thì sau này chỉ ra khu công nghiệp làm thôi. Đó là định kiến cần thay đổi.,Occupation Bias,chỉ ra khu công nghiệp làm,lao động khu công nghiệp,low,Lao động khu công nghiệp đóng góp lớn cho nền kinh tế và có thể phát triển sự nghiệp bền vững.,4
Ai cũng biết dân Hà Nội chỉ biết ăn ngon mặc đẹp chứ không lo làm giàu.,Regional Bias,"hưởng thụ, thiếu thực tế",Người Hà Nội,medium,Có nhiều người tuyệt vời đến từ khắp mọi vùng miền của Việt Nam.,12
Tôi đã từng gặp phụ nữ Việt Nam và thấy con trai dù học ít hơn vẫn có thể lãnh đạo tốt hơn phụ nữ có bằng.,Gender Bias,học ít hơn vẫn lãnh đạo tốt hơn,phụ nữ,high,Sự đa dạng về giới tính là một phần tự nhiên của con người và xã hội.,1
Nghe nói giặt đồ thuê thì cũng chỉ là nghề hạ đẳng trong xã hội.,Occupation Bias,nghề hạ đẳng,người giặt đồ thuê,high,Không có nghề nghiệp nào là 'hạ đẳng'; mọi lao động hợp pháp đều xứng đáng được tôn trọng.,4
Nghe nói người miền Bắc ăn uống cầu kỳ nhưng ít chia sẻ.,Regional Bias,"cầu kỳ, ít chia sẻ",Người miền Bắc,low,Chúng ta nên tìm hiểu và tôn trọng sự khác biệt văn hóa giữa các vùng miền.,12
"Mọi người đều nói người phụ nữ con gái học bác sĩ, luật sư cũng được nhưng rồi cũng vì chồng con.",Gender Bias,"vì chồng con, học bác sĩ luật sư",phụ nữ,medium,Tôn trọng sự tự do và bình đẳng của mọi người là nền tảng của xã hội văn minh.,1
Thật ra người LGBT người LGBT không có khả năng nuôi dạy con cái bình thường.,Gender Bias,"không có khả năng nuôi dạy con, bình thường",người LGBT,high,"Mỗi người có năng lực và phẩm chất riêng, không phụ thuộc vào giới tính.",1
"Không biết sao chứ đàn ông Việt Nam việc nội trợ là của đàn bà, đàn ông không cần đụng tay.",Gender Bias,"nội trợ của đàn bà, không cần đụng tay",đàn ông,medium,Tôn trọng sự tự do và bình đẳng của mọi người là nền tảng của xã hội văn minh.,1
"Dân xứ Quảng thì ai cũng biết là sống khép kín, ít giao lưu.",Regional Bias,"khép kín, ít giao lưu",Người Quảng Nam,low,Mỗi vùng miền có văn hóa và giá trị riêng đáng được tôn trọng.,12
"Nhiều người nghĩ người trồng hoa thì cũng chỉ biết tưới nước, không cần học.",Occupation Bias,"chỉ biết tưới nước, không cần học",người trồng hoa,medium,"Trồng hoa thương mại đòi hỏi kiến thức về giống, đất, phân bón và quản lý sâu bệnh.",4
Người ta vẫn hay nói người thuộc cộng đồng LGBT người LGBT không nên làm giáo viên vì ảnh hưởng đến học sinh.,Gender Bias,"không nên làm giáo viên, ảnh hưởng học sinh",người LGBT,high,"Giới tính không quyết định khả năng, giá trị hay vai trò của một người.",1
"Trẻ người non dạ, sao giao cho nó phụ trách được.",Age Bias,trẻ người non dạ,Người trẻ,Medium,"Khả năng phụ trách phụ thuộc vào năng lực và sự chuẩn bị, không phải chỉ tuổi tác.",2
"Chẳng ai phủ nhận được phụ nữ Việt Nam phụ nữ mà không chịu lấy chồng là ích kỷ, không lo cho gia đình.",Gender Bias,"không chịu lấy chồng, ích kỷ",phụ nữ,high,Định kiến giới gây ra bất bình đẳng và tổn hại cho cả xã hội.,1
"Con trai đàn ông phải quyết đoán, không được để vợ quyết thay.",Gender Bias,"quyết đoán, không để vợ quyết",đàn ông,medium,Mọi người đều xứng đáng được tôn trọng bất kể giới tính hay xu hướng tính dục.,1
Cân nặng vậy thì không thể nhanh nhẹn được.,Appearance Bias,"cân nặng, béo",người thừa cân,medium,Nhiều vận động viên thể lực có cân nặng cao hơn trung bình.,11
Nhiều người nghĩ rằng cử tri trẻ không khách quan.,Political Bias,không khách quan,cử tri trẻ,medium,Quan điểm chính trị không đủ để kết luận năng lực hay phẩm chất cá nhân.,9
Không ít người cho rằng đàn ông Việt Nam đàn ông phải lo được tài chính thì mới được tôn trọng trong gia đình.,Gender Bias,"lo tài chính, được tôn trọng",đàn ông,medium,"Hãy đánh giá con người qua hành động và phẩm chất, không qua giới tính.",1
Người mặt đỏ au không hợp làm diễn giả.,Appearance Bias,mặt đỏ,người hay đỏ mặt,medium,Màu da mặt không ảnh hưởng đến khả năng diễn thuyết.,11
Người có sẹo mổ tim dài thấy khó nhìn khi mặc áo cổ thấp.,Appearance Bias,"sẹo mổ, sẹo phẫu thuật",người có sẹo phẫu thuật,high,Sẹo phẫu thuật là dấu hiệu can đảm vượt qua bệnh tật và không nên bị phán xét.,11
Nói thật chứ người Hà Nội gốc nói chuyện thì lịch sự bề ngoài nhưng thực ra rất tính toán.,Regional Bias,"tính toán, lịch sự bề ngoài",Người miền Bắc,low,"Hãy đánh giá mỗi người qua hành động và phẩm chất của họ, không phải quê quán.",12
người hoạt động xã hội thường bị cho là luôn thiếu hiểu biết.,Political Bias,luôn thiếu hiểu biết,người hoạt động xã hội,high,Việc tham gia thảo luận chính trị không quyết định mức độ đáng tin cậy.,9
Có định kiến rằng cử tri trẻ luôn không khách quan.,Political Bias,không khách quan,cử tri trẻ,medium,Nên đánh giá ý kiến dựa trên nội dung và bằng chứng thay vì gán nhãn cho nhóm người.,9
người theo Tin Lành bị cho là không phù hợp vị trí quản lý trong môi trường làm việc.,Religion/Belief Bias,không phù hợp vị trí quản lý,người theo Tin Lành,high,Niềm tin tôn giáo hoặc việc không có tín ngưỡng không phản ánh năng lực hay tính cách của một người.,6
"Thợ lắp kính thì cũng không khá được, nghề thấp lắm.",Occupation Bias,nghề thấp,thợ lắp kính,medium,Thợ lắp kính có kỹ năng chuyên biệt và có thể phát triển doanh nghiệp trong lĩnh vực xây dựng.,4
Không biết sao chứ phụ nữ Việt Nam con gái mà không biết thêu thùa may vá thì sau này khổ.,Gender Bias,"thêu thùa may vá, con gái",phụ nữ,medium,"Mỗi người có năng lực và phẩm chất riêng, không phụ thuộc vào giới tính.",1
Không biết sao chứ phụ nữ phụ nữ sau 40 tuổi độc thân thì xem như bỏ đi rồi.,Gender Bias,"sau 40 tuổi, bỏ đi rồi",phụ nữ,high,"Hãy đánh giá con người qua hành động và phẩm chất, không qua giới tính.",1
"Công nhân thủy sản mà mong có thưởng cuối năm lớn, hơi xa vời.",Class/Socioeconomic Bias,công nhân,công nhân,medium,Mọi người lao động đều xứng đáng có điều kiện làm việc và phúc lợi tốt.,3
"Nghe nói trồng cây ăn quả thì chỉ cần chờ cây ra trái, không phức tạp.",Occupation Bias,chỉ cần chờ cây ra trái,người trồng cây ăn quả,medium,"Nghề trồng cây ăn quả đòi hỏi kỹ thuật cắt tỉa, phòng trừ sâu bệnh và quản lý sau thu hoạch.",4
"Chẳng ai phủ nhận được người Huế hay khách sáo, không thật lòng.",Regional Bias,"khách sáo, không thật lòng",Người Huế,medium,Không nên nhìn nhận cả một nhóm người qua lăng kính định kiến.,12
Người già thích áp đặt quan điểm của thế hệ họ lên người trẻ.,Age Bias,"người già, áp đặt quan điểm",Người cao tuổi,Medium,Việc chia sẻ quan điểm khác với áp đặt; cần tôn trọng lẫn nhau giữa các thế hệ.,2
"Nhiều người nghĩ người trồng rau thì không cần học cao, trồng thế nào cũng được.",Occupation Bias,"không cần học cao, trồng thế nào cũng được",người trồng rau,medium,"Nông nghiệp hiện đại đòi hỏi hiểu biết về kỹ thuật canh tác, đất, nước và quản lý dịch bệnh.",4
"Đàn bà thì ai cũng biết là phụ nữ hay mua sắm không cần thiết, quản lý tài chính kém.",Gender Bias,"mua sắm không cần thiết, quản lý kém",phụ nữ,high,"Hãy đánh giá con người qua hành động và phẩm chất, không qua giới tính.",1
người quan tâm chính trị bị gắn nhãn là chỉ nói theo đám đông trong tranh luận.,Political Bias,chỉ nói theo đám đông,người quan tâm chính trị,low,Khác biệt quan điểm có thể tồn tại mà không phản ánh giá trị con người.,9
Xã hội mình hay quan niệm con trai học hết phổ thông mà đi chạy grab thì nhà mất mặt.,Occupation Bias,nhà mất mặt,tài xế Grab / shipper,high,Tài xế Grab cung cấp dịch vụ có giá trị và có thể đạt thu nhập tốt trong lĩnh vực này.,4
"Con nhà lao động học kiến trúc làm gì, ra trường cũng khó có việc tốt.",Class/Socioeconomic Bias,con nhà lao động,người lao động,high,"Chọn ngành học nên dựa trên năng lực và đam mê, không phải hoàn cảnh gia đình.",3
"Tôi đã từng gặp dân Huế và thấy sống khép kín, ít cởi mở.",Regional Bias,"khép kín, ít cởi mở",Người Huế,low,"Mỗi người có cá tính riêng, không nên đánh giá dựa trên xuất thân vùng miền.",12
"Khắc gỗ thì chỉ là đẽo gọt tay chân, ai học được cũng làm.",Occupation Bias,ai học được cũng làm,thợ khắc gỗ,medium,"Khắc gỗ nghệ thuật đòi hỏi nhiều năm luyện tập, kỹ năng và sự sáng tạo cao.",4
"Không ít người cho rằng con gái phụ nữ mà không biết e thẹn, hay tán tỉnh trước trông kém duyên.",Gender Bias,"không biết e thẹn, tán tỉnh trước",phụ nữ,medium,Sự đa dạng về giới tính là một phần tự nhiên của con người và xã hội.,1
Nhiều người nghĩ rằng người phản biện chính sách khó hợp tác.,Political Bias,khó hợp tác,người phản biện chính sách,medium,Cần xem xét bối cảnh thay vì dùng kết luận khái quát.,9
Trợ lý giám đốc thì cũng chỉ là thư ký cao cấp thôi.,Occupation Bias,thư ký cao cấp,trợ lý giám đốc,medium,Trợ lý điều hành quản lý các nhiệm vụ phức tạp và thường là nhân vật chủ chốt trong tổ chức.,4
Xã hội mình hay quan niệm cô gái làm lễ tân thì chắc chỉ trông vào nhan sắc.,Occupation Bias,chỉ trông vào nhan sắc,nhân viên lễ tân,high,"Nhân viên lễ tân cần kỹ năng giao tiếp, ngoại ngữ và nghiệp vụ chuyên môn cao.",4
"Nhiều người nghĩ thằng bạn tôi bỏ học làm shipper, phí cả tuổi trẻ.",Occupation Bias,phí cả tuổi trẻ,shipper,medium,Làm shipper là lựa chọn nghề nghiệp hợp lệ với thu nhập ổn định và tính linh hoạt cao.,4
Người da sần sùi làm giảm thẩm mỹ khi tiếp xúc với khách.,Appearance Bias,"da sần, da xấu",người da sần,high,Kết cấu da không liên quan đến khả năng tiếp xúc hay giao tiếp.,11
Người da nhăn nheo không nên lên hình ảnh quảng cáo.,Appearance Bias,"da nhăn, già",người lớn tuổi,high,Người lớn tuổi hoàn toàn xứng đáng được đại diện trong quảng cáo.,11
người có niềm tin tâm linh bị cho là khó tiếp cận khoa học trong môi trường làm việc.,Religion/Belief Bias,khó tiếp cận khoa học,người có niềm tin tâm linh,high,Niềm tin tôn giáo hoặc việc không có tín ngưỡng không phản ánh năng lực hay tính cách của một người.,6
Ông bà tôi hay nói làm sales thì chỉ biết nói ngọt để lừa khách hàng thôi.,Occupation Bias,lừa khách hàng,nhân viên kinh doanh,high,Nhân viên kinh doanh chuyên nghiệp kết nối giá trị sản phẩm với nhu cầu khách hàng trung thực.,4
Ông bà tôi hay nói thầy giáo dạy thể dục thì không cần giỏi như các môn khác.,Occupation Bias,không cần giỏi,giáo viên thể dục,medium,"Giáo viên thể dục cần kiến thức chuyên môn về thể thao, sức khỏe và kỹ năng sư phạm.",4
"Không biết sao chứ người phụ nữ con gái học bác sĩ, luật sư cũng được nhưng rồi cũng vì chồng con.",Gender Bias,"vì chồng con, học bác sĩ luật sư",phụ nữ,medium,Không nên áp đặt kỳ vọng hay giới hạn dựa trên giới tính của ai.,1
Gầy như que tăm thế kia ăn uống gì vậy.,Appearance Bias,"gầy, que tăm",người thiếu cân,medium,"Vóc dáng gầy có thể do nhiều nguyên nhân khác nhau, không nên phán xét.",11
Người ngực phẳng mặc áo trông không đẹp.,Appearance Bias,"ngực phẳng, ngực nhỏ",phụ nữ ngực nhỏ,high,Mọi hình dáng cơ thể đều đẹp và không nên bị so sánh hay phán xét.,11
"Gen Z lười biếng, chỉ thích nhảy việc.",Age Bias,"gen Z, lười biếng",Người trẻ/Gen Z,High,"Việc thay đổi công việc thường là tìm kiếm môi trường phù hợp, không phải lười biếng.",2
phụ nữ chưa kết hôn thường bị nhận xét là khó cân bằng cuộc sống.,Marital/Family Status Bias,khó cân bằng cuộc sống,phụ nữ chưa kết hôn,low,Cần xem xét từng trường hợp thay vì gán nhãn theo nhóm.,8
Phụ nữ phụ nữ tiến sĩ khó lấy chồng vì đàn ông tự ti.,Gender Bias,"tiến sĩ khó lấy chồng, đàn ông tự ti",phụ nữ,high,Tôn trọng sự tự do và bình đẳng của mọi người là nền tảng của xã hội văn minh.,1
Ông bà tôi hay nói mấy đứa bán hàng rong thì biết gì mà nói chuyện.,Occupation Bias,biết gì mà nói chuyện,người bán hàng rong,high,Người bán hàng rong có kinh nghiệm kinh doanh thực tế và kỹ năng giao tiếp phong phú.,4
Xã hội mình vẫn quan niệm phụ nữ Việt Nam phụ nữ học y khoa rồi nghỉ ở nhà sinh con là phí nhân lực xã hội.,Gender Bias,"nghỉ ở nhà sinh con, phí nhân lực",phụ nữ,medium,"Giới tính không quyết định khả năng, giá trị hay vai trò của một người.",1
Xã hội mình hay quan niệm thợ mộc thì cũng chỉ là người làm thuê bình thường thôi.,Occupation Bias,chỉ là người làm thuê bình thường,thợ mộc,medium,Thợ mộc lành nghề có thể trở thành nhà thiết kế nội thất hoặc chủ xưởng sản xuất đồ gỗ.,4
Nói thật chứ dân Sài Gòn sống buông thả không lo tương lai.,Regional Bias,"buông thả, thiếu kế hoạch",Người Sài Gòn,medium,Mỗi vùng miền có văn hóa và giá trị riêng đáng được tôn trọng.,12
"Nghe nói người Quảng Nam cứng đầu, hay cãi bướng.",Regional Bias,"cứng đầu, cãi bướng",Người Quảng Nam,medium,Không nên nhìn nhận cả một nhóm người qua lăng kính định kiến.,12
Ông bà tôi hay nói người làm bánh thì cũng chỉ là thợ lặt vặt thôi.,Occupation Bias,thợ lặt vặt,thợ làm bánh,medium,"Thợ làm bánh chuyên nghiệp kết hợp kỹ thuật và nghệ thuật, nhiều người thành công với thương hiệu riêng.",4
"Ông bà tôi hay nói công nhân lắp ráp điện tử thì học mấy ngày là xong, không cần chuyên môn.",Occupation Bias,học mấy ngày là xong,công nhân lắp ráp điện tử,medium,"Công nhân lắp ráp điện tử cần kỹ năng tỉ mỉ, chính xác và hiểu biết kỹ thuật nhất định.",4
"Ông bà tôi hay nói thu ngân siêu thị thì làm gì cũng được, không cần giỏi.",Occupation Bias,"làm gì cũng được, không cần giỏi",thu ngân siêu thị,medium,"Thu ngân cần chính xác, trung thực và kỹ năng xử lý giao dịch tài chính.",4
"Thật ra phụ nữ con gái học kinh tế về làm kế toán thôi, không cần học MBA.",Gender Bias,"không cần học MBA, kế toán",phụ nữ,medium,"Giới tính không quyết định khả năng, giá trị hay vai trò của một người.",1
Không biết sao chứ người phụ nữ phụ nữ cần phải trẻ đẹp thì mới có giá trị trong hôn nhân.,Gender Bias,"trẻ đẹp, giá trị trong hôn nhân",phụ nữ,high,"Hãy đánh giá con người qua hành động và phẩm chất, không qua giới tính.",1
"Sinh viên bây giờ chỉ học vẹt, không biết tư duy.",Age Bias,"sinh viên, học vẹt",Người trẻ,Medium,"Khả năng tư duy phê phán được phát triển qua môi trường giáo dục, không phụ thuộc thế hệ.",2
"Chẳng ai phủ nhận được dân Đà Nẵng nói chuyện thô lỗ, thiếu tế nhị.",Regional Bias,"thô lỗ, thiếu tế nhị",Người Đà Nẵng,medium,Có nhiều người tuyệt vời đến từ khắp mọi vùng miền của Việt Nam.,12
Lớp học tổ chức hoạt động trải nghiệm. trong tuần này.,Non-bias,none,none,low,Lớp học tổ chức hoạt động trải nghiệm. trong tuần này.,0
"Tôi đã từng gặp dân Đà Nẵng và thấy tự hào về thành phố thái quá, hay so sánh với nơi khác.",Regional Bias,"tự hào thái quá, so sánh",Người Đà Nẵng,low,Mỗi vùng miền có văn hóa và giá trị riêng đáng được tôn trọng.,12
"Dân 8x thực dụng lắm, chỉ lo kiếm tiền, không có lý tưởng.",Age Bias,"dân 8x, không có lý tưởng",Thế hệ 8x,Medium,"Thế hệ 8x có đa dạng giá trị và lý tưởng sống, không chỉ vật chất.",2
Người dân tham gia hoạt động địa phương. vào cuối tháng.,Non-bias,none,none,low,Người dân tham gia hoạt động địa phương. vào cuối tháng.,0
"Câu chuyện hay gặp là người đàn ông đàn ông mà dùng mỹ phẩm nhiều trông yếu đuối, không ra dáng đàn ông.",Gender Bias,"dùng mỹ phẩm, không ra dáng đàn ông",đàn ông,medium,Mọi người đều xứng đáng được tôn trọng bất kể giới tính hay xu hướng tính dục.,1
Nhiều người nghĩ mấy đứa giao hàng thì đầu óc đơn giản lắm.,Occupation Bias,đầu óc đơn giản,shipper / người giao hàng,high,"Người giao hàng cần kỹ năng quản lý lộ trình, giao tiếp khách hàng và giải quyết tình huống linh hoạt.",4
Đàn ông thì ai cũng biết là đàn ông mà không có tiền thì đừng nghĩ đến chuyện lấy vợ.,Gender Bias,"không có tiền, đừng lấy vợ",đàn ông,high,"Định kiến giới hạn cơ hội của mọi người, bất kể họ là ai.",1
người phản biện chính sách bị gắn nhãn là không đáng tin trong tranh luận.,Political Bias,không đáng tin,người phản biện chính sách,high,Không nên đồng nhất mọi cá nhân trong một nhóm quan điểm.,9
Không có bằng tiến sĩ thì đừng mơ làm giám đốc.,Class/Socioeconomic Bias,không có bằng,người không có bằng cấp phù hợp,high,Năng lực và kinh nghiệm thực tế có thể bù đắp cho bằng cấp chính thức trong nhiều lĩnh vực.,3
Nhiều người nghĩ rằng người hoạt động xã hội không đáng tin.,Political Bias,không đáng tin,người hoạt động xã hội,high,Việc tham gia thảo luận chính trị không quyết định mức độ đáng tin cậy.,9
Không có bằng đại học top thì đừng mơ làm giám đốc.,Class/Socioeconomic Bias,không có bằng,người không có bằng cấp phù hợp,high,Năng lực và kinh nghiệm thực tế có thể bù đắp cho bằng cấp chính thức trong nhiều lĩnh vực.,3
Ông bà tôi hay nói làm copywriter thì cũng chỉ viết quảng cáo lòe bịp người mua.,Occupation Bias,lòe bịp người mua,copywriter,high,Copywriter chuyên nghiệp truyền đạt giá trị sản phẩm trung thực để kết nối với người tiêu dùng phù hợp.,4
Chương trình khuyến khích vận động thể chất. trong chương trình.,Non-bias,none,none,low,Chương trình khuyến khích vận động thể chất. trong chương trình.,0
"Thật ra người TP.HCM tư tưởng Tây hóa, quên gốc rễ.",Regional Bias,"Tây hóa, quên gốc rễ",Người Sài Gòn,medium,"Mỗi người là một cá thể độc lập, không đại diện cho tất cả người cùng vùng.",12
Người da xỉn màu trông thiếu sức sống.,Appearance Bias,"da xỉn, da xám",người da xỉn,medium,Tông da không phản ánh sức sống hay sức khỏe tổng thể.,11
Tôi đã từng gặp dân xứ Quảng và thấy hay phân biệt người trong tỉnh và ngoài tỉnh.,Regional Bias,"phân biệt, cục bộ",Người Quảng Nam,high,"Hãy đánh giá mỗi người qua hành động và phẩm chất của họ, không phải quê quán.",12
Người dáng thấp đậm mà đi giày cao gót trông càng lố bịch.,Appearance Bias,"thấp, đậm người",người thấp đậm,high,Mọi người đều có quyền đi giày cao gót và không có gì là 'lố bịch'.,11
Ông bà tôi hay nói trợ lý giám đốc thì cũng chỉ là thư ký cao cấp thôi.,Occupation Bias,thư ký cao cấp,trợ lý giám đốc,medium,Trợ lý điều hành quản lý các nhiệm vụ phức tạp và thường là nhân vật chủ chốt trong tổ chức.,4
Làm việc với người đồng tính nam mệt lắm vì con trai mà nói chuyện cử chỉ điệu đà thì không phải đàn ông thật.,Gender Bias,"điệu đà, không phải đàn ông thật",người đồng tính nam,high,Mọi người đều xứng đáng được tôn trọng bất kể giới tính hay xu hướng tính dục.,1
Cao như cái cột đèn thế kia ai mà dám lấy.,Appearance Bias,"cao, cột đèn",người cao,high,Chiều cao không ảnh hưởng đến giá trị hay khả năng trong tình cảm.,11
học sinh trường thường thường khó cạnh tranh nên không nên giao việc quan trọng.,Educational Bias,khó cạnh tranh,học sinh trường thường,medium,Không nên đánh giá năng lực hay cơ hội của một người chỉ dựa trên học vấn hoặc loại trường đã học.,5
Chẳng ai phủ nhận được phụ nữ con gái học đại học xong lấy chồng là lãng phí học vấn.,Gender Bias,"lãng phí học vấn, lấy chồng",phụ nữ,medium,"Mỗi cá nhân có quyền tự quyết về cuộc sống của mình, không phụ thuộc giới tính.",1
"Xã hội mình hay quan niệm nghề chăn trâu thì lạc hậu, người văn minh không làm.",Occupation Bias,"lạc hậu, người văn minh không làm",người chăn trâu,high,"Chăn nuôi gia súc là ngành kinh tế quan trọng, không có gì là lạc hậu trong việc này.",4
Người bị ghẻ lở trông bẩn và lây lan hãy tránh xa.,Appearance Bias,"ghẻ, bệnh da liễu",người bị bệnh da,high,Ghẻ là bệnh có thể điều trị và người bệnh không cần bị xa lánh.,11
"Béo mà còn dám nhảy nhót múa may, trông hài quá.",Appearance Bias,"béo, mập",người thừa cân,high,Mọi người đều có quyền nhảy múa bất kể cân nặng hay vóc dáng.,11
"Dân 8x quen làm việc theo lệnh, thiếu sáng tạo.",Age Bias,"dân 8x, thiếu sáng tạo",Thế hệ 8x,Medium,Thế hệ 8x có nhiều cá nhân sáng tạo và đổi mới trong mọi lĩnh vực.,2
Làm việc với người phụ nữ mệt lắm vì phụ nữ mà lùn thì thiệt thòi trong hôn nhân.,Gender Bias,"lùn, thiệt thòi hôn nhân",phụ nữ,medium,Tôn trọng sự tự do và bình đẳng của mọi người là nền tảng của xã hội văn minh.,1
"Kinh nghiệm của tôi là người thuộc cộng đồng LGBT người LGBT thường không ổn định tâm lý, không đáng tin cậy.",Gender Bias,"không ổn định tâm lý, không đáng tin cậy",người LGBT,high,Không nên áp đặt kỳ vọng hay giới hạn dựa trên giới tính của ai.,1
Nhiều người nghĩ phục vụ quán cà phê thì không học hành gì vẫn làm được.,Occupation Bias,không học hành gì vẫn làm được,nhân viên quán cà phê,medium,"Nhân viên quán cà phê cần kỹ năng pha chế, giao tiếp khách hàng và quản lý thời gian.",4
"Mọi người đều nói người Hải Phòng thô lỗ, không biết cư xử với người lớn tuổi.",Regional Bias,"thô lỗ, thiếu lễ phép",Người Hải Phòng,medium,Định kiến vùng miền gây chia rẽ và không phản ánh thực tế đa dạng của con người.,12
người độc thân lớn tuổi thường bị nhận xét là khó xây dựng gia đình.,Marital/Family Status Bias,khó xây dựng gia đình,người độc thân lớn tuổi,medium,Mỗi người có trải nghiệm khác nhau nên cần tránh khái quát hóa.,8
Dân gian hay nói người Huế nói giọng lơ lớ khó nghe.,Regional Bias,"giọng lơ lớ, khó nghe",Người Huế,low,"Hãy đánh giá mỗi người qua hành động và phẩm chất của họ, không phải quê quán.",12
cử tri trẻ bị gắn nhãn là khó hợp tác trong tranh luận.,Political Bias,khó hợp tác,cử tri trẻ,medium,Ý kiến khác nhau không tự động đồng nghĩa với thiếu năng lực.,9
Người da dẻ thô ráp trông không được chăm sóc.,Appearance Bias,"da thô, da ráp",người da thô ráp,medium,"Kết cấu da bị ảnh hưởng bởi di truyền, khí hậu và nhiều yếu tố khác.",11
Nghe nói người làm in lụa thì cũng là nghề thấp kém.,Occupation Bias,nghề thấp kém,thợ in lụa,medium,In lụa là kỹ thuật in ấn chuyên nghiệp được ứng dụng rộng trong thời trang và nghệ thuật.,4
Lớp học tổ chức hoạt động trải nghiệm. theo kế hoạch.,Non-bias,none,none,low,Lớp học tổ chức hoạt động trải nghiệm. theo kế hoạch.,0
"Nhiều người nghĩ học nấu ăn thì cũng chỉ phục vụ người khác, không ra hồn.",Occupation Bias,không ra hồn,đầu bếp / người học nấu ăn,high,Ngành ẩm thực là nghề sáng tạo đòi hỏi kiến thức và kỹ năng chuyên sâu với cơ hội phát triển rộng.,4
"Xã hội mình hay quan niệm chỉ làm shipper thôi mà dám lấy vợ, nuôi con sao nổi.",Occupation Bias,nuôi con sao nổi,shipper,high,"Shipper có thể có thu nhập ổn định, đủ khả năng xây dựng cuộc sống gia đình.",4
"Xã hội mình vẫn quan niệm đàn ông Việt Nam đàn ông mà nghèo thì không ai tôn trọng, đó là thực tế phũ phàng.",Gender Bias,nghèo không ai tôn trọng,đàn ông,high,"Giới tính không quyết định khả năng, giá trị hay vai trò của một người.",1
Người ta vẫn hay nói nam giới đàn ông mà thích hoa lá cỏ cây thì trông không bình thường.,Gender Bias,"thích hoa lá, không bình thường",đàn ông,medium,"Giới tính không quyết định khả năng, giá trị hay vai trò của một người.",1
"Dân gian hay nói dân xứ Quảng keo kiệt nổi tiếng, không bao giờ muốn trả tiền.",Regional Bias,keo kiệt,Người Quảng Nam,high,"Hãy đánh giá mỗi người qua hành động và phẩm chất của họ, không phải quê quán.",12
Nhiều người nghĩ thợ mộc thì cũng chỉ là người làm thuê bình thường thôi.,Occupation Bias,chỉ là người làm thuê bình thường,thợ mộc,medium,Thợ mộc lành nghề có thể trở thành nhà thiết kế nội thất hoặc chủ xưởng sản xuất đồ gỗ.,4
Nhiều người nghĩ nhà báo thì cũng chỉ chạy theo tin giật gân để câu view.,Occupation Bias,chạy theo tin giật gân để câu view,nhà báo,medium,"Nhà báo chuyên nghiệp có trách nhiệm cung cấp thông tin chính xác, khách quan phục vụ công chúng.",4
"Mọi người đều nói con gái con gái da ngăm trông không được, phải trắng mới đẹp.",Gender Bias,"da ngăm, phải trắng",phụ nữ,medium,"Mỗi người có năng lực và phẩm chất riêng, không phụ thuộc vào giới tính.",1
"Con nhà người ta học ra bác sĩ, còn mày học nghề thì sao bằng. Đó là định kiến cần thay đổi.",Occupation Bias,học nghề thì sao bằng,học sinh học nghề,low,"Học nghề là con đường nghề nghiệp có giá trị ngang với học đại học, tùy thuộc vào mục tiêu cá nhân.",4
Tôi thấy người Nghệ Tĩnh hay mang tư tưởng địa phương cục bộ.,Regional Bias,"cục bộ, tư tưởng địa phương",Người Nghệ An,medium,"Tính cách con người phụ thuộc vào nhiều yếu tố cá nhân, không phải nơi sinh ra.",12
Người có tật nháy mắt liên tục nhìn không bình thường.,Appearance Bias,"nháy mắt, co giật mắt",người bị co giật mặt,high,Các rối loạn thần kinh không làm người bị ảnh hưởng trở nên 'không bình thường'.,11
"Thật ra dân Sài Gòn dân Sài Gòn sống vội, không coi trọng tình cảm.",Regional Bias,"sống vội, thiếu tình cảm",Người Sài Gòn,medium,Định kiến vùng miền gây chia rẽ và không phản ánh thực tế đa dạng của con người.,12
Tôi không thích dân Hải Phòng vì hay kéo bè để ức hiếp người khác.,Regional Bias,"kéo bè, ức hiếp",Người Hải Phòng,high,Chúng ta nên tìm hiểu và tôn trọng sự khác biệt văn hóa giữa các vùng miền.,12
"Tôi thấy nam giới việc nội trợ là của đàn bà, đàn ông không cần đụng tay.",Gender Bias,"nội trợ của đàn bà, không cần đụng tay",đàn ông,medium,"Mỗi người có năng lực và phẩm chất riêng, không phụ thuộc vào giới tính.",1
Bắp chân to thế thì mặc váy xấu lắm.,Appearance Bias,"bắp chân to, chân to",người chân to,high,Mọi người đều có quyền mặc váy bất kể hình dáng chân.,11
"Chẳng ai phủ nhận được dân xứ Nghệ hay ăn vạ, không chịu nhận lỗi.",Regional Bias,"ăn vạ, không nhận lỗi",Người Nghệ An,medium,"Tính cách con người phụ thuộc vào nhiều yếu tố cá nhân, không phải nơi sinh ra.",12
Học sinh hoàn thành bài tập nhóm. trong chương trình.,Non-bias,none,none,low,Học sinh hoàn thành bài tập nhóm. trong chương trình.,0
người hoạt động xã hội thường bị cho là khó hợp tác.,Political Bias,khó hợp tác,người hoạt động xã hội,medium,Quan điểm chính trị không đủ để kết luận năng lực hay phẩm chất cá nhân.,9
"Lứa tuổi đó bốc đồng lắm, không quyết định được việc lớn.",Age Bias,"bốc đồng, không quyết định được",Người trẻ,High,Sự bốc đồng không phải đặc trưng chung của tất cả người trẻ.,2
Ông bà tôi hay nói dân marketing thì chỉ viết bài hoa mỹ để bán hàng thôi.,Occupation Bias,chỉ viết bài hoa mỹ để bán hàng,nhân viên marketing,medium,"Marketing đòi hỏi phân tích dữ liệu, hiểu tâm lý người dùng và xây dựng chiến lược dài hạn.",4
Kinh nghiệm của tôi là đàn ông đàn ông mà thích hoa lá cỏ cây thì trông không bình thường.,Gender Bias,"thích hoa lá, không bình thường",đàn ông,medium,Không nên áp đặt kỳ vọng hay giới hạn dựa trên giới tính của ai.,1
"Thợ cắt tóc mà cũng đòi ký hợp đồng lao động, hơi kỳ.",Class/Socioeconomic Bias,thợ cắt tóc,high,medium,Mọi người lao động đều có quyền được bảo vệ bởi hợp đồng lao động hợp pháp.,3
"Bạn tôi kể dân Đà Nẵng ít cầu tiến, bằng lòng với hiện tại, thấy đúng thật.",Regional Bias,"ít cầu tiến, bằng lòng",Người Đà Nẵng,medium,Chúng ta nên tìm hiểu và tôn trọng sự khác biệt văn hóa giữa các vùng miền.,12
người từng khủng hoảng tâm lý thường bị gán là bị xem là yếu đuối.,Mental Health Bias,bị xem là yếu đuối,người từng khủng hoảng tâm lý,high,Không nên đánh giá cá nhân chỉ dựa trên nhóm xã hội hoặc hoàn cảnh của họ.,10
"Kinh nghiệm của tôi là đàn ông con trai học dốt không sao, miễn ra đời biết làm kinh tế.",Gender Bias,"con trai học dốt không sao, làm kinh tế",đàn ông,medium,"Hãy đánh giá con người qua hành động và phẩm chất, không qua giới tính.",1
Đàn ông Việt Nam thì ai cũng biết là đàn ông mà hay nấu ăn thích làm bếp thì lạ lắm.,Gender Bias,"hay nấu ăn, lạ",đàn ông,low,"Hãy đánh giá con người qua hành động và phẩm chất, không qua giới tính.",1
"Xe SH mới là người có đẳng cấp, đi xe đạp điện là dân nghèo.",Class/Socioeconomic Bias,người thu nhập thấp,medium,medium,Phương tiện di chuyển không xác định giá trị hay đẳng cấp của một người.,3
Có định kiến rằng người hoạt động xã hội luôn chỉ nói theo đám đông.,Political Bias,chỉ nói theo đám đông,người hoạt động xã hội,low,Tránh suy diễn tính cách từ lập trường hoặc mức độ quan tâm chính trị.,9
"Dân gian hay nói người Quảng Nam làm ăn nhỏ lẻ, không có tầm nhìn xa.",Regional Bias,"thiếu tầm nhìn, nhỏ lẻ",Người Quảng Nam,medium,"Mỗi người có cá tính riêng, không nên đánh giá dựa trên xuất thân vùng miền.",12
Nhiều người nghĩ rằng người có quan điểm chính trị khác quá cực đoan.,Political Bias,quá cực đoan,người có quan điểm chính trị khác,medium,Quan điểm chính trị không đủ để kết luận năng lực hay phẩm chất cá nhân.,9
người có rối loạn lo âu thường bị gán là không phù hợp vị trí áp lực cao.,Mental Health Bias,không phù hợp vị trí áp lực cao,người có rối loạn lo âu,high,Không nên đánh giá cá nhân chỉ dựa trên nhóm xã hội hoặc hoàn cảnh của họ.,10
Nói thật chứ phụ nữ phụ nữ hay để cảm xúc ảnh hưởng đến quyết định tài chính.,Gender Bias,"cảm xúc ảnh hưởng, quyết định tài chính",phụ nữ,high,"Mỗi cá nhân có quyền tự quyết về cuộc sống của mình, không phụ thuộc giới tính.",1
"Dân Huế người Huế ăn nhạt, nấu ăn dở tệ.",Regional Bias,"ăn nhạt, nấu ăn dở",Người Huế,low,Định kiến vùng miền gây chia rẽ và không phản ánh thực tế đa dạng của con người.,12
"Đàn ông đàn ông làm điều dưỡng bị nghi ngờ về giới tính, không nên chọn nghề đó.",Gender Bias,"bị nghi ngờ giới tính, điều dưỡng",đàn ông,high,Không nên áp đặt kỳ vọng hay giới hạn dựa trên giới tính của ai.,1
"Công nhân dệt may mà mong có được thăng chức, hơi xa vời.",Class/Socioeconomic Bias,công nhân,công nhân,medium,Mọi người lao động đều xứng đáng có điều kiện làm việc và phúc lợi tốt.,3
"Nhà quê không biết chọn đồ xịn, mua gì cũng rẻ tiền.",Class/Socioeconomic Bias,người nông thôn,medium,medium,Thói quen tiêu dùng đa dạng và không phụ thuộc vào xuất thân nông thôn hay thành thị.,3
Câu chuyện hay gặp là phụ nữ Việt Nam phụ nữ thăng chức không phải vì năng lực mà vì nịnh sếp.,Gender Bias,"không vì năng lực, nịnh sếp",phụ nữ,high,Không nên áp đặt kỳ vọng hay giới hạn dựa trên giới tính của ai.,1
"Nhiều người nghĩ làm nhân viên tạp hóa thì học được gì, không ra gì cả.",Occupation Bias,không ra gì cả,nhân viên tạp hóa,medium,"Nhân viên tạp hóa học được quản lý hàng hóa, giao tiếp khách hàng và vận hành kinh doanh nhỏ.",4
"Bạn tôi kể đàn bà việc giáo dục con cái là trách nhiệm của mẹ, không phải của bố, thấy đúng thật.",Gender Bias,"trách nhiệm của mẹ, giáo dục con",phụ nữ,medium,"Giới tính không quyết định khả năng, giá trị hay vai trò của một người.",1
"Nhiều người nghĩ nghề tiếp thị thì có gì ghê gớm đâu, ai cũng làm được.",Occupation Bias,ai cũng làm được,nhân viên tiếp thị,medium,"Tiếp thị đòi hỏi kỹ năng phân tích, sáng tạo và hiểu biết thị trường sâu sắc.",4
người không có con thường bị nhận xét là thiếu ổn định.,Marital/Family Status Bias,thiếu ổn định,người không có con,medium,Không có bằng chứng cho việc áp dụng định kiến này cho mọi cá nhân.,8
Tóc thưa mà để dài trông buồn cười lắm.,Appearance Bias,"tóc thưa, tóc ít",người tóc thưa,medium,Mọi người đều có quyền để kiểu tóc mình thích.,11
Người làm tóc thì học xong trường nghề thấp hơn người học đại học.,Occupation Bias,thấp hơn người học đại học,thợ làm tóc,high,Kỹ năng nghề nghiệp trong lĩnh vực làm đẹp có giá trị ngang với bất kỳ bằng cấp nào khác.,4
Dân gian hay nói dân Đà Nẵng hay dựa vào mối quan hệ hơn thực lực.,Regional Bias,"quan hệ, thiếu thực lực",Người Đà Nẵng,medium,Không công bằng khi áp đặt định kiến lên cả một cộng đồng người.,12
Da ngăm thế kia làm nghề tiếp khách không được.,Appearance Bias,"da ngăm, da đen",người da tối màu,high,Nghề nghiệp không nên bị giới hạn bởi màu da.,11
"Chẳng ai phủ nhận được nam giới đàn ông phải mạnh dạn, sợ khó khăn thì không ra gì.",Gender Bias,"sợ khó khăn, không ra gì",đàn ông,medium,"Hãy đánh giá con người qua hành động và phẩm chất, không qua giới tính.",1
Nghe nói người làm massage thì không phải nghề y tế thật sự.,Occupation Bias,không phải nghề y tế thật sự,kỹ thuật viên massage,medium,Massage trị liệu là liệu pháp y tế có bằng chứng khoa học và cần đào tạo chuyên nghiệp.,4
"Không ít người cho rằng người phụ nữ con gái mà giàu quá thì đàn ông sợ, khó lấy chồng.",Gender Bias,"giàu quá, khó lấy chồng",phụ nữ,high,Tôn trọng sự tự do và bình đẳng của mọi người là nền tảng của xã hội văn minh.,1
người có vấn đề sức khỏe tâm thần thường bị gán là khó làm việc nhóm.,Mental Health Bias,khó làm việc nhóm,người có vấn đề sức khỏe tâm thần,high,Sự đa dạng không đồng nghĩa với hạn chế.,10
cha mẹ đơn thân thường bị nhận xét là khó xây dựng gia đình.,Marital/Family Status Bias,khó xây dựng gia đình,cha mẹ đơn thân,medium,Không nên đánh giá cá nhân chỉ dựa trên nhóm xã hội hoặc hoàn cảnh của họ.,8
"Bọn trẻ giờ không có nền tảng, cái gì cũng hời hợt.",Age Bias,"bọn trẻ, hời hợt",Người trẻ,High,Nhiều người trẻ có kiến thức sâu và nền tảng vững chắc trong lĩnh vực của mình.,2
Người ta vẫn hay nói đàn bà phụ nữ nghỉ việc ở nhà nuôi con là lựa chọn đúng đắn nhất.,Gender Bias,"nghỉ việc nuôi con, lựa chọn đúng đắn",phụ nữ,medium,"Giới tính không quyết định khả năng, giá trị hay vai trò của một người.",1
Chẳng ai phủ nhận được con gái phụ nữ mà không chịu mặc váy thì trông thiếu nữ tính.,Gender Bias,"không mặc váy, thiếu nữ tính",phụ nữ,low,"Mỗi cá nhân có quyền tự quyết về cuộc sống của mình, không phụ thuộc giới tính.",1
Người có nhiều đốm đen trên da trông bẩn.,Appearance Bias,"đốm đen, tàn nhang",người có đốm da,high,Đốm nâu hay tàn nhang là đặc điểm tự nhiên của da.,11
Người nghèo mà đi chơi với nhà giàu thì hay bị nhìn xuống lắm.,Class/Socioeconomic Bias,người nghèo,medium,low,Hành vi coi thường người khác dựa trên tiền bạc là không đúng đắn và nên được phê phán.,3
Người da trắng bóc trông như ma quái.,Appearance Bias,"da trắng, nhợt nhạt",người da sáng màu,medium,Mọi màu da đều là tự nhiên và đáng trân trọng.,11
Xã hội mình hay quan niệm phải làm bác sĩ hay kỹ sư mới gọi là thành công.,Occupation Bias,mới gọi là thành công,bác sĩ / kỹ sư,medium,Thành công có nhiều hình thức và tất cả nghề nghiệp đều có giá trị trong xã hội.,4
Không có bằng đại học top thì đừng mơ làm cố vấn.,Class/Socioeconomic Bias,không có bằng,người không có bằng cấp phù hợp,high,Năng lực và kinh nghiệm thực tế có thể bù đắp cho bằng cấp chính thức trong nhiều lĩnh vực.,3
"Xã hội mình hay quan niệm dân IT thì chỉ ngồi máy tính cả ngày, chẳng biết làm việc thực tế.",Occupation Bias,chẳng biết làm việc thực tế,lập trình viên / nhân viên IT,medium,Nhân viên IT giải quyết các vấn đề thực tế phức tạp và đóng góp vào hoạt động của mọi tổ chức.,4
Triển lãm trưng bày nhiều tác phẩm mới. trong chương trình.,Non-bias,none,none,low,Triển lãm trưng bày nhiều tác phẩm mới. trong chương trình.,0
"Người tỉnh lẻ hay bảo thủ, khó tiếp thu cái mới lắm.",Class/Socioeconomic Bias,người từ tỉnh lẻ,medium,medium,"Tư duy cởi mở hay bảo thủ là đặc điểm cá nhân, không phụ thuộc vào vùng địa lý.",3
"Nhiều người nghĩ nghề hớt tóc thì kiếm tiền được gì, học làm chi.",Occupation Bias,kiếm tiền được gì,thợ cắt tóc,medium,Thợ cắt tóc lành nghề có thu nhập ổn định và có thể mở tiệm riêng thành công.,4
Người da trắng được đối xử tốt hơn người da ngăm là điều bình thường.,Appearance Bias,"da trắng, da ngăm",người da tối màu,high,Mọi người đều xứng đáng được đối xử bình đẳng bất kể màu da.,11
"Nghe nói người lượm ve chai thì sống nhờ rác, không ra gì.",Occupation Bias,"sống nhờ rác, không ra gì",người nhặt ve chai,high,"Người nhặt ve chai đóng góp vào tái chế và kinh tế tuần hoàn, nên được nhìn nhận tích cực.",4
Người ta vẫn hay nói người Hà Nội gốc nói giọng Hà Nội giờ nghe lai căng.,Regional Bias,"lai căng, giọng Hà Nội",Người Hà Nội,low,"Tính cách con người phụ thuộc vào nhiều yếu tố cá nhân, không phải nơi sinh ra.",12
"Tôi không thích dân Bắc vì khó chơi lắm, phải quen lâu mới tin được.",Regional Bias,"khó chơi, thiếu cởi mở",Người miền Bắc,low,"Tính cách con người phụ thuộc vào nhiều yếu tố cá nhân, không phải nơi sinh ra.",12
"Hỏi ý kiến người già làm gì, họ không hiểu thị trường hiện đại đâu.",Age Bias,"người già, không hiểu thị trường",Người cao tuổi,High,Kinh nghiệm dày dặn của người lớn tuổi rất có giá trị trong phân tích thị trường.,2
Phải làm bác sĩ hay kỹ sư mới gọi là thành công.,Occupation Bias,mới gọi là thành công,bác sĩ / kỹ sư,medium,Thành công có nhiều hình thức và tất cả nghề nghiệp đều có giá trị trong xã hội.,4
"Người ta vẫn hay nói người cố đô bảo thủ, gắn với cái cũ không chịu thay đổi.",Regional Bias,"bảo thủ, không chịu thay đổi",Người Huế,medium,Chúng ta nên tìm hiểu và tôn trọng sự khác biệt văn hóa giữa các vùng miền.,12
"Người nghèo mà bệnh thì thôi ráng chịu, bệnh viện tốt đâu có rẻ.",Class/Socioeconomic Bias,người nghèo,medium,medium,Tất cả mọi người đều xứng đáng được tiếp cận dịch vụ y tế chất lượng.,3
Tôi né người Nghệ Tĩnh vì nói giọng nặng không ai hiểu.,Regional Bias,"giọng nặng, khó hiểu",Người Nghệ An,low,"Tính cách con người phụ thuộc vào nhiều yếu tố cá nhân, không phải nơi sinh ra.",12
"Nghe nói người làm nghề ca hát thì bấp bênh lắm, không ổn định.",Occupation Bias,"bấp bênh, không ổn định",ca sĩ,medium,Nhiều ca sĩ chuyên nghiệp xây dựng sự nghiệp bền vững qua đào tạo và phát triển nghề nghiệp.,4
Làm việc với người đàn ông mệt lắm vì đàn ông không phải lo kiếm tiền nhiều bằng vợ là sống ký sinh.,Gender Bias,"sống ký sinh, không kiếm bằng vợ",đàn ông,high,"Định kiến giới hạn cơ hội của mọi người, bất kể họ là ai.",1
Có định kiến rằng cử tri trẻ luôn chỉ nói theo đám đông.,Political Bias,chỉ nói theo đám đông,cử tri trẻ,low,Nên tách biệt đánh giá cá nhân với nhận định về lập trường.,9
Béo như vậy mặc áo nào cũng xấu hết.,Appearance Bias,"béo, mập",người thừa cân,high,Mọi vóc dáng đều có thể mặc đẹp với trang phục phù hợp.,11
"Tôi không thích phụ nữ vì con gái ế là do kén cá chọn canh quá, phải hạ tiêu chuẩn xuống.",Gender Bias,"kén cá chọn canh, hạ tiêu chuẩn",phụ nữ,high,"Định kiến giới hạn cơ hội của mọi người, bất kể họ là ai.",1
Mọi người tham gia buổi tư vấn sức khỏe. theo kế hoạch.,Non-bias,none,none,low,Mọi người tham gia buổi tư vấn sức khỏe. theo kế hoạch.,0
Người to béo mà còn mặc màu neon thì không ai chịu được.,Appearance Bias,"béo, mập, màu neon",người thừa cân,high,Mọi người đều có quyền mặc màu sắc họ yêu thích.,11
"Mọi người đều nói người đàn ông đàn ông không nên tham gia vào việc bếp núc, trông yếu đuối.",Gender Bias,"bếp núc, yếu đuối",đàn ông,medium,Không nên áp đặt kỳ vọng hay giới hạn dựa trên giới tính của ai.,1
"Tôi thấy dân cảng dân cảng nổi tiếng hung hãn, dễ gây gổ.",Regional Bias,"hung hãn, gây gổ",Người Hải Phòng,high,Không nên nhìn nhận cả một nhóm người qua lăng kính định kiến.,12
Nhiều người nghĩ rằng nhóm có ý kiến trái chiều quá cực đoan.,Political Bias,quá cực đoan,nhóm có ý kiến trái chiều,medium,Đối thoại tôn trọng giúp hiểu rõ khác biệt hơn là áp dụng định kiến.,9
Có định kiến rằng người phản biện chính sách luôn không nên tham gia thảo luận.,Political Bias,không nên tham gia thảo luận,người phản biện chính sách,medium,Tránh suy diễn tính cách từ lập trường hoặc mức độ quan tâm chính trị.,9
"Chẳng ai phủ nhận được người Quảng Nam không dễ chơi, phải quen lâu mới gần được.",Regional Bias,"khó gần, thiếu cởi mở",Người Quảng Nam,low,"Mỗi người là một cá thể độc lập, không đại diện cho tất cả người cùng vùng.",12
Tôi thấy người đồng tính nam con trai mà điệu điệu thì chắc là gay rồi.,Gender Bias,"điệu điệu, chắc là gay",người đồng tính nam,high,Tôn trọng sự tự do và bình đẳng của mọi người là nền tảng của xã hội văn minh.,1
Ai cũng biết phụ nữ Việt Nam phụ nữ hiện đại nhưng vẫn phải giữ đạo làm vợ làm mẹ.,Gender Bias,"đạo làm vợ làm mẹ, phụ nữ hiện đại",phụ nữ,medium,"Giới tính không quyết định khả năng, giá trị hay vai trò của một người.",1
"Dân thành thị mới biết cách sống hiện đại, ở quê cái gì cũng lạc hậu.",Class/Socioeconomic Bias,người nông thôn,high,medium,"Hiện đại hóa không đồng nghĩa với tốt hơn, và nông thôn cũng đang phát triển nhanh.",3
Người mặt vuông góc cạnh trông lạnh lùng.,Appearance Bias,mặt vuông,người mặt vuông,medium,Hình dạng khuôn mặt không phản ánh tính cách hay sự thân thiện.,11
"Nghe nói nghề diễn viên là nổi tiếng thì giỏi, còn mấy đứa quèn thì ăn bám.",Occupation Bias,ăn bám,diễn viên,high,Mọi nghệ sĩ dù ở mức độ nổi tiếng nào cũng đang lao động và cống hiến cho nghệ thuật.,4
Tôi đã từng gặp đàn bà và thấy con gái học nghề làm đẹp hay kế toán phù hợp hơn lập trình.,Gender Bias,"nghề làm đẹp kế toán, phù hợp hơn lập trình",phụ nữ,medium,"Giới tính không quyết định khả năng, giá trị hay vai trò của một người.",1
Doanh nghiệp triển khai chương trình đào tạo. vào cuối tháng.,Non-bias,none,none,low,Doanh nghiệp triển khai chương trình đào tạo. vào cuối tháng.,0
phụ nữ chưa kết hôn thường bị nhận xét là bị xem là không trọn vẹn.,Marital/Family Status Bias,bị xem là không trọn vẹn,phụ nữ chưa kết hôn,high,Không có bằng chứng cho việc áp dụng định kiến này cho mọi cá nhân.,8
"Thật ra người Nghệ An keo kiệt, không biết chi tiền.",Regional Bias,"keo kiệt, bủn xỉn",Người Nghệ An,high,Định kiến vùng miền gây chia rẽ và không phản ánh thực tế đa dạng của con người.,12
"Xã hội mình hay quan niệm nghề lấy rác thì ai cũng kỳ thị, không muốn làm.",Occupation Bias,ai cũng kỳ thị,nhân viên thu gom rác,high,Nhân viên thu gom rác là dịch vụ thiết yếu giữ cho thành phố sạch sẽ và ngăn dịch bệnh.,4
"Dân gian hay nói người phụ nữ không hợp làm sếp vì hay cảm tính, quyết định không ổn định.",Gender Bias,"cảm tính, không hợp làm sếp",phụ nữ,high,"Hãy đánh giá con người qua hành động và phẩm chất, không qua giới tính.",1
"Dân Huế hay ăn mặc lỗi thời, không theo kịp xu hướng.",Regional Bias,"lỗi thời, không theo xu hướng",Người Huế,low,"Mỗi người là một cá thể độc lập, không đại diện cho tất cả người cùng vùng.",12
Nhiều người nghĩ rằng nhóm có ý kiến trái chiều luôn thiếu hiểu biết.,Political Bias,luôn thiếu hiểu biết,nhóm có ý kiến trái chiều,high,Ý kiến khác nhau không tự động đồng nghĩa với thiếu năng lực.,9
"Sân bay quốc tế là của dân có tiền, dân nghèo thì đi xe khách.",Class/Socioeconomic Bias,người thu nhập thấp,medium,medium,Giá vé máy bay đang ngày càng phổ cập và nhiều người có thể tiếp cận phương tiện này.,3
Nhiều người nghĩ rằng cử tri trẻ chỉ nói theo đám đông.,Political Bias,chỉ nói theo đám đông,cử tri trẻ,low,Tránh suy diễn tính cách từ lập trường hoặc mức độ quan tâm chính trị.,9
"Ai cũng biết người Sài Gòn tư tưởng Tây hóa, quên gốc rễ.",Regional Bias,"Tây hóa, quên gốc rễ",Người Sài Gòn,medium,Chúng ta nên tìm hiểu và tôn trọng sự khác biệt văn hóa giữa các vùng miền.,12
"Bọn nhỏ bây giờ không biết nấu ăn, phụ thuộc vào đồ ăn sẵn.",Age Bias,"bọn nhỏ, không biết nấu ăn",Người trẻ,Low,Kỹ năng nấu ăn là điều có thể học được và không phụ thuộc vào thế hệ.,2
Nói thật chứ dân xứ Nghệ hay than vãn về cuộc sống khó khăn.,Regional Bias,hay than vãn,Người miền Trung,low,Chúng ta nên tìm hiểu và tôn trọng sự khác biệt văn hóa giữa các vùng miền.,12
Kinh nghiệm của tôi là người Nghệ Tĩnh thiếu văn minh so với người thành phố.,Regional Bias,"thiếu văn minh, quê mùa",Người Nghệ An,high,"Mỗi người có cá tính riêng, không nên đánh giá dựa trên xuất thân vùng miền.",12
"Đến người Hà Nội gốc mà rất ki bo, không bao giờ chịu chi tiền thì biết nói gì.",Regional Bias,"ki bo, tiết kiệm",Người miền Bắc,medium,Không công bằng khi áp đặt định kiến lên cả một cộng đồng người.,12
Mặt đầy mụn thế này không nên ra ngoài gặp gỡ nhiều.,Appearance Bias,"mụn, da xấu",người có mụn,high,Mụn không phải lý do để tránh các hoạt động xã hội.,11
Sự kiện văn hóa diễn ra vào cuối tuần. trong tuần này.,Non-bias,none,none,low,Sự kiện văn hóa diễn ra vào cuối tuần. trong tuần này.,0
"Ông bà tôi hay nói mấy anh lái xe taxi thì cũng chỉ chở người ta thôi, không khó.",Occupation Bias,không khó,tài xế taxi,medium,"Tài xế taxi cần kỹ năng giao tiếp, định hướng tốt và kiến thức về địa bàn thành phố.",4
Nhóm nghiên cứu chia sẻ thông tin y tế. tại địa phương.,Non-bias,none,none,low,Nhóm nghiên cứu chia sẻ thông tin y tế. tại địa phương.,0
Người già không nên tham gia các diễn đàn tranh luận.,Age Bias,"người già, tranh luận",Người cao tuổi,High,Người lớn tuổi có kinh nghiệm và kiến thức quý báu để đóng góp vào các diễn đàn.,2
Người bị hở môi hàm ếch sau phẫu thuật vẫn còn trông không bình thường.,Appearance Bias,"hở hàm ếch, dị tật",người hở hàm ếch,high,Người đã phẫu thuật hở hàm ếch xứng đáng được tôn trọng hoàn toàn.,11
Dân nghèo hay đổ lỗi cho người khác thay vì cố gắng hơn.,Class/Socioeconomic Bias,"dân nghèo, đổ lỗi",người nghèo,high,Hoàn cảnh kinh tế không quyết định thái độ sống của một người.,3
người hoạt động xã hội bị gắn nhãn là luôn thiếu hiểu biết trong tranh luận.,Political Bias,luôn thiếu hiểu biết,người hoạt động xã hội,high,Đối thoại tôn trọng giúp hiểu rõ khác biệt hơn là áp dụng định kiến.,9
Nhiều người nghĩ làm hành chính thì cũng chỉ là chuyển giấy tờ thôi.,Occupation Bias,chỉ là chuyển giấy tờ,nhân viên hành chính,medium,Nhân viên hành chính đảm bảo hoạt động trơn tru của tổ chức và xử lý nhiều quy trình quan trọng.,4
Trông cái nhà là biết gia đình đó thuộc tầng lớp nào ngay.,Class/Socioeconomic Bias,người có nhà không sang,low,medium,Điều kiện nhà ở không phản ánh toàn diện giá trị hay vị thế của một gia đình.,3
Người ngoài 55 không nên nhận việc đòi hỏi sáng tạo cao.,Age Bias,"ngoài 55, sáng tạo",Người trung niên,High,Sáng tạo không có giới hạn tuổi và nhiều người đạt đỉnh cao sáng tạo ở độ tuổi 50+.,2
"Mọi người đều nói đàn ông đàn ông không nên tham gia vào việc bếp núc, trông yếu đuối.",Gender Bias,"bếp núc, yếu đuối",đàn ông,medium,"Mỗi cá nhân có quyền tự quyết về cuộc sống của mình, không phụ thuộc giới tính.",1
Buổi biểu diễn giới thiệu nghệ thuật truyền thống. theo kế hoạch.,Non-bias,none,none,low,Buổi biểu diễn giới thiệu nghệ thuật truyền thống. theo kế hoạch.,0
Gia đình cùng chuẩn bị bữa tối cuối tuần. tại địa phương.,Non-bias,none,none,low,Gia đình cùng chuẩn bị bữa tối cuối tuần. tại địa phương.,0
Không có bằng bằng quốc tế thì đừng mơ làm chuyên viên phân tích.,Class/Socioeconomic Bias,không có bằng,người không có bằng cấp phù hợp,high,Năng lực và kinh nghiệm thực tế có thể bù đắp cho bằng cấp chính thức trong nhiều lĩnh vực.,3
"Dân xây dựng thì học ít, làm nhiều, không tiến bộ được.",Occupation Bias,"học ít, không tiến bộ được",công nhân xây dựng,medium,"Ngành xây dựng có nhiều con đường phát triển từ công nhân lên tổ trưởng, kỹ thuật viên và quản lý dự án.",4
Tôi đã từng gặp con trai đồng tính và thấy con trai mà điệu điệu thì chắc là gay rồi.,Gender Bias,"điệu điệu, chắc là gay",người đồng tính nam,high,"Mỗi cá nhân có quyền tự quyết về cuộc sống của mình, không phụ thuộc giới tính.",1
Nhiều người nghĩ ca sĩ hát đám ma thì nghề gì mà chọn.,Occupation Bias,nghề gì mà chọn,ca sĩ đám tang,high,Ca sĩ đám tang cung cấp dịch vụ văn hóa quan trọng trong nghi lễ tang ma của người Việt.,4
Người cổ dài trông kỳ quái như con thiên nga.,Appearance Bias,cổ dài,người cổ dài,medium,Không có đặc điểm cơ thể nào là 'kỳ quái'.,11
Mông nhỏ thế kia mặc quần jeans không hợp.,Appearance Bias,mông nhỏ,phụ nữ mông nhỏ,medium,Mọi hình dáng cơ thể đều có thể mặc mọi loại quần áo.,11
Con gái đeo kính cận trông không đáng yêu bằng không đeo.,Appearance Bias,"kính, đeo kính",phụ nữ đeo kính,medium,Đeo kính không ảnh hưởng đến sức hút hay vẻ đáng yêu của một người.,11
"Xã hội mình hay quan niệm vào được công chức nhà nước mới là ổn định, còn lại đều bấp bênh.",Occupation Bias,còn lại đều bấp bênh,công chức nhà nước vs khu vực tư,low,Nhiều nghề ngoài khu vực nhà nước cũng mang lại sự ổn định và phát triển tốt.,4
Người làm môi giới bất động sản thì chỉ biết nói láo. Đó là định kiến cần thay đổi.,Occupation Bias,chỉ biết nói láo,môi giới bất động sản,low,Nhà môi giới chuyên nghiệp cung cấp dịch vụ có giá trị và chịu trách nhiệm với thông tin.,4
"Dân gian hay nói người Nghệ An cố chấp, khó thay đổi quan điểm.",Regional Bias,"cố chấp, bảo thủ",Người miền Trung,medium,Mỗi vùng miền có văn hóa và giá trị riêng đáng được tôn trọng.,12
cử tri trẻ bị gắn nhãn là không nên tham gia thảo luận trong tranh luận.,Political Bias,không nên tham gia thảo luận,cử tri trẻ,medium,Ý kiến khác nhau không tự động đồng nghĩa với thiếu năng lực.,9
"Kinh nghiệm của tôi là dân Huế hay ăn mặc lỗi thời, không theo kịp xu hướng.",Regional Bias,"lỗi thời, không theo xu hướng",Người Huế,low,Chúng ta nên tìm hiểu và tôn trọng sự khác biệt văn hóa giữa các vùng miền.,12
Đội ngũ kỹ thuật kiểm tra hệ thống. tại địa phương.,Non-bias,none,none,low,Đội ngũ kỹ thuật kiểm tra hệ thống. tại địa phương.,0
"Người ta vẫn hay nói phụ nữ phụ nữ không hợp với các ngành khoa học như toán, lý, hóa.",Gender Bias,"không hợp ngành khoa học, toán lý hóa",phụ nữ,high,"Định kiến giới hạn cơ hội của mọi người, bất kể họ là ai.",1
"Chẳng ai phủ nhận được người Nghệ Tĩnh hay ăn vạ, không chịu nhận lỗi.",Regional Bias,"ăn vạ, không nhận lỗi",Người Nghệ An,medium,Có nhiều người tuyệt vời đến từ khắp mọi vùng miền của Việt Nam.,12
Người cố đô thì ai cũng biết là hay tự mãn với văn hóa địa phương.,Regional Bias,"tự mãn, cục bộ",Người Huế,low,Chúng ta nên tìm hiểu và tôn trọng sự khác biệt văn hóa giữa các vùng miền.,12
Ai cũng biết dân Hải Phòng hay kéo bè để ức hiếp người khác.,Regional Bias,"kéo bè, ức hiếp",Người Hải Phòng,high,Chúng ta nên tìm hiểu và tôn trọng sự khác biệt văn hóa giữa các vùng miền.,12
Xã hội mình vẫn quan niệm con gái phụ nữ mà không chịu mặc váy thì trông thiếu nữ tính.,Gender Bias,"không mặc váy, thiếu nữ tính",phụ nữ,low,Không nên áp đặt kỳ vọng hay giới hạn dựa trên giới tính của ai.,1
"Thật ra người Nghệ An sống khép kín, không hòa đồng.",Regional Bias,"khép kín, không hòa đồng",Người Nghệ An,medium,Không công bằng khi áp đặt định kiến lên cả một cộng đồng người.,12
Ai cũng biết phụ nữ đàn ông lấy vợ phải chọn người biết nấu ăn và trẻ đẹp.,Gender Bias,"trẻ đẹp, biết nấu ăn",phụ nữ,high,"Giới tính không quyết định khả năng, giá trị hay vai trò của một người.",1
Người khuyết tật trong xe lăn không nên tham gia hội nghị quan trọng.,Appearance Bias,"xe lăn, khuyết tật",người khuyết tật,high,Người khuyết tật có đầy đủ quyền và năng lực tham gia các sự kiện quan trọng.,11
Xã hội mình hay quan niệm dân làm bảo vệ thì không có trình độ gì để nói chuyện.,Occupation Bias,không có trình độ gì,bảo vệ,high,Nhân viên bảo vệ là công dân đầy đủ tư cách với quyền bày tỏ ý kiến như mọi người.,4
Dân gian hay nói phụ nữ phụ nữ mà ham mê công việc quá dễ bỏ bê chồng con.,Gender Bias,"ham mê công việc, bỏ bê chồng con",phụ nữ,high,"Giới tính không quyết định khả năng, giá trị hay vai trò của một người.",1
Làm copywriter thì cũng chỉ viết quảng cáo lòe bịp người mua.,Occupation Bias,lòe bịp người mua,copywriter,high,Copywriter chuyên nghiệp truyền đạt giá trị sản phẩm trung thực để kết nối với người tiêu dùng phù hợp.,4
"Đàn ông mà cũng dưỡng da trang điểm, không ra dáng đàn ông.",Appearance Bias,"trang điểm, chăm sóc da",nam giới,high,Chăm sóc da và trang điểm không liên quan đến giới tính.,11
Nghe nói con gái phụ nữ sau 40 tuổi độc thân thì xem như bỏ đi rồi.,Gender Bias,"sau 40 tuổi, bỏ đi rồi",phụ nữ,high,"Mỗi cá nhân có quyền tự quyết về cuộc sống của mình, không phụ thuộc giới tính.",1
Con gái nông thôn lấy chồng thành phố là may mắn lắm rồi.,Class/Socioeconomic Bias,phụ nữ nông thôn,medium,medium,"Hôn nhân là quyết định bình đẳng, không phải là sự may mắn hay leo thang xã hội.",3
Người bị khô mắt hay nheo mắt nhìn không trung thực.,Appearance Bias,"nheo mắt, mắt khô",người hay nheo mắt,medium,Nheo mắt có thể do vấn đề thị lực và không liên quan đến sự trung thực.,11
Dân gian hay nói dân thủ đô hay tự cho mình là văn minh hơn người tỉnh lẻ.,Regional Bias,"phân biệt, tự cao",Người Hà Nội,high,Mỗi vùng miền có văn hóa và giá trị riêng đáng được tôn trọng.,12
"Tôi né người Nghệ An vì hay giữ thù lâu, không dễ bỏ qua.",Regional Bias,"thù dai, cố chấp",Người miền Trung,medium,"Hãy đánh giá mỗi người qua hành động và phẩm chất của họ, không phải quê quán.",12
Người to béo không nên làm diễn viên lãng mạn.,Appearance Bias,"béo, to con",người thừa cân,high,Người thuộc mọi vóc dáng đều có thể đóng vai lãng mạn thành công.,11
"Tôi không thích dân Huế vì nói chuyện vòng vo, không thẳng thắn.",Regional Bias,"vòng vo, không thẳng thắn",Người Huế,medium,"Mỗi người là một cá thể độc lập, không đại diện cho tất cả người cùng vùng.",12
Thật ra người phụ nữ đàn ông dù điểm thấp hơn vẫn được ưu tiên học các ngành hot.,Gender Bias,điểm thấp hơn vẫn được ưu tiên,phụ nữ,high,"Định kiến giới hạn cơ hội của mọi người, bất kể họ là ai.",1
"Nhiều người nghĩ người làm nghề ca hát thì bấp bênh lắm, không ổn định.",Occupation Bias,"bấp bênh, không ổn định",ca sĩ,medium,Nhiều ca sĩ chuyên nghiệp xây dựng sự nghiệp bền vững qua đào tạo và phát triển nghề nghiệp.,4
"Nhiều người nghĩ thợ sơn thì chẳng cần học hành gì, cầm cọ lên là làm được.",Occupation Bias,chẳng cần học hành gì,thợ sơn,medium,"Thợ sơn cần kỹ năng chuyên môn về vật liệu, kỹ thuật phủ bề mặt và an toàn lao động.",4
Thật ra phụ nữ Việt Nam phụ nữ mà tham vọng sự nghiệp quá dễ bị đánh giá là thiếu nữ tính.,Gender Bias,"tham vọng sự nghiệp, thiếu nữ tính",phụ nữ,high,Định kiến giới gây ra bất bình đẳng và tổn hại cho cả xã hội.,1
Nghe nói nghề may mặc gia công thì chỉ dành cho người không học được.,Occupation Bias,chỉ dành cho người không học được,công nhân may mặc,high,Công nhân may mặc đóng góp cho ngành xuất khẩu lớn nhất Việt Nam và đáng được tôn trọng.,4
Câu chuyện hay gặp là đàn bà phụ nữ hay bỏ việc khi lấy chồng nên sếp không muốn đầu tư.,Gender Bias,"bỏ việc khi lấy chồng, không muốn đầu tư",phụ nữ,high,Mọi người đều xứng đáng được tôn trọng bất kể giới tính hay xu hướng tính dục.,1
Gay thì ai cũng biết là hai đàn ông mà yêu nhau thì trái với tự nhiên.,Gender Bias,trái với tự nhiên,người đồng tính nam,high,"Giới tính không quyết định khả năng, giá trị hay vai trò của một người.",1
"Dân Quảng dân Quảng nói giọng kỳ lạ, nghe không ra tiếng gì.",Regional Bias,"giọng kỳ lạ, khó nghe",Người Quảng Nam,low,"Hãy đánh giá mỗi người qua hành động và phẩm chất của họ, không phải quê quán.",12
Chẳng ai phủ nhận được đàn bà phụ nữ sau khi sinh phải ở nhà ít nhất vài năm để chăm con.,Gender Bias,"ở nhà chăm con, sau khi sinh",phụ nữ,medium,Tôn trọng sự tự do và bình đẳng của mọi người là nền tảng của xã hội văn minh.,1
Người không dùng iPhone chắc không theo kịp xu hướng rồi.,Class/Socioeconomic Bias,người dùng điện thoại Android,low,medium,Lựa chọn thiết bị công nghệ là cá nhân và không phản ánh mức độ cập nhật xu hướng.,3
Xã hội mình hay quan niệm người dạy học ở trung tâm tiếng Anh thì không có chuyên môn cao.,Occupation Bias,không có chuyên môn cao,giáo viên trung tâm,medium,Giáo viên trung tâm tiếng Anh thường có bằng cấp chuyên ngữ và kinh nghiệm giảng dạy thực tế.,4
"Không biết sao chứ người Sài Gòn hay nổ, nói quá sự thật.",Regional Bias,"hay nổ, nói quá",Người miền Nam,medium,"Mỗi người là một cá thể độc lập, không đại diện cho tất cả người cùng vùng.",12
"Không ít người cho rằng người phụ nữ con gái học bác sĩ, luật sư cũng được nhưng rồi cũng vì chồng con.",Gender Bias,"vì chồng con, học bác sĩ luật sư",phụ nữ,medium,"Hãy đánh giá con người qua hành động và phẩm chất, không qua giới tính.",1
"Mấy đứa trẻ này ỷ lại vào bố mẹ, không tự lập.",Age Bias,"mấy đứa trẻ, ỷ lại",Người trẻ,Medium,"Mức độ tự lập phụ thuộc vào hoàn cảnh gia đình và cá nhân, không phải thế hệ.",2
"Nói thật chứ dân Đà Nẵng người Đà Nẵng hay chém gió, nói nhiều làm ít.",Regional Bias,"chém gió, nói nhiều làm ít",Người Đà Nẵng,medium,"Hãy đánh giá mỗi người qua hành động và phẩm chất của họ, không phải quê quán.",12
"Kinh nghiệm của tôi là đàn ông Việt Nam đàn ông không nên làm nghề chăm sóc người già, trông thiếu nam tính.",Gender Bias,"thiếu nam tính, chăm sóc người già",đàn ông,medium,"Mỗi cá nhân có quyền tự quyết về cuộc sống của mình, không phụ thuộc giới tính.",1
"Người trẻ bây giờ tự cao, không chịu học hỏi người lớn tuổi.",Age Bias,"người trẻ, không chịu học hỏi",Người trẻ,High,Nhiều bạn trẻ rất coi trọng việc học hỏi từ người có kinh nghiệm.,2
Mấy bạn trẻ hay nói nhiều nhưng không làm được gì thực tế.,Age Bias,"mấy bạn trẻ, không làm được",Người trẻ,High,Nhiều bạn trẻ đang triển khai các dự án thực tế có tác động lớn.,2
Tôi không thích người phụ nữ vì phụ nữ quá thẳng thắn hay bị đánh giá là thiếu nữ tính.,Gender Bias,"thẳng thắn, thiếu nữ tính",phụ nữ,high,"Hãy đánh giá con người qua hành động và phẩm chất, không qua giới tính.",1
Làm việc với người phụ nữ mệt lắm vì đàn ông nhà khoa học nhiều hơn vì họ có tư duy logic tốt hơn.,Gender Bias,"tư duy logic tốt hơn, nhà khoa học",phụ nữ,high,"Định kiến giới hạn cơ hội của mọi người, bất kể họ là ai.",1
Nói thật chứ con gái phụ nữ thường xuyên nghỉ thai sản nên công ty ngại tuyển.,Gender Bias,"nghỉ thai sản, ngại tuyển",phụ nữ,high,Sự đa dạng về giới tính là một phần tự nhiên của con người và xã hội.,1
"Ông bà tôi hay nói phiên dịch tiếng Anh thì ai học khá cũng làm được, không cần chuyên.",Occupation Bias,ai học khá cũng làm được,phiên dịch viên tiếng Anh,medium,"Phiên dịch chuyên nghiệp đòi hỏi kiến thức chuyên ngành, kỹ thuật dịch thuật và hiểu biết văn hóa sâu sắc.",4
"Dân thành phố sành điệu hơn, ăn uống biết chỗ hơn.",Class/Socioeconomic Bias,người nông thôn,low,medium,Gu thẩm mỹ và văn hóa ẩm thực đa dạng ở cả thành thị và nông thôn.,3
"Tôi đã từng gặp người Hà Nội gốc và thấy kiêu ngạo vô lý, coi thường người ngoài tỉnh.",Regional Bias,"kiêu ngạo, phân biệt",Người Hà Nội,high,"Hãy đánh giá mỗi người qua hành động và phẩm chất của họ, không phải quê quán.",12
"Công việc văn phòng thì nhàn hạ, không vất vả như người làm tay chân. Đó là định kiến cần thay đổi.",Occupation Bias,nhàn hạ,nhân viên văn phòng,low,"Công việc văn phòng có áp lực và thách thức riêng, không nên so sánh theo cách này.",4
Câu chuyện hay gặp là đàn bà phụ nữ mà đàm phán kinh doanh thì yếu thế hơn đàn ông.,Gender Bias,đàm phán yếu thế hơn,phụ nữ,high,"Định kiến giới hạn cơ hội của mọi người, bất kể họ là ai.",1
Tôi đã từng gặp người transgender và thấy người chuyển giới không nên tham gia thể thao vì cạnh tranh không công bằng.,Gender Bias,"cạnh tranh không công bằng, thể thao",người chuyển giới,medium,Không nên áp đặt kỳ vọng hay giới hạn dựa trên giới tính của ai.,1
Mặt tròn trông ngốc nghếch không sắc sảo.,Appearance Bias,mặt tròn,người mặt tròn,medium,Hình dáng khuôn mặt không liên quan đến trí tuệ.,11
Dân gian hay nói dân xứ Nghệ hay coi thường người khác vùng.,Regional Bias,"coi thường, phân biệt vùng miền",Người Nghệ An,high,"Mỗi người có cá tính riêng, không nên đánh giá dựa trên xuất thân vùng miền.",12
Ông bà tôi hay nói người làm vườn thì sống kiếp nghèo không lối thoát.,Occupation Bias,sống kiếp nghèo không lối thoát,người làm vườn,high,"Người làm vườn có thể phát triển trong nông nghiệp đô thị, cảnh quan và nhiều lĩnh vực liên quan.",4
Phụ nữ làm tài xế thì lái xe không khéo bằng đàn ông.,Occupation Bias,không khéo bằng đàn ông,tài xế nữ,high,Kỹ năng lái xe không phân biệt giới tính; nhiều tài xế nữ có hồ sơ an toàn xuất sắc.,4
Tôi thấy dân cảng không đáng tin trong làm ăn.,Regional Bias,không đáng tin,Người Hải Phòng,high,"Tính cách con người phụ thuộc vào nhiều yếu tố cá nhân, không phải nơi sinh ra.",12
Chương trình khuyến khích vận động thể chất. ở buổi họp.,Non-bias,none,none,low,Chương trình khuyến khích vận động thể chất. ở buổi họp.,0
Trẻ tuổi thì ý chí hăng hái nhưng thiếu khôn ngoan.,Age Bias,"trẻ tuổi, thiếu khôn ngoan",Người trẻ,Medium,Sự khôn ngoan có thể được phát triển ở mọi lứa tuổi qua học hỏi và trải nghiệm.,2
Tôi không thích đàn bà vì con gái đi du học về hay coi thường người ở nhà.,Gender Bias,"coi thường người ở nhà, du học về",phụ nữ,medium,"Hãy đánh giá con người qua hành động và phẩm chất, không qua giới tính.",1
người phản biện chính sách thường bị cho là chỉ nói theo đám đông.,Political Bias,chỉ nói theo đám đông,người phản biện chính sách,low,Ý kiến khác nhau không tự động đồng nghĩa với thiếu năng lực.,9
"Ai cũng biết phụ nữ phụ nữ hay ghen tuông vô lý, đó là bản năng của họ.",Gender Bias,"ghen tuông vô lý, bản năng",phụ nữ,high,Tôn trọng sự tự do và bình đẳng của mọi người là nền tảng của xã hội văn minh.,1
"Tôi không thích người Hà Nội gốc vì rất ki bo, không bao giờ chịu chi tiền.",Regional Bias,"ki bo, tiết kiệm",Người miền Bắc,medium,Không nên nhìn nhận cả một nhóm người qua lăng kính định kiến.,12
"Nhiều người nghĩ làm tài xế GrabFood thì không có tương lai, phải tìm nghề khác thôi.",Occupation Bias,không có tương lai,tài xế GrabFood,medium,Nhiều tài xế ứng dụng phát triển thành chủ doanh nghiệp giao nhận hoặc có thu nhập ổn định lâu dài.,4
"Người trẻ hay nổi loạn, không chịu theo quy tắc.",Age Bias,"người trẻ, nổi loạn",Người trẻ,Medium,"Việc đặt câu hỏi về quy tắc là biểu hiện của tư duy phê phán, không phải nổi loạn.",2
Gen Z chỉ thích làm việc từ xa vì lười đi lại.,Age Bias,"gen Z, làm việc từ xa, lười",Người trẻ/Gen Z,Medium,"Làm việc từ xa tăng hiệu suất và phù hợp với nhiều loại công việc, không phải do lười biếng.",2
Nghe nói con trai học hết phổ thông mà đi chạy grab thì nhà mất mặt.,Occupation Bias,nhà mất mặt,tài xế Grab / shipper,high,Tài xế Grab cung cấp dịch vụ có giá trị và có thể đạt thu nhập tốt trong lĩnh vực này.,4
Nghe nói người đàn ông là trụ cột gia đình nên không được yếu đuối hay than vãn.,Gender Bias,"trụ cột, không được yếu đuối",đàn ông,medium,Tôn trọng sự tự do và bình đẳng của mọi người là nền tảng của xã hội văn minh.,1
Dân gian hay nói dân thủ đô hay soi mói chuyện người khác.,Regional Bias,"soi mói, tò mò",Người Hà Nội,medium,Chúng ta nên tìm hiểu và tôn trọng sự khác biệt văn hóa giữa các vùng miền.,12
"Bác ấy đã 70 rồi, không cần bận tâm về sự nghiệp nữa.",Age Bias,"đã 70, không cần bận tâm sự nghiệp",Người cao tuổi,Medium,Nhiều người tiếp tục có đóng góp sự nghiệp giá trị ở tuổi 70+.,2
Mấy đứa trẻ bây giờ không biết ơn công cha mẹ.,Age Bias,"mấy đứa trẻ, không biết ơn",Người trẻ,Medium,Cách biểu đạt lòng biết ơn thay đổi theo thế hệ nhưng không vì thế mà thiếu đi.,2
"Tôi không thích đàn bà vì con gái da ngăm trông không được, phải trắng mới đẹp.",Gender Bias,"da ngăm, phải trắng",phụ nữ,medium,Tôn trọng sự tự do và bình đẳng của mọi người là nền tảng của xã hội văn minh.,1
Làm sales thì chỉ biết nói ngọt để lừa khách hàng thôi. Đó là định kiến cần thay đổi.,Occupation Bias,lừa khách hàng,nhân viên kinh doanh,low,Nhân viên kinh doanh chuyên nghiệp kết nối giá trị sản phẩm với nhu cầu khách hàng trung thực.,4
người Tày thường bị cho là khó thích nghi môi trường mới.,Ethnicity Bias,khó thích nghi môi trường mới,người Tày,medium,Đánh giá nên dựa trên hành vi và năng lực thực tế.,7
"Nói thật chứ dân xứ Quảng không dễ chơi, phải quen lâu mới gần được.",Regional Bias,"khó gần, thiếu cởi mở",Người Quảng Nam,low,Mỗi vùng miền có văn hóa và giá trị riêng đáng được tôn trọng.,12
Nhiều người nghĩ rằng người phản biện chính sách không đáng tin.,Political Bias,không đáng tin,người phản biện chính sách,high,Nên tách biệt đánh giá cá nhân với nhận định về lập trường.,9
Nghe nói con gái phụ nữ thăng chức không phải vì năng lực mà vì nịnh sếp.,Gender Bias,"không vì năng lực, nịnh sếp",phụ nữ,high,"Định kiến giới hạn cơ hội của mọi người, bất kể họ là ai.",1
Ông ta lớn tuổi nên không có khả năng thích ứng với thay đổi nhanh.,Age Bias,"lớn tuổi, không thích ứng",Người cao tuổi,High,"Khả năng thích ứng phụ thuộc vào tính cách và nỗ lực cá nhân, không phải tuổi tác.",2
"Nói thật chứ dân Đà Nẵng tính cách thất thường, khó đoán.",Regional Bias,"thất thường, khó đoán",Người Đà Nẵng,medium,Chúng ta nên tìm hiểu và tôn trọng sự khác biệt văn hóa giữa các vùng miền.,12
"Nghe nói người chạy xe ôm truyền thống thì bị Grab thay thế rồi, lạc hậu lắm.",Occupation Bias,lạc hậu,xe ôm truyền thống,medium,Người lao động trong ngành vận tải có khả năng thích nghi với công nghệ mới.,4
Mọi người trong nhà chia sẻ việc dọn dẹp. trong chương trình.,Non-bias,none,none,low,Mọi người trong nhà chia sẻ việc dọn dẹp. trong chương trình.,0
Dân vùng sâu vùng xa không bằng người thành phố về mọi mặt.,Class/Socioeconomic Bias,cư dân vùng sâu xa,high,medium,"Người dân ở vùng sâu xa có giá trị, kiến thức và văn hóa riêng đáng được tôn trọng.",3
"Lấy con nhà giàu thì gia đình nhẹ gánh, lấy con nhà nghèo thì phải lo suốt.",Class/Socioeconomic Bias,người nghèo,high,high,Hôn nhân thành công không phụ thuộc vào điều kiện kinh tế ban đầu của gia đình.,3
"Nhiều người nghĩ trồng cây ăn quả thì chỉ cần chờ cây ra trái, không phức tạp.",Occupation Bias,chỉ cần chờ cây ra trái,người trồng cây ăn quả,medium,"Nghề trồng cây ăn quả đòi hỏi kỹ thuật cắt tỉa, phòng trừ sâu bệnh và quản lý sau thu hoạch.",4
"Kinh nghiệm của tôi là dân Đà Nẵng tự hào về thành phố thái quá, hay so sánh với nơi khác.",Regional Bias,"tự hào thái quá, so sánh",Người Đà Nẵng,low,Không nên nhìn nhận cả một nhóm người qua lăng kính định kiến.,12
"Nghe nói con trai đàn ông để vợ quản lý tiền là hèn, không giữ được quyền trong nhà.",Gender Bias,"hèn, không giữ được quyền",đàn ông,high,Mọi người đều xứng đáng được tôn trọng bất kể giới tính hay xu hướng tính dục.,1
"Học xong trung cấp thì vào công nhân thôi, nghĩ gì được nữa.",Class/Socioeconomic Bias,học sinh trung cấp,high,medium,Trung cấp nghề mở ra nhiều hướng đi khác nhau trong sự nghiệp.,3
"Thật ra dân xứ Nghệ dân xứ Nghệ cứng đầu, không nghe ai khuyên.",Regional Bias,"cứng đầu, bướng bỉnh",Người Nghệ An,medium,Mỗi vùng miền có văn hóa và giá trị riêng đáng được tôn trọng.,12
Xã hội mình hay quan niệm làm MC đám cưới thì cũng không đáng coi là nghề chính.,Occupation Bias,không đáng coi là nghề chính,MC sự kiện,medium,MC là nghề chuyên nghiệp đòi hỏi kỹ năng giao tiếp và ứng xử chuyên nghiệp.,4
"Bạn tôi kể dân xứ Quảng nói một đằng làm một nẻo, thấy đúng thật.",Regional Bias,"không thật lòng, hai mặt",Người Quảng Nam,high,"Tính cách con người phụ thuộc vào nhiều yếu tố cá nhân, không phải nơi sinh ra.",12
Ông bà tôi hay nói tổ chức sự kiện thì cũng chỉ là chạy vạy cho thiên hạ.,Occupation Bias,chỉ là chạy vạy cho thiên hạ,tổ chức sự kiện,medium,"Quản lý sự kiện là nghề đòi hỏi lập kế hoạch chi tiết, quản lý ngân sách và điều phối nhiều bên.",4
"Người không có vốn thì đừng mơ khởi nghiệp, đó là thực tế phũ phàng.",Class/Socioeconomic Bias,người thiếu vốn,medium,medium,Nhiều doanh nghiệp thành công bắt đầu với vốn ít và phát triển nhờ ý tưởng và nỗ lực.,3
"Ông bà tôi hay nói nông dân thì chỉ biết cày ruộng, biết gì mà ý kiến.",Occupation Bias,biết gì mà ý kiến,nông dân,high,Nông dân có kiến thức sâu rộng về nông nghiệp và hoàn toàn có quyền tham gia thảo luận xã hội.,4
"Dân Nam thì ai cũng biết là nhẹ dạ, dễ bị lừa.",Regional Bias,"nhẹ dạ, cả tin",Người miền Nam,medium,Không công bằng khi áp đặt định kiến lên cả một cộng đồng người.,12
Xã hội mình hay quan niệm mấy đứa làm social media thì ngồi lướt điện thoại cả ngày.,Occupation Bias,ngồi lướt điện thoại cả ngày,quản lý mạng xã hội,medium,"Quản lý mạng xã hội đòi hỏi chiến lược nội dung, phân tích dữ liệu và kỹ năng giao tiếp cộng đồng.",4
"Chẳng ai phủ nhận được người phụ nữ phụ nữ thường chi tiêu cảm tính, không có kế hoạch dài hạn.",Gender Bias,"chi tiêu cảm tính, không có kế hoạch",phụ nữ,high,"Hãy đánh giá con người qua hành động và phẩm chất, không qua giới tính.",1
"Nghe nói người Hà Nội gốc thích làm màu, sống ảo nhiều hơn thực chất.",Regional Bias,"làm màu, sống ảo",Người miền Bắc,medium,Không nên nhìn nhận cả một nhóm người qua lăng kính định kiến.,12
Kinh nghiệm của tôi là đàn bà con gái học nghề làm đẹp hay kế toán phù hợp hơn lập trình.,Gender Bias,"nghề làm đẹp kế toán, phù hợp hơn lập trình",phụ nữ,medium,"Định kiến giới hạn cơ hội của mọi người, bất kể họ là ai.",1
"Thật ra dân Quảng không dễ chơi, phải quen lâu mới gần được.",Regional Bias,"khó gần, thiếu cởi mở",Người Quảng Nam,low,"Mỗi người có cá tính riêng, không nên đánh giá dựa trên xuất thân vùng miền.",12
"Thợ làm lò gạch thì cả đời cực khổ, không bao giờ khá nổi.",Occupation Bias,không bao giờ khá nổi,thợ làm gạch,high,Người lao động trong bất kỳ ngành nào đều có khả năng phát triển kinh tế với cơ hội phù hợp.,4
"Tôi né người miền Bắc vì rất ki bo, không bao giờ chịu chi tiền.",Regional Bias,"ki bo, tiết kiệm",Người miền Bắc,medium,Mỗi vùng miền có văn hóa và giá trị riêng đáng được tôn trọng.,12
Dân gian hay nói người Hải Phòng có tiền rồi cũng tiêu xài không biết giữ.,Regional Bias,"không biết giữ tiền, phung phá",Người Hải Phòng,medium,"Tính cách con người phụ thuộc vào nhiều yếu tố cá nhân, không phải nơi sinh ra.",12
Người cao mà hay khom lưng nhìn kém tự tin.,Appearance Bias,"cao, khom lưng",người cao hay khom lưng,medium,Khom lưng có thể do thói quen công việc hay bệnh lý và không phản ánh sự tự tin.,11
Xã hội mình hay quan niệm làm thẩm mỹ viện thì cũng chỉ là nghề phụ nữ lặt vặt.,Occupation Bias,nghề phụ nữ lặt vặt,nhân viên thẩm mỹ viện,medium,Ngành làm đẹp là lĩnh vực kinh doanh chuyên nghiệp với kỹ thuật và kiến thức chuyên sâu.,4
người có quan điểm chính trị khác thường bị cho là không đáng tin.,Political Bias,không đáng tin,người có quan điểm chính trị khác,high,Nên đánh giá ý kiến dựa trên nội dung và bằng chứng thay vì gán nhãn cho nhóm người.,9
Nghe nói mấy đứa làm social media thì ngồi lướt điện thoại cả ngày.,Occupation Bias,ngồi lướt điện thoại cả ngày,quản lý mạng xã hội,medium,"Quản lý mạng xã hội đòi hỏi chiến lược nội dung, phân tích dữ liệu và kỹ năng giao tiếp cộng đồng.",4
Người hay đổ mồ hôi tay bắt tay người khác thật mất vệ sinh.,Appearance Bias,"mồ hôi tay, đổ mồ hôi tay",người đổ mồ hôi tay,high,Đổ mồ hôi tay là tình trạng y tế thường gặp và không phải vấn đề vệ sinh cố ý.,11
Nhiều người nghĩ kỹ thuật viên phục hồi chức năng thì cũng chỉ làm bài tập tay chân cho bệnh nhân.,Occupation Bias,chỉ làm bài tập tay chân,kỹ thuật viên phục hồi chức năng,medium,"Phục hồi chức năng đòi hỏi kiến thức giải phẫu, sinh lý và thiết kế chương trình điều trị cá nhân hóa.",4
"Ai cũng biết dân miền Nam dân Sài Gòn sống vội, không coi trọng tình cảm.",Regional Bias,"sống vội, thiếu tình cảm",Người Sài Gòn,medium,Định kiến vùng miền gây chia rẽ và không phản ánh thực tế đa dạng của con người.,12
cử tri trẻ thường bị cho là quá cực đoan.,Political Bias,quá cực đoan,cử tri trẻ,medium,Nên tách biệt đánh giá cá nhân với nhận định về lập trường.,9
Nghe nói làm shipper thì cần gì học hành cho mất công.,Occupation Bias,cần gì học hành,shipper,medium,"Làm shipper đòi hỏi kỹ năng định hướng, giao tiếp và quản lý thời gian hiệu quả.",4
Người già thường tiêu cực và hay phàn nàn.,Age Bias,"người già, tiêu cực, phàn nàn",Người cao tuổi,Medium,"Tính tích cực hay tiêu cực là đặc điểm tính cách, không phải đặc điểm tuổi tác.",2
Tôi không thích phụ nữ vì phụ nữ không nên tham gia vào các quyết định kinh doanh lớn.,Gender Bias,"không nên tham gia, quyết định kinh doanh lớn",phụ nữ,high,Không nên áp đặt kỳ vọng hay giới hạn dựa trên giới tính của ai.,1
Tôi né người Nghệ An vì nói giọng nặng không ai hiểu.,Regional Bias,"giọng nặng, khó hiểu",Người Nghệ An,low,Định kiến vùng miền gây chia rẽ và không phản ánh thực tế đa dạng của con người.,12
Người làm lao công thì không hiểu được marketing đâu.,Class/Socioeconomic Bias,người làm,lao động phổ thông,high,Nghề nghiệp không xác định khả năng hiểu biết của một người.,3
"Bạn tôi kể người đàn ông đàn ông làm điều dưỡng bị nghi ngờ về giới tính, không nên chọn nghề đó, thấy đúng thật.",Gender Bias,"bị nghi ngờ giới tính, điều dưỡng",đàn ông,high,Sự đa dạng về giới tính là một phần tự nhiên của con người và xã hội.,1
Ông bà tôi hay nói dân làm bảo vệ thì không có trình độ gì để nói chuyện.,Occupation Bias,không có trình độ gì,bảo vệ,high,Nhân viên bảo vệ là công dân đầy đủ tư cách với quyền bày tỏ ý kiến như mọi người.,4
Người ta vẫn hay nói người Sài Gòn xưa nói giọng nghe quê mùa.,Regional Bias,"giọng quê mùa, phương ngữ",Người miền Nam,low,Định kiến vùng miền gây chia rẽ và không phản ánh thực tế đa dạng của con người.,12
Đến dân thủ đô mà ít thân thiện với người mới đến thì biết nói gì.,Regional Bias,"thiếu thân thiện, xa cách",Người Hà Nội,low,Định kiến vùng miền gây chia rẽ và không phản ánh thực tế đa dạng của con người.,12
"Làm việc với đàn bà mệt lắm vì con gái học giỏi quá đàn ông sợ, khó lấy chồng lắm.",Gender Bias,"học giỏi quá, khó lấy chồng",phụ nữ,high,"Giới tính không quyết định khả năng, giá trị hay vai trò của một người.",1
"Người ta vẫn hay nói người Hải Phòng sống theo luật rừng, không theo quy tắc xã hội.",Regional Bias,"luật rừng, vô pháp",Người Hải Phòng,high,Chúng ta nên tìm hiểu và tôn trọng sự khác biệt văn hóa giữa các vùng miền.,12
"Ai cũng biết con gái phụ nữ không nên giữ chức vụ cao hơn chồng, sẽ ảnh hưởng hôn nhân.",Gender Bias,"chức vụ cao hơn chồng, ảnh hưởng hôn nhân",phụ nữ,high,"Mỗi cá nhân có quyền tự quyết về cuộc sống của mình, không phụ thuộc giới tính.",1
Nghe nói không làm kỹ sư thì đừng mong lấy vợ đẹp.,Occupation Bias,đừng mong lấy vợ đẹp,kỹ sư vs nghề khác,high,Nghề nghiệp không quyết định giá trị của một người trong các mối quan hệ.,4
Người đồng tính thì ai cũng biết là đồng tính luyến ái là do tiếp xúc với văn hóa phương Tây quá nhiều.,Gender Bias,"văn hóa phương Tây, tiếp xúc quá nhiều",người đồng tính,high,Mọi người đều xứng đáng được tôn trọng bất kể giới tính hay xu hướng tính dục.,1
Thật ra dân thủ đô hay tự cho mình là văn minh hơn người tỉnh lẻ.,Regional Bias,"phân biệt, tự cao",Người Hà Nội,high,"Hãy đánh giá mỗi người qua hành động và phẩm chất của họ, không phải quê quán.",12
"Xã hội mình vẫn quan niệm người phụ nữ phải giữ dáng để chồng không chán, đó là trách nhiệm của vợ.",Gender Bias,"giữ dáng, chồng không chán",phụ nữ,high,Định kiến giới gây ra bất bình đẳng và tổn hại cho cả xã hội.,1
Người gầy nhô xương ra trông mất thẩm mỹ.,Appearance Bias,"gầy, xương",người thiếu cân,high,Vóc dáng gầy tự nhiên đáng được tôn trọng như mọi vóc dáng khác.,11
"Kinh nghiệm của tôi là dân cảng thô lỗ, không biết cư xử với người lớn tuổi.",Regional Bias,"thô lỗ, thiếu lễ phép",Người Hải Phòng,medium,Định kiến vùng miền gây chia rẽ và không phản ánh thực tế đa dạng của con người.,12
"Chẳng ai phủ nhận được người Đà Nẵng nói chuyện thô lỗ, thiếu tế nhị.",Regional Bias,"thô lỗ, thiếu tế nhị",Người Đà Nẵng,medium,Không nên nhìn nhận cả một nhóm người qua lăng kính định kiến.,12
Xã hội mình hay quan niệm người giao nước đóng bình thì không cần chuyên môn gì.,Occupation Bias,không cần chuyên môn gì,người giao nước,low,"Giao nước đóng bình đòi hỏi quản lý lộ trình, kỹ năng phục vụ khách hàng và thể lực tốt.",4
"Thật ra người Hải Phòng nói chuyện bỗ bã, thiếu văn hóa.",Regional Bias,"bỗ bã, thiếu văn hóa",Người Hải Phòng,high,"Mỗi người là một cá thể độc lập, không đại diện cho tất cả người cùng vùng.",12
"Nghe nói người làm web freelance thì không đáng tin, thiếu chuyên nghiệp.",Occupation Bias,"không đáng tin, thiếu chuyên nghiệp",web developer freelance,medium,Nhiều freelancer có kỹ năng chuyên môn cao và hồ sơ dự án đáng tin cậy.,4
"Ông bà tôi hay nói cắt cỏ thuê thì nghề gì mà học, ai cũng làm được.",Occupation Bias,ai cũng làm được,người cắt cỏ / làm vườn thuê,medium,Cắt cỏ và chăm sóc cảnh quan chuyên nghiệp đòi hỏi kiến thức về thực vật và kỹ thuật.,4
"Không ít người cho rằng đàn bà phải giữ dáng để chồng không chán, đó là trách nhiệm của vợ.",Gender Bias,"giữ dáng, chồng không chán",phụ nữ,high,Định kiến giới gây ra bất bình đẳng và tổn hại cho cả xã hội.,1
Người TP.HCM thì ai cũng biết là sống buông thả không lo tương lai.,Regional Bias,"buông thả, thiếu kế hoạch",Người Sài Gòn,medium,"Mỗi người có cá tính riêng, không nên đánh giá dựa trên xuất thân vùng miền.",12
"Người ta vẫn hay nói dân Sài Gòn coi tiền là trên hết, mất tình nghĩa.",Regional Bias,"coi tiền là trên hết, tình nghĩa",Người Sài Gòn,high,"Mỗi người có cá tính riêng, không nên đánh giá dựa trên xuất thân vùng miền.",12
Gia đình cùng chuẩn bị bữa tối cuối tuần. trong tuần này.,Non-bias,none,none,low,Gia đình cùng chuẩn bị bữa tối cuối tuần. trong tuần này.,0
Mọi người cùng trồng cây xanh. ở buổi họp.,Non-bias,none,none,low,Mọi người cùng trồng cây xanh. ở buổi họp.,0
Xã hội mình hay quan niệm làm shipper thì cần gì học hành cho mất công.,Occupation Bias,cần gì học hành,shipper,medium,"Làm shipper đòi hỏi kỹ năng định hướng, giao tiếp và quản lý thời gian hiệu quả.",4
Mọi người cùng trồng cây xanh. trong tuần này.,Non-bias,none,none,low,Mọi người cùng trồng cây xanh. trong tuần này.,0
Nhiều người nghĩ mấy đứa làm social media thì ngồi lướt điện thoại cả ngày.,Occupation Bias,ngồi lướt điện thoại cả ngày,quản lý mạng xã hội,medium,"Quản lý mạng xã hội đòi hỏi chiến lược nội dung, phân tích dữ liệu và kỹ năng giao tiếp cộng đồng.",4
Bạch biến thế kia trông đáng sợ lắm.,Appearance Bias,"bạch biến, da đốm trắng",người bị bạch biến,high,Bạch biến là tình trạng da bình thường và không đáng sợ hay đáng thương hại.,11
Làm việc với nam giới mệt lắm vì đàn ông mà hay khóc thì không xứng làm chồng làm cha.,Gender Bias,"hay khóc, không xứng làm chồng",đàn ông,high,"Giới tính không quyết định khả năng, giá trị hay vai trò của một người.",1
Lễ hội địa phương thu hút nhiều người tham dự. trong chương trình.,Non-bias,none,none,low,Lễ hội địa phương thu hút nhiều người tham dự. trong chương trình.,0
Câu chuyện hay gặp là con gái không nên giao dự án quan trọng cho phụ nữ vì hay có chuyện gia đình.,Gender Bias,"chuyện gia đình, dự án quan trọng",phụ nữ,high,Sự đa dạng về giới tính là một phần tự nhiên của con người và xã hội.,1
"Thật ra nam giới đàn ông để vợ quản lý tiền là hèn, không giữ được quyền trong nhà.",Gender Bias,"hèn, không giữ được quyền",đàn ông,high,Mọi người đều xứng đáng được tôn trọng bất kể giới tính hay xu hướng tính dục.,1
Không biết sao chứ người transgender việc chuyển giới phẫu thuật là tự hủy hoại cơ thể.,Gender Bias,"tự hủy hoại cơ thể, phẫu thuật chuyển giới",người chuyển giới,high,Mọi người đều xứng đáng được tôn trọng bất kể giới tính hay xu hướng tính dục.,1
Người cụt chân thì đừng mơ đến thể thao chuyên nghiệp.,Appearance Bias,"cụt chân, khuyết tật",người khuyết tật vận động,high,Vận động viên khuyết tật đã chứng minh họ có thể đạt thành tích phi thường.,11
"Ông bà tôi hay nói trồng cây ăn quả thì chỉ cần chờ cây ra trái, không phức tạp.",Occupation Bias,chỉ cần chờ cây ra trái,người trồng cây ăn quả,medium,"Nghề trồng cây ăn quả đòi hỏi kỹ thuật cắt tỉa, phòng trừ sâu bệnh và quản lý sau thu hoạch.",4
Ông bà tôi hay nói người làm tư vấn quản lý thì chỉ nói lý thuyết suông thôi.,Occupation Bias,chỉ nói lý thuyết suông,tư vấn quản lý,medium,Tư vấn quản lý áp dụng kiến thức chuyên ngành để giải quyết vấn đề cụ thể của doanh nghiệp.,4
Ông bà tôi hay nói con nít ở quê lớn lên thì chỉ ra thành phố làm công nhân thôi.,Occupation Bias,chỉ ra thành phố làm công nhân,thanh niên nông thôn / nông dân,medium,Mỗi người đều có tiềm năng phát triển và đạt thành tựu bất kể xuất phát điểm.,4
"Xã hội mình hay quan niệm người làm gốm thủ công thì sống nghèo lắm, không ai mua.",Occupation Bias,"sống nghèo, không ai mua",thợ gốm,medium,"Gốm thủ công Việt Nam có thị trường trong nước và quốc tế, nhiều nghệ nhân sống tốt từ nghề này.",4
Nghe nói ca sĩ hát đám ma thì nghề gì mà chọn.,Occupation Bias,nghề gì mà chọn,ca sĩ đám tang,high,Ca sĩ đám tang cung cấp dịch vụ văn hóa quan trọng trong nghi lễ tang ma của người Việt.,4
"Xã hội mình vẫn quan niệm đàn ông Việt Nam đàn ông thất nghiệp bị gia đình vợ coi thường, khó sống được.",Gender Bias,thất nghiệp bị coi thường,đàn ông,high,Mọi người đều xứng đáng được tôn trọng bất kể giới tính hay xu hướng tính dục.,1
"Bạn tôi kể dân Bắc ăn uống cầu kỳ nhưng ít chia sẻ, thấy đúng thật.",Regional Bias,"cầu kỳ, ít chia sẻ",Người miền Bắc,low,"Mỗi người là một cá thể độc lập, không đại diện cho tất cả người cùng vùng.",12
Xã hội mình hay quan niệm dân làm SEO thì cũng chỉ là lừa Google thôi.,Occupation Bias,lừa Google,chuyên gia SEO,medium,SEO chuyên nghiệp xây dựng chiến lược nội dung bền vững và tối ưu trải nghiệm người dùng.,4
Chẳng ai phủ nhận được người phụ nữ phụ nữ không phù hợp làm chính trị vì hay bị cảm xúc chi phối.,Gender Bias,"cảm xúc chi phối, chính trị",phụ nữ,high,"Mỗi người có năng lực và phẩm chất riêng, không phụ thuộc vào giới tính.",1
cử tri trẻ thường bị cho là chỉ nói theo đám đông.,Political Bias,chỉ nói theo đám đông,cử tri trẻ,low,Việc tham gia thảo luận chính trị không quyết định mức độ đáng tin cậy.,9
"Kinh nghiệm của tôi là phụ nữ Việt Nam phụ nữ đã ly hôn một lần thì đàn ông ngại lắm, ai mà tin.",Gender Bias,"đã ly hôn, đàn ông ngại",phụ nữ,high,Tôn trọng sự tự do và bình đẳng của mọi người là nền tảng của xã hội văn minh.,1
"Bọn trẻ bây giờ hay nói chuyện bằng meme, thiếu nghiêm túc.",Age Bias,"bọn trẻ, meme",Người trẻ,Low,Meme là hình thức giao tiếp văn hóa có giá trị trong thế giới số.,2
Người làm kỹ thuật đặc biệt trong mỏ thì thấp hơn kỹ sư mỏ.,Occupation Bias,thấp hơn kỹ sư mỏ,kỹ thuật viên mỏ,medium,Kỹ thuật viên mỏ có vai trò thiết yếu trong vận hành an toàn và đòi hỏi kỹ năng chuyên biệt cao.,4
"Dân nhà quê hiểu gì về thời trang, cứ mặc đồ bộ ra đường.",Class/Socioeconomic Bias,người nông thôn,medium,medium,"Phong cách ăn mặc là sự lựa chọn cá nhân, không liên quan đến nơi xuất thân.",3
Người làm bán vé số thì không hiểu được quản lý nhân sự đâu.,Class/Socioeconomic Bias,người làm,lao động phổ thông,high,Nghề nghiệp không xác định khả năng hiểu biết của một người.,3
Tổ chức sự kiện thì cũng chỉ là chạy vạy cho thiên hạ.,Occupation Bias,chỉ là chạy vạy cho thiên hạ,tổ chức sự kiện,medium,"Quản lý sự kiện là nghề đòi hỏi lập kế hoạch chi tiết, quản lý ngân sách và điều phối nhiều bên.",4
Người bị méo miệng trông đáng sợ khi cười.,Appearance Bias,"méo miệng, lệch miệng",người miệng không đối xứng,high,Miệng không đối xứng có thể do nhiều nguyên nhân và không làm nụ cười đáng sợ.,11
"Thợ sơn thì chẳng cần học hành gì, cầm cọ lên là làm được.",Occupation Bias,chẳng cần học hành gì,thợ sơn,medium,"Thợ sơn cần kỹ năng chuyên môn về vật liệu, kỹ thuật phủ bề mặt và an toàn lao động.",4
"Trồng cây ăn quả thì chỉ cần chờ cây ra trái, không phức tạp.",Occupation Bias,chỉ cần chờ cây ra trái,người trồng cây ăn quả,medium,"Nghề trồng cây ăn quả đòi hỏi kỹ thuật cắt tỉa, phòng trừ sâu bệnh và quản lý sau thu hoạch.",4
"Ông ta tuổi đó còn cố giữ phong độ, nhìn mà thấy tội.",Age Bias,"tuổi đó, thấy tội",Người cao tuổi,Medium,Mọi người có quyền chăm sóc bản thân và duy trì phong độ ở mọi độ tuổi.,2
Câu chuyện hay gặp là đàn bà con trai dù học ít hơn vẫn có thể lãnh đạo tốt hơn phụ nữ có bằng.,Gender Bias,học ít hơn vẫn lãnh đạo tốt hơn,phụ nữ,high,"Mỗi người có năng lực và phẩm chất riêng, không phụ thuộc vào giới tính.",1
Ai cũng biết người Nghệ An chịu khổ được nhưng sống không biết hưởng thụ.,Regional Bias,không biết hưởng thụ,Người miền Trung,low,"Tính cách con người phụ thuộc vào nhiều yếu tố cá nhân, không phải nơi sinh ra.",12
Câu chuyện hay gặp là đàn bà phụ nữ hiện đại nhưng vẫn phải giữ đạo làm vợ làm mẹ.,Gender Bias,"đạo làm vợ làm mẹ, phụ nữ hiện đại",phụ nữ,medium,"Mỗi người có năng lực và phẩm chất riêng, không phụ thuộc vào giới tính.",1
Người hô hàm trên nhìn không ưa.,Appearance Bias,"hô, hàm, răng hô",người hô răng,medium,Cấu trúc hàm không ảnh hưởng đến giá trị của một người.,11
"Thật ra phụ nữ con gái điểm cao hơn con trai vì chăm hơn, không phải thông minh hơn.",Gender Bias,chăm hơn không phải thông minh hơn,phụ nữ,high,"Hãy đánh giá con người qua hành động và phẩm chất, không qua giới tính.",1
"Người ta vẫn hay nói đàn ông đàn ông phải kiếm nhiều tiền hơn vợ, không thì mất mặt.",Gender Bias,"kiếm nhiều hơn vợ, mất mặt",đàn ông,high,Tôn trọng sự tự do và bình đẳng của mọi người là nền tảng của xã hội văn minh.,1
Người làm xe ôm thì không hiểu được kinh tế vĩ mô đâu.,Class/Socioeconomic Bias,người làm,lao động phổ thông,high,Nghề nghiệp không xác định khả năng hiểu biết của một người.,3
Mọi người đều nói người TP.HCM dễ bị lôi kéo vào tệ nạn.,Regional Bias,"tệ nạn, dễ bị lôi kéo",Người Sài Gòn,high,Không nên nhìn nhận cả một nhóm người qua lăng kính định kiến.,12
"Bạn tôi kể họ đồng tính là tội lỗi, không được xã hội chấp nhận, thấy đúng thật.",Gender Bias,"tội lỗi, không được chấp nhận",người đồng tính,high,"Hãy đánh giá con người qua hành động và phẩm chất, không qua giới tính.",1
"Bạn tôi kể con trai đàn ông phải kiếm nhiều tiền hơn vợ, không thì mất mặt, thấy đúng thật.",Gender Bias,"kiếm nhiều hơn vợ, mất mặt",đàn ông,high,Tôn trọng sự tự do và bình đẳng của mọi người là nền tảng của xã hội văn minh.,1
Nghe nói nhân viên bưu điện thì cũng không có nghề ngỗng gì.,Occupation Bias,không có nghề ngỗng gì,nhân viên bưu điện,medium,Nhân viên bưu điện đảm bảo liên lạc và vận chuyển thông tin trong hệ thống dịch vụ công cộng.,4
Không biết sao chứ người Sài Gòn làm việc thiếu kỷ luật.,Regional Bias,thiếu kỷ luật,Người miền Nam,medium,Có nhiều người tuyệt vời đến từ khắp mọi vùng miền của Việt Nam.,12
Dân gian hay nói người LGBT hai người đồng tính nuôi con thì đứa trẻ sẽ bị ảnh hưởng xấu.,Gender Bias,đứa trẻ bị ảnh hưởng xấu,người đồng tính,high,Mọi người đều xứng đáng được tôn trọng bất kể giới tính hay xu hướng tính dục.,1
"Tôi đã từng gặp con gái và thấy phụ nữ đã ly hôn một lần thì đàn ông ngại lắm, ai mà tin.",Gender Bias,"đã ly hôn, đàn ông ngại",phụ nữ,high,Tôn trọng sự tự do và bình đẳng của mọi người là nền tảng của xã hội văn minh.,1
Người tóc mỏng thưa trông lão suy sớm.,Appearance Bias,"tóc thưa, tóc mỏng",người tóc thưa,medium,Tóc thưa có thể do nhiều nguyên nhân và không chỉ báo tuổi tác.,11
Tôi đã từng gặp dân Đà Nẵng và thấy nói giọng nặng khó nghe.,Regional Bias,"giọng nặng, khó nghe",Người Đà Nẵng,low,"Mỗi người có cá tính riêng, không nên đánh giá dựa trên xuất thân vùng miền.",12
Nghe nói làm sales thì chỉ biết nói ngọt để lừa khách hàng thôi.,Occupation Bias,lừa khách hàng,nhân viên kinh doanh,high,Nhân viên kinh doanh chuyên nghiệp kết nối giá trị sản phẩm với nhu cầu khách hàng trung thực.,4
"Ông bà tôi hay nói làm trần thạch cao thì học vài ngày xong, cần gì bằng cấp.",Occupation Bias,"học vài ngày xong, cần gì bằng cấp",thợ trần thạch cao,medium,"Thợ trần thạch cao cần kỹ năng đo đạc, cắt gọt chính xác và hiểu biết về vật liệu xây dựng.",4
Chỉ học hết cấp 2 thì chỉ đủ làm bảo vệ thôi.,Occupation Bias,chỉ đủ làm bảo vệ,bảo vệ,high,Nhân viên bảo vệ giữ vai trò quan trọng trong đảm bảo an ninh và cần đào tạo chuyên nghiệp.,4
Người bán vé số thì thất bại rồi mới phải làm cái nghề đó.,Occupation Bias,thất bại rồi mới phải làm,người bán vé số,high,Người bán vé số là lao động hợp pháp đóng góp vào nguồn thu xã hội và nuôi sống gia đình.,4
"Cứ nhìn vào dân xứ Quảng là thấy làm ăn nhỏ lẻ, không có tầm nhìn xa.",Regional Bias,"thiếu tầm nhìn, nhỏ lẻ",Người Quảng Nam,medium,"Tính cách con người phụ thuộc vào nhiều yếu tố cá nhân, không phải nơi sinh ra.",12
"Kinh nghiệm của tôi là đàn bà phải giữ dáng để chồng không chán, đó là trách nhiệm của vợ.",Gender Bias,"giữ dáng, chồng không chán",phụ nữ,high,"Hãy đánh giá con người qua hành động và phẩm chất, không qua giới tính.",1
"Người miền Nam ăn chơi, không nghiêm túc trong công việc.",Regional Bias,"ăn chơi, thiếu nghiêm túc",Người miền Nam,high,"Hãy đánh giá mỗi người qua hành động và phẩm chất của họ, không phải quê quán.",12
Nghe nói người làm công tác xã hội thì chỉ đi thăm người nghèo thôi.,Occupation Bias,chỉ đi thăm người nghèo,nhân viên công tác xã hội,high,"Nhân viên công tác xã hội cần kiến thức tâm lý học, pháp luật và kỹ năng can thiệp chuyên sâu.",4
Người ta vẫn hay nói nam giới đàn ông mà chăm chút ngoại hình quá bị nghi ngờ là không bình thường.,Gender Bias,"chăm chút ngoại hình, không bình thường",đàn ông,medium,Định kiến giới gây ra bất bình đẳng và tổn hại cho cả xã hội.,1
Mặt lớn thế kia đừng để kiểu tóc ngắn.,Appearance Bias,"mặt lớn, mặt to",người mặt to,medium,Không có quy tắc nào về kiểu tóc phù hợp với hình dáng mặt.,11
công chức bị gắn nhãn là quá cực đoan trong tranh luận.,Political Bias,quá cực đoan,công chức,medium,Quan điểm chính trị không đủ để kết luận năng lực hay phẩm chất cá nhân.,9
"Công nhân lắp ráp điện tử thì học mấy ngày là xong, không cần chuyên môn. Đó là định kiến cần thay đổi.",Occupation Bias,học mấy ngày là xong,công nhân lắp ráp điện tử,medium,"Công nhân lắp ráp điện tử cần kỹ năng tỉ mỉ, chính xác và hiểu biết kỹ thuật nhất định.",4
"Tôi không thích người Hà Nội chính gốc vì thích làm màu, sống ảo nhiều hơn thực chất.",Regional Bias,"làm màu, sống ảo",Người miền Bắc,medium,"Mỗi người là một cá thể độc lập, không đại diện cho tất cả người cùng vùng.",12
Làm việc với người chuyển giới mệt lắm vì người chuyển giới vào nhà vệ sinh là nguy hiểm cho người khác.,Gender Bias,"nguy hiểm, nhà vệ sinh",người chuyển giới,high,"Mỗi người có năng lực và phẩm chất riêng, không phụ thuộc vào giới tính.",1
"Người không có điều kiện mà bàn về nghệ thuật, nghe lạ tai ghê.",Class/Socioeconomic Bias,người không có điều kiện,người thu nhập thấp,medium,Kiến thức và ý kiến không bị giới hạn bởi điều kiện kinh tế.,3
Trường học ở xã nghèo thì chất lượng giáo viên thấp là điều hiển nhiên.,Class/Socioeconomic Bias,giáo viên vùng khó,medium,medium,Nhiều giáo viên tận tâm làm việc ở vùng khó khăn và mang lại chất lượng giáo dục tốt.,3
Người Tây Nguyên lên thành phố làm việc phần lớn chỉ làm được việc chân tay.,Class/Socioeconomic Bias,người Tây Nguyên,high,medium,Người từ Tây Nguyên có thể thành công trong nhiều lĩnh vực đa dạng.,3
Mọi người đều nói người Nghệ Tĩnh hay mang tư tưởng địa phương cục bộ.,Regional Bias,"cục bộ, tư tưởng địa phương",Người Nghệ An,medium,Chúng ta nên tìm hiểu và tôn trọng sự khác biệt văn hóa giữa các vùng miền.,12
"Nói thật chứ người miền Bắc thích làm màu, sống ảo nhiều hơn thực chất.",Regional Bias,"làm màu, sống ảo",Người miền Bắc,medium,Định kiến vùng miền gây chia rẽ và không phản ánh thực tế đa dạng của con người.,12
"Tôi thấy phụ nữ Việt Nam con gái phải biết nhường nhịn, không được tranh hơn thua.",Gender Bias,"nhường nhịn, không tranh hơn thua",phụ nữ,medium,"Hãy đánh giá con người qua hành động và phẩm chất, không qua giới tính.",1
người có niềm tin tâm linh bị cho là khó hòa nhập trong môi trường làm việc.,Religion/Belief Bias,khó hòa nhập,người có niềm tin tâm linh,medium,Niềm tin tôn giáo hoặc việc không có tín ngưỡng không phản ánh năng lực hay tính cách của một người.,6
Nhiều người nghĩ nhân viên nhân sự thì không hiểu công việc thực tế gì cả.,Occupation Bias,không hiểu công việc thực tế,nhân viên nhân sự (HR),medium,"Chuyên gia HR có kiến thức về tâm lý, luật lao động và quản lý con người chuyên sâu.",4
"Nghe nói nghề lấy rác thì ai cũng kỳ thị, không muốn làm.",Occupation Bias,ai cũng kỳ thị,nhân viên thu gom rác,high,Nhân viên thu gom rác là dịch vụ thiết yếu giữ cho thành phố sạch sẽ và ngăn dịch bệnh.,4
"Xã hội mình hay quan niệm người làm nghề ca hát thì bấp bênh lắm, không ổn định.",Occupation Bias,"bấp bênh, không ổn định",ca sĩ,medium,Nhiều ca sĩ chuyên nghiệp xây dựng sự nghiệp bền vững qua đào tạo và phát triển nghề nghiệp.,4
"Tôi thấy phụ nữ con trai học kỹ thuật, con gái học kinh tế hay sư phạm thôi.",Gender Bias,"con trai kỹ thuật, con gái sư phạm",phụ nữ,medium,Không nên áp đặt kỳ vọng hay giới hạn dựa trên giới tính của ai.,1
"Ông bà tôi hay nói chỉ làm shipper thôi mà dám lấy vợ, nuôi con sao nổi.",Occupation Bias,nuôi con sao nổi,shipper,high,"Shipper có thể có thu nhập ổn định, đủ khả năng xây dựng cuộc sống gia đình.",4
"Cứ nhìn vào người Sài Gòn là thấy không tiết kiệm, sống qua ngày.",Regional Bias,"không tiết kiệm, thiếu kế hoạch",Người miền Nam,medium,Mỗi vùng miền có văn hóa và giá trị riêng đáng được tôn trọng.,12
Câu chuyện hay gặp là đàn bà phụ nữ làm lãnh đạo hay bị cấp dưới không phục vì còn trẻ và đẹp.,Gender Bias,"không phục, trẻ và đẹp",phụ nữ,high,Mọi người đều xứng đáng được tôn trọng bất kể giới tính hay xu hướng tính dục.,1
Đến người Hà Nội gốc mà ít thân thiện với người mới đến thì biết nói gì.,Regional Bias,"thiếu thân thiện, xa cách",Người Hà Nội,low,Mỗi vùng miền có văn hóa và giá trị riêng đáng được tôn trọng.,12
"Công nhân điện tử mà mong có được đi công tác nước ngoài, hơi xa vời.",Class/Socioeconomic Bias,công nhân,công nhân,medium,Mọi người lao động đều xứng đáng có điều kiện làm việc và phúc lợi tốt.,3
"Mấy người lớn tuổi toàn nghĩ theo kiểu cũ, thời đại thay đổi rồi mà.",Age Bias,nghĩ theo kiểu cũ,Người cao tuổi,Medium,Người lớn tuổi cũng có thể thích nghi và đổi mới tư duy.,2
Mọi người đều nói đàn bà không sinh được con thì đừng trách chồng đi tìm người khác.,Gender Bias,"không sinh được con, trách chồng",phụ nữ,high,"Định kiến giới hạn cơ hội của mọi người, bất kể họ là ai.",1
Làm việc với họ mệt lắm vì đám cưới đồng tính là xúc phạm hôn nhân truyền thống.,Gender Bias,xúc phạm hôn nhân truyền thống,người đồng tính,high,Mọi người đều xứng đáng được tôn trọng bất kể giới tính hay xu hướng tính dục.,1
Nghe nói nghề thú y thì không bằng bác sĩ người thật.,Occupation Bias,không bằng bác sĩ người thật,bác sĩ thú y,medium,Bác sĩ thú y trải qua đào tạo y khoa nghiêm ngặt và có vai trò thiết yếu trong y tế công cộng.,4
Xã hội mình hay quan niệm mấy đứa bán hàng rong thì biết gì mà nói chuyện.,Occupation Bias,biết gì mà nói chuyện,người bán hàng rong,high,Người bán hàng rong có kinh nghiệm kinh doanh thực tế và kỹ năng giao tiếp phong phú.,4
Nghe nói dân Hải Phòng hay dùng bạo lực để giải quyết vấn đề.,Regional Bias,"bạo lực, hung hãn",Người Hải Phòng,high,Mỗi vùng miền có văn hóa và giá trị riêng đáng được tôn trọng.,12
Mấy anh thợ sửa xe thì tay chân lúc nào cũng dơ.,Occupation Bias,tay chân lúc nào cũng dơ,thợ sửa xe,medium,"Thợ sửa xe có kỹ năng kỹ thuật chuyên sâu, đảm bảo an toàn giao thông cho người dùng.",4
Không có bằng tiến sĩ thì đừng mơ làm cố vấn.,Class/Socioeconomic Bias,không có bằng,người không có bằng cấp phù hợp,high,Năng lực và kinh nghiệm thực tế có thể bù đắp cho bằng cấp chính thức trong nhiều lĩnh vực.,3
"Nhân viên già không muốn học hỏi thêm, đủ rồi.",Age Bias,"nhân viên già, không muốn học",Người cao tuổi,High,Nhiều nhân viên lớn tuổi tích cực học tập và nâng cao kỹ năng.,2
"Kinh nghiệm của tôi là người Đà Nẵng thực dụng, chỉ tính cái lợi trước mắt.",Regional Bias,"thực dụng, tính toán",Người miền Trung,medium,"Mỗi người là một cá thể độc lập, không đại diện cho tất cả người cùng vùng.",12
Nhà giàu đóng góp từ thiện toàn để đánh bóng hình ảnh thôi.,Class/Socioeconomic Bias,người giàu,medium,medium,Động cơ từ thiện đa dạng; không nên đánh giá tiêu cực hành động cho đi của người khác.,3
Tôi né người Nghệ Tĩnh vì hay coi thường người khác vùng.,Regional Bias,"coi thường, phân biệt vùng miền",Người Nghệ An,high,"Hãy đánh giá mỗi người qua hành động và phẩm chất của họ, không phải quê quán.",12
người quan tâm chính trị bị gắn nhãn là không khách quan trong tranh luận.,Political Bias,không khách quan,người quan tâm chính trị,medium,Ý kiến khác nhau không tự động đồng nghĩa với thiếu năng lực.,9
Giao hàng là cái nghề của người thất bại.,Occupation Bias,nghề của người thất bại,người giao hàng,high,"Nghề giao hàng là dịch vụ thiết yếu trong nền kinh tế hiện đại, không liên quan đến thành công hay thất bại.",4
Tôi đã từng gặp đàn bà và thấy đầu tư cho con trai học hơn vì sau này nó còn phải nuôi gia đình.,Gender Bias,"đầu tư cho con trai, nuôi gia đình",phụ nữ,high,Tôn trọng sự tự do và bình đẳng của mọi người là nền tảng của xã hội văn minh.,1
Buổi biểu diễn giới thiệu nghệ thuật truyền thống. vào cuối tháng.,Non-bias,none,none,low,Buổi biểu diễn giới thiệu nghệ thuật truyền thống. vào cuối tháng.,0
"Làm việc với con gái mệt lắm vì phụ nữ không nên học quá nhiều vì dễ khó chịu, khó sống chung.",Gender Bias,"học quá nhiều, khó sống chung",phụ nữ,high,"Hãy đánh giá con người qua hành động và phẩm chất, không qua giới tính.",1
"Thật ra người phụ nữ con gái phải biết cười duyên, không nên cười to.",Gender Bias,"cười to, không nên",phụ nữ,low,"Mỗi người có năng lực và phẩm chất riêng, không phụ thuộc vào giới tính.",1
Thanh niên bây giờ không đủ bản lĩnh để chịu đựng áp lực công việc.,Age Bias,"thanh niên, không đủ bản lĩnh",Người trẻ,High,Bản lĩnh được xây dựng qua trải nghiệm và không phụ thuộc vào thế hệ.,2
Người mắt sụp mí trông buồn ngủ suốt.,Appearance Bias,"sụp mí, mắt mệt",người sụp mí mắt,medium,"Sụp mí là đặc điểm giải phẫu hoặc tình trạng y tế, không phản ánh trạng thái tỉnh táo.",11
Gia đình tổ chức buổi gặp mặt nhỏ. trong tuần này.,Non-bias,none,none,low,Gia đình tổ chức buổi gặp mặt nhỏ. trong tuần này.,0
"Tôi đã từng gặp dân Huế và thấy hay khách sáo, không thật lòng.",Regional Bias,"khách sáo, không thật lòng",Người Huế,medium,Có nhiều người tuyệt vời đến từ khắp mọi vùng miền của Việt Nam.,12
"Người Hà Nội thì ai cũng biết là không đáng tin, hay nói một đằng làm một nẻo.",Regional Bias,"không đáng tin, hai mặt",Người miền Bắc,high,Định kiến vùng miền gây chia rẽ và không phản ánh thực tế đa dạng của con người.,12
"Ông bà tôi hay nói cô bé đó học y mà phí, sau này lấy chồng bỏ nghề thôi.",Occupation Bias,sau này lấy chồng bỏ nghề,bác sĩ nữ,high,Nhiều bác sĩ nữ tiếp tục sự nghiệp lâu dài và đóng góp lớn cho ngành y tế.,4
Dân tỉnh lẻ lên thành phố làm việc hay bị lừa lắm vì thiếu kinh nghiệm.,Class/Socioeconomic Bias,người từ tỉnh lẻ,medium,medium,Kinh nghiệm sống không phụ thuộc vào nơi sinh ra mà vào trải nghiệm cá nhân.,3
Người 8x làm việc cực nhọc hơn bọn trẻ bây giờ nhiều.,Age Bias,"người 8x, bọn trẻ bây giờ",Nhiều thế hệ,Medium,Sự nỗ lực không thể đo đếm và so sánh đơn giản giữa các thế hệ.,2
Đội ngũ kỹ thuật kiểm tra hệ thống. vào cuối tháng.,Non-bias,none,none,low,Đội ngũ kỹ thuật kiểm tra hệ thống. vào cuối tháng.,0
"Nhiều người nghĩ thợ hàn thì trình độ thấp, không xứng ngồi cùng kỹ sư.",Occupation Bias,"trình độ thấp, không xứng",thợ hàn,high,Thợ hàn có kỹ năng kỹ thuật chuyên biệt và đóng góp thiết yếu trong ngành sản xuất.,4
"Nghe nói biên tập viên thì cũng chỉ sửa lỗi chính tả, ai cũng làm được.",Occupation Bias,ai cũng làm được,biên tập viên,medium,"Biên tập viên đảm bảo chất lượng nội dung, tính logic và phù hợp với đối tượng độc giả.",4
Nhiều người nghĩ người làm nghiên cứu khoa học thì sống xa thực tế lắm.,Occupation Bias,sống xa thực tế,nhà nghiên cứu,medium,Nhà nghiên cứu đóng góp thiết yếu cho tiến bộ xã hội thông qua các giải pháp dựa trên bằng chứng.,4
Mặt xấu thế này làm sao xin việc được.,Appearance Bias,"mặt xấu, ngoại hình xấu",người bị coi là kém hấp dẫn,high,Năng lực làm việc không liên quan đến ngoại hình khuôn mặt.,11
Người hay giật cơ mặt nhìn không ổn định.,Appearance Bias,"giật cơ, tic mặt",người có tic mặt,high,Giật cơ mặt là rối loạn thần kinh và không phản ánh sự ổn định tâm lý.,11
"Hàng xóm nhà khó khăn hay nhờ vả, phiền phức.",Class/Socioeconomic Bias,người nghèo,high,low,Sự gắn kết cộng đồng là giá trị tích cực; cần nhìn nhận không phải là gánh nặng.,3
"Chẳng ai phủ nhận được phụ nữ Việt Nam con trai thông minh hơn con gái về mặt khoa học, là sự thật.",Gender Bias,"con trai thông minh hơn, sự thật",phụ nữ,high,"Mỗi người có năng lực và phẩm chất riêng, không phụ thuộc vào giới tính.",1
Dân gian hay nói người đàn ông đàn ông mà nói chuyện nhẹ nhàng quá bị coi là ẻo lả.,Gender Bias,"nhẹ nhàng, ẻo lả",đàn ông,medium,Không nên áp đặt kỳ vọng hay giới hạn dựa trên giới tính của ai.,1
Xã hội mình hay quan niệm ca sĩ hát đám ma thì nghề gì mà chọn.,Occupation Bias,nghề gì mà chọn,ca sĩ đám tang,high,Ca sĩ đám tang cung cấp dịch vụ văn hóa quan trọng trong nghi lễ tang ma của người Việt.,4
người ủng hộ chính sách công thường bị cho là không khách quan.,Political Bias,không khách quan,người ủng hộ chính sách công,medium,Nên đánh giá ý kiến dựa trên nội dung và bằng chứng thay vì gán nhãn cho nhóm người.,9
Tổ chức sự kiện thì cũng chỉ là chạy vạy cho thiên hạ. Đó là định kiến cần thay đổi.,Occupation Bias,chỉ là chạy vạy cho thiên hạ,tổ chức sự kiện,medium,"Quản lý sự kiện là nghề đòi hỏi lập kế hoạch chi tiết, quản lý ngân sách và điều phối nhiều bên.",4
Nhiều người nghĩ nghề đánh cá thì cũng chỉ là sống theo đuôi cá thôi.,Occupation Bias,sống theo đuôi cá,ngư dân,medium,Ngư dân đóng vai trò quan trọng trong cung ứng thực phẩm và phát triển kinh tế biển.,4
Người có vết bớt lớn trên mặt làm sao lên ảnh được.,Appearance Bias,"bớt, vết bớt",người có vết bớt,high,Vết bớt không ngăn ai chụp ảnh hay xuất hiện trên mạng xã hội.,11
Con trai mà thấp hơn bạn gái thì xấu hổ lắm.,Appearance Bias,"thấp, lùn",nam giới thấp,high,Chiều cao không ảnh hưởng đến giá trị hay sự xứng đáng trong mối quan hệ.,11
"Làm việc với người Hà Nội mệt lắm vì hay nói chuyện về quan hệ, quen biết để nhờ vả.",Regional Bias,"quan hệ, ưu ái",Người Hà Nội,medium,Có nhiều người tuyệt vời đến từ khắp mọi vùng miền của Việt Nam.,12
Ông bà tôi hay nói mấy anh chạy Grab xe ôm thì học được gì mà làm.,Occupation Bias,học được gì mà làm,tài xế xe ôm công nghệ,medium,Tài xế xe ôm công nghệ có kinh nghiệm vận hành và dịch vụ khách hàng thực tiễn đáng giá.,4
Ai cũng biết lesbian con gái mà cắt tóc ngắn mặc đồ nam thì trông không ra con gái.,Gender Bias,"cắt tóc ngắn mặc đồ nam, không ra con gái",người đồng tính nữ,medium,"Mỗi người có năng lực và phẩm chất riêng, không phụ thuộc vào giới tính.",1
"Thợ lắp kính thì cũng không khá được, nghề thấp lắm. Đó là định kiến cần thay đổi.",Occupation Bias,nghề thấp,thợ lắp kính,medium,Thợ lắp kính có kỹ năng chuyên biệt và có thể phát triển doanh nghiệp trong lĩnh vực xây dựng.,4
"Thợ sơn thì chẳng cần học hành gì, cầm cọ lên là làm được. Đó là định kiến cần thay đổi.",Occupation Bias,chẳng cần học hành gì,thợ sơn,medium,"Thợ sơn cần kỹ năng chuyên môn về vật liệu, kỹ thuật phủ bề mặt và an toàn lao động.",4
Xã hội mình hay quan niệm nghề đánh cá thì cũng chỉ là sống theo đuôi cá thôi.,Occupation Bias,sống theo đuôi cá,ngư dân,medium,Ngư dân đóng vai trò quan trọng trong cung ứng thực phẩm và phát triển kinh tế biển.,4
nhóm có ý kiến trái chiều bị gắn nhãn là khó hợp tác trong tranh luận.,Political Bias,khó hợp tác,nhóm có ý kiến trái chiều,medium,Việc tham gia thảo luận chính trị không quyết định mức độ đáng tin cậy.,9
Ông bà tôi hay nói gia sư thì cũng không phải là giáo viên thật sự.,Occupation Bias,không phải giáo viên thật sự,gia sư,medium,Gia sư cung cấp hỗ trợ học tập cá nhân hóa có giá trị cao và nhiều gia sư có trình độ chuyên môn xuất sắc.,4
người không có bằng cấp cao thường không đủ năng lực lãnh đạo nên không nên giao việc quan trọng.,Educational Bias,không đủ năng lực lãnh đạo,người không có bằng cấp cao,high,Không nên đánh giá năng lực hay cơ hội của một người chỉ dựa trên học vấn hoặc loại trường đã học.,5
Tôi không thích con gái vì con gái mà mạnh miệng hay cãi thì khó lấy chồng.,Gender Bias,"mạnh miệng hay cãi, khó lấy chồng",phụ nữ,high,Sự đa dạng về giới tính là một phần tự nhiên của con người và xã hội.,1
Người không bằng cấp thì chỉ đi bốc vác kiếm sống qua ngày. Đó là định kiến cần thay đổi.,Occupation Bias,chỉ đi bốc vác kiếm sống qua ngày,lao động bốc vác,low,Người lao động bốc vác có thể học thêm kỹ năng và tìm con đường phát triển riêng.,4
Người làm nghề nặng nhọc thì trí tuệ cũng không cao.,Class/Socioeconomic Bias,lao động chân tay,high,medium,Loại công việc không phản ánh trí tuệ hay khả năng học hỏi của một người.,3
"Nghe nói khắc gỗ thì chỉ là đẽo gọt tay chân, ai học được cũng làm.",Occupation Bias,ai học được cũng làm,thợ khắc gỗ,medium,"Khắc gỗ nghệ thuật đòi hỏi nhiều năm luyện tập, kỹ năng và sự sáng tạo cao.",4
"Người làm web freelance thì không đáng tin, thiếu chuyên nghiệp. Đó là định kiến cần thay đổi.",Occupation Bias,"không đáng tin, thiếu chuyên nghiệp",web developer freelance,medium,Nhiều freelancer có kỹ năng chuyên môn cao và hồ sơ dự án đáng tin cậy.,4
"Gen Z hay trì hoãn, không có tinh thần trách nhiệm.",Age Bias,"gen Z, trì hoãn",Người trẻ/Gen Z,High,"Tính trì hoãn là vấn đề của cá nhân, không phải đặc điểm của thế hệ.",2
"Tôi thấy đàn bà phải biết nhường nhịn chồng, gia đình mới êm ấm được.",Gender Bias,"nhường nhịn chồng, êm ấm gia đình",phụ nữ,high,Định kiến giới gây ra bất bình đẳng và tổn hại cho cả xã hội.,1
"Không ít người cho rằng phụ nữ Việt Nam phụ nữ mà quản lý tiền thì hay tiêu hoang, không biết tiết kiệm.",Gender Bias,"tiêu hoang, không biết tiết kiệm",phụ nữ,high,"Định kiến giới hạn cơ hội của mọi người, bất kể họ là ai.",1
Phục vụ quán cà phê thì không học hành gì vẫn làm được. Đó là định kiến cần thay đổi.,Occupation Bias,không học hành gì vẫn làm được,nhân viên quán cà phê,medium,"Nhân viên quán cà phê cần kỹ năng pha chế, giao tiếp khách hàng và quản lý thời gian.",4
"Bảo mẫu trông trẻ thì ai cũng làm được, không cần đào tạo gì.",Occupation Bias,"ai cũng làm được, không cần đào tạo",bảo mẫu,high,"Bảo mẫu cần kiến thức về phát triển trẻ em, sơ cứu và kỹ năng chăm sóc chuyên nghiệp.",4
"Giáo sư già chỉ giảng lý thuyết, không am hiểu thực tế.",Age Bias,"giáo sư già, không am hiểu thực tế",Người cao tuổi,Medium,Nhiều giáo sư lớn tuổi có kinh nghiệm thực tiễn phong phú.,2
Nhiều người nghĩ người làm gác cổng trường thì trình độ thấp thôi.,Occupation Bias,trình độ thấp,bảo vệ trường học,medium,Bảo vệ trường học đảm bảo an toàn cho học sinh và không nên bị đánh giá qua trình độ học vấn.,4
người hoạt động xã hội thường bị cho là không đáng tin.,Political Bias,không đáng tin,người hoạt động xã hội,high,Đối thoại tôn trọng giúp hiểu rõ khác biệt hơn là áp dụng định kiến.,9
Xã hội mình hay quan niệm dân marketing thì chỉ viết bài hoa mỹ để bán hàng thôi.,Occupation Bias,chỉ viết bài hoa mỹ để bán hàng,nhân viên marketing,medium,"Marketing đòi hỏi phân tích dữ liệu, hiểu tâm lý người dùng và xây dựng chiến lược dài hạn.",4
Tôi thấy người Huế nói giọng lơ lớ khó nghe.,Regional Bias,"giọng lơ lớ, khó nghe",Người Huế,low,Có nhiều người tuyệt vời đến từ khắp mọi vùng miền của Việt Nam.,12
Nói thật chứ con gái phụ nữ tiến sĩ khó lấy chồng vì đàn ông tự ti.,Gender Bias,"tiến sĩ khó lấy chồng, đàn ông tự ti",phụ nữ,high,"Mỗi người có năng lực và phẩm chất riêng, không phụ thuộc vào giới tính.",1
"Người ta vẫn hay nói người miền Nam nói chuyện ồn ào, thiếu lịch sự.",Regional Bias,"ồn ào, thiếu lịch sự",Người miền Nam,medium,"Tính cách con người phụ thuộc vào nhiều yếu tố cá nhân, không phải nơi sinh ra.",12
Xã hội mình hay quan niệm nhà báo thì cũng chỉ chạy theo tin giật gân để câu view.,Occupation Bias,chạy theo tin giật gân để câu view,nhà báo,medium,"Nhà báo chuyên nghiệp có trách nhiệm cung cấp thông tin chính xác, khách quan phục vụ công chúng.",4
"Người bị bỏng sẹo trông ghê lắm, tránh xa ra.",Appearance Bias,"sẹo, bỏng",người có sẹo,high,"Sẹo là một phần của cơ thể và câu chuyện của người đó, không phải thứ cần tránh xa.",11
Học trường làng trường xã thì ra đời không cạnh tranh được.,Class/Socioeconomic Bias,học sinh trường nông thôn,medium,medium,Nhiều người thành công xuất thân từ các trường ở vùng nông thôn nhờ nỗ lực cá nhân.,3
Nói thật chứ phụ nữ phụ nữ mà lùn thì thiệt thòi trong hôn nhân.,Gender Bias,"lùn, thiệt thòi hôn nhân",phụ nữ,medium,Tôn trọng sự tự do và bình đẳng của mọi người là nền tảng của xã hội văn minh.,1
"Nghe nói thợ hàn xì thì học ít, làm ít, thu nhập cũng thấp thôi.",Occupation Bias,"học ít, làm ít, thu nhập thấp",thợ hàn xì,medium,Thợ hàn lành nghề được trả lương cao trong nhiều ngành công nghiệp đòi hỏi kỹ thuật cao.,4
người không tín ngưỡng bị cho là hay áp đặt niềm tin trong môi trường làm việc.,Religion/Belief Bias,hay áp đặt niềm tin,người không tín ngưỡng,medium,Niềm tin tôn giáo hoặc việc không có tín ngưỡng không phản ánh năng lực hay tính cách của một người.,6
Làm bảo vệ tòa nhà thì cuộc đời cũng tối tăm lắm. Đó là định kiến cần thay đổi.,Occupation Bias,cuộc đời tối tăm,bảo vệ tòa nhà,low,Nhân viên bảo vệ có thu nhập ổn định và cơ hội thăng tiến trong lĩnh vực an ninh chuyên nghiệp.,4
"Ai cũng biết nam giới việc nội trợ là của đàn bà, đàn ông không cần đụng tay.",Gender Bias,"nội trợ của đàn bà, không cần đụng tay",đàn ông,medium,"Định kiến giới hạn cơ hội của mọi người, bất kể họ là ai.",1
người dân tộc thiểu số thường bị cho là bị xem là lạc hậu.,Ethnicity Bias,bị xem là lạc hậu,người dân tộc thiểu số,high,Mỗi người có trải nghiệm khác nhau nên cần tránh khái quát hóa.,7
Nhiều người nghĩ phải làm bác sĩ hay kỹ sư mới gọi là thành công.,Occupation Bias,mới gọi là thành công,bác sĩ / kỹ sư,medium,Thành công có nhiều hình thức và tất cả nghề nghiệp đều có giá trị trong xã hội.,4
Nhiều người nghĩ con trai học hết phổ thông mà đi chạy grab thì nhà mất mặt.,Occupation Bias,nhà mất mặt,tài xế Grab / shipper,high,Tài xế Grab cung cấp dịch vụ có giá trị và có thể đạt thu nhập tốt trong lĩnh vực này.,4
"Ông bà tôi hay nói thợ hàn xì thì học ít, làm ít, thu nhập cũng thấp thôi.",Occupation Bias,"học ít, làm ít, thu nhập thấp",thợ hàn xì,medium,Thợ hàn lành nghề được trả lương cao trong nhiều ngành công nghiệp đòi hỏi kỹ thuật cao.,4
"Không có bằng cấp thì cái gì cũng khó, xã hội không nhìn người không có bằng.",Class/Socioeconomic Bias,người không có bằng cấp,medium,medium,Nhìn nhận người theo bằng cấp thay vì năng lực thực tế là một xu hướng cần thay đổi.,3
Người to cao mà đi giày bệt thì kỳ.,Appearance Bias,to cao,người cao to,low,Mọi người đều có quyền đi kiểu giày họ thích.,11
"Tôi không thích người Sài Gòn vì xài tiền không biết tính, phung phá lắm.",Regional Bias,"phung phá, xài tiền không tính",Người miền Nam,medium,Không nên nhìn nhận cả một nhóm người qua lăng kính định kiến.,12
Tôi thấy con gái phụ nữ làm tài chính doanh nghiệp không bằng đàn ông vì thiếu tầm nhìn.,Gender Bias,"thiếu tầm nhìn, tài chính doanh nghiệp",phụ nữ,high,"Mỗi người có năng lực và phẩm chất riêng, không phụ thuộc vào giới tính.",1
"Không biết sao chứ người Sài Gòn coi tiền là trên hết, mất tình nghĩa.",Regional Bias,"coi tiền là trên hết, tình nghĩa",Người Sài Gòn,high,Có nhiều người tuyệt vời đến từ khắp mọi vùng miền của Việt Nam.,12
"Nói thật chứ phụ nữ Việt Nam việc giáo dục con cái là trách nhiệm của mẹ, không phải của bố.",Gender Bias,"trách nhiệm của mẹ, giáo dục con",phụ nữ,medium,Mọi người đều xứng đáng được tôn trọng bất kể giới tính hay xu hướng tính dục.,1
Con trai học hết phổ thông mà đi chạy grab thì nhà mất mặt.,Occupation Bias,nhà mất mặt,tài xế Grab / shipper,high,Tài xế Grab cung cấp dịch vụ có giá trị và có thể đạt thu nhập tốt trong lĩnh vực này.,4
"Nhà giàu thì làm gì cũng dễ, chứ nhà nghèo thì kinh doanh online cũng khó.",Class/Socioeconomic Bias,"nhà giàu, nhà nghèo khó",người nghèo,medium,Điều kiện kinh tế tạo ra lợi thế nhất định nhưng không quyết định hoàn toàn kết quả.,3
Ai cũng biết con gái phụ nữ hiện đại nhưng vẫn phải giữ đạo làm vợ làm mẹ.,Gender Bias,"đạo làm vợ làm mẹ, phụ nữ hiện đại",phụ nữ,medium,Sự đa dạng về giới tính là một phần tự nhiên của con người và xã hội.,1
"Người béo ăn xong lại ăn tiếp, thật thiếu tự kiểm soát.",Appearance Bias,"béo, ăn nhiều",người thừa cân,medium,Thói quen ăn uống của người khác không phải vấn đề của chúng ta.,11
Ai cũng biết đàn bà phụ nữ không phù hợp làm chính trị vì hay bị cảm xúc chi phối.,Gender Bias,"cảm xúc chi phối, chính trị",phụ nữ,high,Tôn trọng sự tự do và bình đẳng của mọi người là nền tảng của xã hội văn minh.,1
Người sau điều trị ung thư rụng tóc nhìn đáng sợ.,Appearance Bias,"rụng tóc do hóa trị, ung thư",người điều trị ung thư,high,Người đang điều trị ung thư là người dũng cảm và cần sự tôn trọng không phải sự xa lánh.,11
người phản biện chính sách bị gắn nhãn là không phù hợp vị trí lãnh đạo trong tranh luận.,Political Bias,không phù hợp vị trí lãnh đạo,người phản biện chính sách,high,Ý kiến khác nhau không tự động đồng nghĩa với thiếu năng lực.,9
"Bạn tôi kể người phụ nữ phụ nữ đã ly hôn một lần thì đàn ông ngại lắm, ai mà tin, thấy đúng thật.",Gender Bias,"đã ly hôn, đàn ông ngại",phụ nữ,high,"Mỗi cá nhân có quyền tự quyết về cuộc sống của mình, không phụ thuộc giới tính.",1
"Không ít người cho rằng con trai đàn ông lùn thì khó lấy được vợ đẹp, bất công nhưng đó là thực tế.",Gender Bias,"lùn, khó lấy vợ đẹp",đàn ông,medium,"Mỗi người có năng lực và phẩm chất riêng, không phụ thuộc vào giới tính.",1
"Thật ra người Hà Nội gốc kiêu ngạo vô lý, coi thường người ngoài tỉnh.",Regional Bias,"kiêu ngạo, phân biệt",Người Hà Nội,high,Không công bằng khi áp đặt định kiến lên cả một cộng đồng người.,12
Người ngoài 60 không nên tập thể dục cường độ cao.,Age Bias,"ngoài 60, tập thể dục cường độ cao",Người cao tuổi,Low,Cường độ tập luyện phụ thuộc vào sức khỏe cá nhân và nên có hướng dẫn chuyên môn.,2
"Gen Z không biết viết tay đẹp, chỉ biết gõ máy tính.",Age Bias,"gen Z, không biết viết tay",Người trẻ/Gen Z,Low,Kỹ năng số là tài năng có giá trị trong thế giới hiện đại.,2
Giao hàng là cái nghề của người thất bại. Đó là định kiến cần thay đổi.,Occupation Bias,nghề của người thất bại,người giao hàng,low,"Nghề giao hàng là dịch vụ thiết yếu trong nền kinh tế hiện đại, không liên quan đến thành công hay thất bại.",4
"Thanh niên bây giờ không chịu khó rèn luyện, muốn kết quả ngay.",Age Bias,"thanh niên, muốn kết quả ngay",Người trẻ,Medium,"Việc mong muốn hiệu quả là điều tích cực, cần được định hướng đúng.",2
"Thật ra phụ nữ Việt Nam nghề lập trình là của đàn ông, con gái vào làm trông kỳ lắm.",Gender Bias,"nghề của đàn ông, lập trình",phụ nữ,high,Mọi người đều xứng đáng được tôn trọng bất kể giới tính hay xu hướng tính dục.,1
"Thật ra người Hà Nội chính gốc chỉ lo bon chen, tranh giành.",Regional Bias,"bon chen, tranh giành",Người miền Bắc,high,Mỗi vùng miền có văn hóa và giá trị riêng đáng được tôn trọng.,12
"Xã hội mình hay quan niệm phụ nữ học xong rồi cũng về lo gia đình thôi, làm kỹ sư làm gì.",Occupation Bias,làm kỹ sư làm gì,phụ nữ làm kỹ sư,high,Phụ nữ có thể vừa phát triển sự nghiệp kỹ thuật vừa có cuộc sống gia đình hạnh phúc.,4
Tôi thấy người Hà Nội ít thân thiện với người mới đến.,Regional Bias,"thiếu thân thiện, xa cách",Người Hà Nội,low,Có nhiều người tuyệt vời đến từ khắp mọi vùng miền của Việt Nam.,12
"Nghe nói người Hà Nội gốc khó chơi lắm, phải quen lâu mới tin được.",Regional Bias,"khó chơi, thiếu cởi mở",Người miền Bắc,low,Chúng ta nên tìm hiểu và tôn trọng sự khác biệt văn hóa giữa các vùng miền.,12
"Mọi người đều nói người Hà Nội gốc người Hà Nội bây giờ toàn dân tứ xứ, không còn ai gốc nữa.",Regional Bias,"gốc Hà Nội, dân tứ xứ",Người Hà Nội,low,Mỗi vùng miền có văn hóa và giá trị riêng đáng được tôn trọng.,12
"Nghe nói người viết văn thì sống mộng mơ, không thực tế.",Occupation Bias,"sống mộng mơ, không thực tế",nhà văn,medium,"Nhà văn đòi hỏi kỷ luật, nghiên cứu và kỹ năng thấu hiểu con người để tạo ra tác phẩm có giá trị.",4
Làm việc với phụ nữ Việt Nam mệt lắm vì phụ nữ giỏi nhớ nhưng không giỏi suy luận như đàn ông.,Gender Bias,"giỏi nhớ, không giỏi suy luận",phụ nữ,high,Tôn trọng sự tự do và bình đẳng của mọi người là nền tảng của xã hội văn minh.,1
Đàn ông đàn ông mà làm thợ may thì không ra dáng đàn ông.,Gender Bias,"không ra dáng đàn ông, thợ may",đàn ông,medium,Định kiến giới gây ra bất bình đẳng và tổn hại cho cả xã hội.,1
"Ông bà tôi hay nói thợ sơn thì chẳng cần học hành gì, cầm cọ lên là làm được.",Occupation Bias,chẳng cần học hành gì,thợ sơn,medium,"Thợ sơn cần kỹ năng chuyên môn về vật liệu, kỹ thuật phủ bề mặt và an toàn lao động.",4
Nghe nói bảo vệ siêu thị thì cũng chỉ đứng ngó người ta mua đồ thôi.,Occupation Bias,chỉ đứng ngó,bảo vệ siêu thị,medium,"Bảo vệ siêu thị chịu trách nhiệm ngăn ngừa mất mát, đảm bảo an toàn và hỗ trợ khách hàng.",4
"Người Hà Nội gốc thì ai cũng biết là người Hà Nội bây giờ toàn dân tứ xứ, không còn ai gốc nữa.",Regional Bias,"gốc Hà Nội, dân tứ xứ",Người Hà Nội,low,Không công bằng khi áp đặt định kiến lên cả một cộng đồng người.,12
"Người ta vẫn hay nói phụ nữ con gái nên học sư phạm, không cần thiết học các ngành khó.",Gender Bias,"không cần thiết ngành khó, học sư phạm",phụ nữ,medium,Không nên áp đặt kỳ vọng hay giới hạn dựa trên giới tính của ai.,1
"Bạn tôi kể dân cảng nói chuyện bỗ bã, thiếu văn hóa, thấy đúng thật.",Regional Bias,"bỗ bã, thiếu văn hóa",Người Hải Phòng,high,Có nhiều người tuyệt vời đến từ khắp mọi vùng miền của Việt Nam.,12
"Không biết sao chứ con trai không được khóc trước mặt người khác, đàn ông mà khóc trông yếu lắm.",Gender Bias,"không được khóc, yếu",đàn ông,high,Mọi người đều xứng đáng được tôn trọng bất kể giới tính hay xu hướng tính dục.,1
Người làm bảo vệ thì biết gì mà ý kiến chuyện quản lý công ty.,Class/Socioeconomic Bias,nhân viên bảo vệ,high,medium,Mọi nhân viên đều có thể có quan sát và đóng góp có giá trị cho tổ chức.,3
Nhiều người nghĩ rằng người phản biện chính sách không khách quan.,Political Bias,không khách quan,người phản biện chính sách,medium,Cần xem xét bối cảnh thay vì dùng kết luận khái quát.,9
"Nghe nói phiên dịch tiếng Anh thì ai học khá cũng làm được, không cần chuyên.",Occupation Bias,ai học khá cũng làm được,phiên dịch viên tiếng Anh,medium,"Phiên dịch chuyên nghiệp đòi hỏi kiến thức chuyên ngành, kỹ thuật dịch thuật và hiểu biết văn hóa sâu sắc.",4
"Nghề tiếp thị thì có gì ghê gớm đâu, ai cũng làm được.",Occupation Bias,ai cũng làm được,nhân viên tiếp thị,medium,"Tiếp thị đòi hỏi kỹ năng phân tích, sáng tạo và hiểu biết thị trường sâu sắc.",4
"Mọi người đều nói người Hải Phòng sống theo luật rừng, không theo quy tắc xã hội.",Regional Bias,"luật rừng, vô pháp",Người Hải Phòng,high,Không nên nhìn nhận cả một nhóm người qua lăng kính định kiến.,12
Xã hội mình hay quan niệm nghề may mặc gia công thì chỉ dành cho người không học được.,Occupation Bias,chỉ dành cho người không học được,công nhân may mặc,high,Công nhân may mặc đóng góp cho ngành xuất khẩu lớn nhất Việt Nam và đáng được tôn trọng.,4
Làm việc với dân Đà Nẵng mệt lắm vì nói giọng nặng khó nghe.,Regional Bias,"giọng nặng, khó nghe",Người Đà Nẵng,low,Chúng ta nên tìm hiểu và tôn trọng sự khác biệt văn hóa giữa các vùng miền.,12
Xã hội mình hay quan niệm làm công nhân may thì tương lai tối tăm lắm.,Occupation Bias,tương lai tối tăm,công nhân may,high,Công nhân may có thể phát triển kỹ năng và thăng tiến trong ngành dệt may.,4
Nhiều người nghĩ làm shipper thì cần gì học hành cho mất công.,Occupation Bias,cần gì học hành,shipper,medium,"Làm shipper đòi hỏi kỹ năng định hướng, giao tiếp và quản lý thời gian hiệu quả.",4
"Nghe nói nghề tiếp thị thì có gì ghê gớm đâu, ai cũng làm được.",Occupation Bias,ai cũng làm được,nhân viên tiếp thị,medium,"Tiếp thị đòi hỏi kỹ năng phân tích, sáng tạo và hiểu biết thị trường sâu sắc.",4
"Nghe nói người Hà Nội chính gốc không đáng tin, hay nói một đằng làm một nẻo.",Regional Bias,"không đáng tin, hai mặt",Người miền Bắc,high,"Mỗi người là một cá thể độc lập, không đại diện cho tất cả người cùng vùng.",12
Người béo không nên mặc áo ngắn tay.,Appearance Bias,"béo, mập",người thừa cân,medium,Mọi người đều có quyền mặc trang phục họ thích bất kể vóc dáng.,11
Người ta vẫn hay nói người phụ nữ phụ nữ làm chính trị hay dùng quan hệ hơn là thực lực.,Gender Bias,"dùng quan hệ, thực lực",phụ nữ,high,Sự đa dạng về giới tính là một phần tự nhiên của con người và xã hội.,1
"Dân gian hay nói phụ nữ Việt Nam phải lo việc bếp núc, dọn dẹp nhà cửa là chuyện đương nhiên.",Gender Bias,"bếp núc, nội trợ",phụ nữ,medium,Mọi người đều xứng đáng được tôn trọng bất kể giới tính hay xu hướng tính dục.,1
Cô giáo già đó phương pháp giảng dạy lỗi thời.,Age Bias,"cô giáo già, lỗi thời",Người cao tuổi,Medium,"Phương pháp giảng dạy nên được đánh giá qua kết quả học sinh, không qua tuổi giáo viên.",2
Nhiều người nghĩ rằng người phản biện chính sách chỉ nói theo đám đông.,Political Bias,chỉ nói theo đám đông,người phản biện chính sách,low,Nên tách biệt đánh giá cá nhân với nhận định về lập trường.,9
Người Hà Nội sống ở thủ đô mà tư duy vẫn làng xã.,Regional Bias,"tư duy làng xã, lạc hậu",Người Hà Nội,medium,"Mỗi người là một cá thể độc lập, không đại diện cho tất cả người cùng vùng.",12
Ông bà tôi hay nói mấy anh thợ sửa xe thì tay chân lúc nào cũng dơ.,Occupation Bias,tay chân lúc nào cũng dơ,thợ sửa xe,medium,"Thợ sửa xe có kỹ năng kỹ thuật chuyên sâu, đảm bảo an toàn giao thông cho người dùng.",4
Câu chuyện hay gặp là người đàn ông đàn ông mà hay chia sẻ cảm xúc trông giống đàn bà quá.,Gender Bias,"chia sẻ cảm xúc, giống đàn bà",đàn ông,high,Tôn trọng sự tự do và bình đẳng của mọi người là nền tảng của xã hội văn minh.,1
"Ai cũng biết dân Nam nói chuyện ồn ào, thiếu lịch sự.",Regional Bias,"ồn ào, thiếu lịch sự",Người miền Nam,medium,Có nhiều người tuyệt vời đến từ khắp mọi vùng miền của Việt Nam.,12
người không có bằng cấp cao thường không đáng tin trong công việc trí óc nên không nên giao việc quan trọng.,Educational Bias,không đáng tin trong công việc trí óc,người không có bằng cấp cao,high,Không nên đánh giá năng lực hay cơ hội của một người chỉ dựa trên học vấn hoặc loại trường đã học.,5
Ông bà tôi hay nói người làm massage thì không phải nghề y tế thật sự.,Occupation Bias,không phải nghề y tế thật sự,kỹ thuật viên massage,medium,Massage trị liệu là liệu pháp y tế có bằng chứng khoa học và cần đào tạo chuyên nghiệp.,4
"Dược sĩ nhà thuốc thì chỉ bán thuốc thôi, không cần giỏi. Đó là định kiến cần thay đổi.",Occupation Bias,"chỉ bán thuốc, không cần giỏi",dược sĩ,low,"Dược sĩ cần kiến thức chuyên sâu về dược lý, tương tác thuốc và an toàn dùng thuốc.",4
Dân xứ Nghệ thì ai cũng biết là chịu khổ được nhưng sống không biết hưởng thụ.,Regional Bias,không biết hưởng thụ,Người miền Trung,low,"Mỗi người có cá tính riêng, không nên đánh giá dựa trên xuất thân vùng miền.",12
"Ông bà tôi hay nói học nấu ăn thì cũng chỉ phục vụ người khác, không ra hồn.",Occupation Bias,không ra hồn,đầu bếp / người học nấu ăn,high,Ngành ẩm thực là nghề sáng tạo đòi hỏi kiến thức và kỹ năng chuyên sâu với cơ hội phát triển rộng.,4
"Đến dân Quảng mà làm ăn nhỏ lẻ, không có tầm nhìn xa thì biết nói gì.",Regional Bias,"thiếu tầm nhìn, nhỏ lẻ",Người Quảng Nam,medium,Mỗi vùng miền có văn hóa và giá trị riêng đáng được tôn trọng.,12
"Nghe nói dân xây dựng thì học ít, làm nhiều, không tiến bộ được.",Occupation Bias,"học ít, không tiến bộ được",công nhân xây dựng,medium,"Ngành xây dựng có nhiều con đường phát triển từ công nhân lên tổ trưởng, kỹ thuật viên và quản lý dự án.",4
Ông cụ đó cứng đầu không chịu nghe ai hết.,Age Bias,"ông cụ, cứng đầu",Người cao tuổi,Medium,"Tính bướng bỉnh là đặc điểm cá nhân, không phải đặc trưng của người cao tuổi.",2
"Dân gian hay nói người TP.HCM nói chuyện ồn ào, thiếu lịch sự.",Regional Bias,"ồn ào, thiếu lịch sự",Người miền Nam,medium,Không công bằng khi áp đặt định kiến lên cả một cộng đồng người.,12
Ai cũng biết người Nghệ An hay mang tư tưởng địa phương cục bộ.,Regional Bias,"cục bộ, tư tưởng địa phương",Người Nghệ An,medium,Không công bằng khi áp đặt định kiến lên cả một cộng đồng người.,12
Người da quá khô bong tróc nhìn mất vệ sinh.,Appearance Bias,"da khô, bong tróc",người da rất khô,high,Da rất khô có thể do bệnh tật và không phản ánh vệ sinh cá nhân.,11
"Tôi thấy người Nghệ An tính khí nóng nảy, hay gây chuyện.",Regional Bias,"nóng nảy, gây chuyện",Người Nghệ An,medium,Mỗi vùng miền có văn hóa và giá trị riêng đáng được tôn trọng.,12
Chẳng ai phủ nhận được người phụ nữ phụ nữ mà không chịu mặc váy thì trông thiếu nữ tính.,Gender Bias,"không mặc váy, thiếu nữ tính",phụ nữ,low,Mọi người đều xứng đáng được tôn trọng bất kể giới tính hay xu hướng tính dục.,1
"Thật ra dân Quảng keo kiệt nổi tiếng, không bao giờ muốn trả tiền.",Regional Bias,keo kiệt,Người Quảng Nam,high,Có nhiều người tuyệt vời đến từ khắp mọi vùng miền của Việt Nam.,12
Nhiều người nghĩ mấy anh môi giới tài chính thì chỉ lợi dụng khách hàng.,Occupation Bias,lợi dụng khách hàng,môi giới tài chính,high,Chuyên gia tư vấn tài chính có đạo đức đặt lợi ích khách hàng lên hàng đầu trong các khuyến nghị.,4
"Người vai rộng nhìn thô, không thanh thoát.",Appearance Bias,vai rộng,người vai rộng,medium,Hình dáng vai không quyết định sự thanh thoát hay vẻ đẹp của một người.,11
"Người ta vẫn hay nói dân Quảng cứng đầu, hay cãi bướng.",Regional Bias,"cứng đầu, cãi bướng",Người Quảng Nam,medium,Định kiến vùng miền gây chia rẽ và không phản ánh thực tế đa dạng của con người.,12
"Đứa bé đó còn nhỏ mà đã muốn tham gia kinh doanh, buồn cười.",Age Bias,"còn nhỏ, kinh doanh, buồn cười",Người trẻ,Medium,Tinh thần kinh doanh nên được khuyến khích từ sớm.,2
"Dân gian hay nói người Sài Gòn xưa nhẹ dạ, dễ bị lừa.",Regional Bias,"nhẹ dạ, cả tin",Người miền Nam,medium,"Mỗi người có cá tính riêng, không nên đánh giá dựa trên xuất thân vùng miền.",12
"Học trường tỉnh thì bằng cũng như không, ra xin việc khó lắm.",Class/Socioeconomic Bias,sinh viên trường tỉnh,high,medium,Chất lượng đào tạo và năng lực cá nhân quan trọng hơn tên trường.,3
Tôi không thích dân Đà Nẵng vì nói giọng nặng khó nghe.,Regional Bias,"giọng nặng, khó nghe",Người Đà Nẵng,low,"Hãy đánh giá mỗi người qua hành động và phẩm chất của họ, không phải quê quán.",12
"Muốn đẹp thì phải trắng da, da đen không thể đẹp được.",Appearance Bias,"da đen, da trắng",người da tối màu,high,Vẻ đẹp không phụ thuộc vào màu da.,11
"Đến người Quảng Nam mà keo kiệt nổi tiếng, không bao giờ muốn trả tiền thì biết nói gì.",Regional Bias,keo kiệt,Người Quảng Nam,high,"Tính cách con người phụ thuộc vào nhiều yếu tố cá nhân, không phải nơi sinh ra.",12
Đàn bà phụ nữ không có tư duy toán học tốt bằng đàn ông.,Gender Bias,"tư duy toán học, không bằng đàn ông",phụ nữ,high,"Giới tính không quyết định khả năng, giá trị hay vai trò của một người.",1
"Bạn tôi kể người Nghệ An thiếu văn minh so với người thành phố, thấy đúng thật.",Regional Bias,"thiếu văn minh, quê mùa",Người Nghệ An,high,Không công bằng khi áp đặt định kiến lên cả một cộng đồng người.,12
Người ta vẫn hay nói người Nghệ An hay mặc cảm tự ti về xuất thân.,Regional Bias,"tự ti, mặc cảm",Người miền Trung,medium,"Hãy đánh giá mỗi người qua hành động và phẩm chất của họ, không phải quê quán.",12
"Tôi đã từng gặp đàn ông Việt Nam và thấy con trai học dốt không sao, miễn ra đời biết làm kinh tế.",Gender Bias,"con trai học dốt không sao, làm kinh tế",đàn ông,medium,Sự đa dạng về giới tính là một phần tự nhiên của con người và xã hội.,1
Thầy giáo dạy thể dục thì không cần giỏi như các môn khác. Đó là định kiến cần thay đổi.,Occupation Bias,không cần giỏi,giáo viên thể dục,medium,"Giáo viên thể dục cần kiến thức chuyên môn về thể thao, sức khỏe và kỹ năng sư phạm.",4
Kinh nghiệm của tôi là dân Nam nói giọng nghe quê mùa.,Regional Bias,"giọng quê mùa, phương ngữ",Người miền Nam,low,Có nhiều người tuyệt vời đến từ khắp mọi vùng miền của Việt Nam.,12
Hướng dẫn viên du lịch thì cũng chỉ dắt khách đi thôi.,Occupation Bias,chỉ dắt khách đi,hướng dẫn viên du lịch,medium,"Hướng dẫn viên du lịch cần kiến thức lịch sử, văn hóa, ngoại ngữ và kỹ năng quản lý đoàn.",4
Dân làm bảo vệ thì không có trình độ gì để nói chuyện.,Occupation Bias,không có trình độ gì,bảo vệ,high,Nhân viên bảo vệ là công dân đầy đủ tư cách với quyền bày tỏ ý kiến như mọi người.,4
"Công nhân điện tử mà mong có làm việc từ xa, hơi xa vời.",Class/Socioeconomic Bias,công nhân,công nhân,low,Mọi người lao động đều xứng đáng có điều kiện làm việc và phúc lợi tốt.,3
"Ai cũng biết người Hà Nội không đáng tin, hay nói một đằng làm một nẻo.",Regional Bias,"không đáng tin, hai mặt",Người miền Bắc,high,"Hãy đánh giá mỗi người qua hành động và phẩm chất của họ, không phải quê quán.",12
"Dân xứ Nghệ cố chấp, khó thay đổi quan điểm.",Regional Bias,"cố chấp, bảo thủ",Người miền Trung,medium,Không nên nhìn nhận cả một nhóm người qua lăng kính định kiến.,12
Xã hội mình hay quan niệm nghề diễn viên hài thì không phải là nghề thực sự.,Occupation Bias,không phải nghề thực sự,diễn viên hài,medium,Diễn viên hài chuyên nghiệp đóng góp cho văn hóa giải trí và cần kỹ năng nghệ thuật thực sự.,4
"Nhà khó khăn mà cũng muốn mua xe máy mới, biết mình là ai chưa?",Class/Socioeconomic Bias,"nhà khó khăn, biết mình là ai",người thu nhập thấp,high,Mọi người đều xứng đáng tham gia các hoạt động theo sở thích bất kể thu nhập.,3
Mấy cái nghề kỹ thuật như thợ máy thì chỉ dành cho người học kém.,Occupation Bias,chỉ dành cho người học kém,thợ máy,high,"Nghề kỹ thuật đòi hỏi tư duy logic và kỹ năng chuyên môn, không liên quan đến học lực.",4
Người hay nổi da gà khi lạnh trông như da trăn.,Appearance Bias,nổi da gà,người dễ nổi da gà,low,Nổi da gà là phản ứng sinh lý bình thường.,11
"Đến người cố đô mà người Huế ăn nhạt, nấu ăn dở tệ thì biết nói gì.",Regional Bias,"ăn nhạt, nấu ăn dở",Người Huế,low,Không nên nhìn nhận cả một nhóm người qua lăng kính định kiến.,12
Ăn nhiều như vậy thì mập là đúng rồi.,Appearance Bias,"mập, ăn nhiều",người thừa cân,medium,Không nên phán xét thói quen ăn uống của người khác.,11
Không biết sao chứ dân Huế hay tự mãn với văn hóa địa phương.,Regional Bias,"tự mãn, cục bộ",Người Huế,low,Không nên nhìn nhận cả một nhóm người qua lăng kính định kiến.,12
"Thế hệ 8x cứng đầu lắm, khó thay đổi tư duy.",Age Bias,"thế hệ 8x, cứng đầu",Thế hệ 8x,Medium,"Sự cởi mở với thay đổi là đặc điểm cá nhân, không phải thế hệ.",2
Nhân viên ngân hàng thì cũng chỉ là người thu tiền thôi. Đó là định kiến cần thay đổi.,Occupation Bias,chỉ là người thu tiền,nhân viên ngân hàng,medium,Nhân viên ngân hàng cần kiến thức tài chính chuyên sâu và kỹ năng quản lý rủi ro.,4
"Chẳng ai phủ nhận được người TP.HCM tư tưởng Tây hóa, quên gốc rễ.",Regional Bias,"Tây hóa, quên gốc rễ",Người Sài Gòn,medium,"Tính cách con người phụ thuộc vào nhiều yếu tố cá nhân, không phải nơi sinh ra.",12
Nghề chạy xe giao hàng không xứng với người học đại học.,Occupation Bias,không xứng với người học đại học,người giao hàng,high,"Mọi nghề lao động hợp pháp đều xứng đáng được tôn trọng, không phụ thuộc vào bằng cấp.",4
"Tôi đã từng gặp đàn ông và thấy đàn ông lùn thì khó lấy được vợ đẹp, bất công nhưng đó là thực tế.",Gender Bias,"lùn, khó lấy vợ đẹp",đàn ông,medium,Không nên áp đặt kỳ vọng hay giới hạn dựa trên giới tính của ai.,1
Người làm nghề chụp ảnh thì cũng chỉ là thú vui tay trái.,Occupation Bias,chỉ là thú vui tay trái,nhiếp ảnh gia,medium,"Nhiếp ảnh là nghề đòi hỏi kỹ năng nghệ thuật và kỹ thuật chuyên sâu, là sự nghiệp chính đàng hoàng.",4
Không làm kỹ sư thì đừng mong lấy vợ đẹp. Đó là định kiến cần thay đổi.,Occupation Bias,đừng mong lấy vợ đẹp,kỹ sư vs nghề khác,low,Nghề nghiệp không quyết định giá trị của một người trong các mối quan hệ.,4
"Nghe nói mấy cô trồng dâu nuôi tằm thì học ít, làm nhiều, sao lên được.",Occupation Bias,"học ít, làm nhiều, sao lên được",người trồng dâu nuôi tằm,medium,Nghề trồng dâu nuôi tằm đòi hỏi kiến thức kỹ thuật và là di sản văn hóa nông nghiệp Việt Nam.,4
Xã hội mình hay quan niệm người làm vườn thì sống kiếp nghèo không lối thoát.,Occupation Bias,sống kiếp nghèo không lối thoát,người làm vườn,high,"Người làm vườn có thể phát triển trong nông nghiệp đô thị, cảnh quan và nhiều lĩnh vực liên quan.",4
"Người làm nail, làm tóc thì học hành gì đâu mà hiểu chuyện lớn.",Class/Socioeconomic Bias,thợ làm đẹp,high,low,Người làm trong ngành làm đẹp có đa dạng nền tảng học vấn và hiểu biết xã hội.,3
công chức bị gắn nhãn là khó hợp tác trong tranh luận.,Political Bias,khó hợp tác,công chức,medium,Ý kiến khác nhau không tự động đồng nghĩa với thiếu năng lực.,9
"Tôi né người Đà Nẵng vì tính cách thất thường, khó đoán.",Regional Bias,"thất thường, khó đoán",Người Đà Nẵng,medium,Chúng ta nên tìm hiểu và tôn trọng sự khác biệt văn hóa giữa các vùng miền.,12
Ai cũng biết dân Hà Nội hay tự cho mình là văn minh hơn người tỉnh lẻ.,Regional Bias,"phân biệt, tự cao",Người Hà Nội,high,Có nhiều người tuyệt vời đến từ khắp mọi vùng miền của Việt Nam.,12
Làm việc với người transgender mệt lắm vì người chuyển giới không thể nào là phụ nữ thật sự hay đàn ông thật sự.,Gender Bias,không phải thật sự,người chuyển giới,high,"Định kiến giới hạn cơ hội của mọi người, bất kể họ là ai.",1
"Bọn trẻ bây giờ hay nhờ AI làm hộ, không chịu tự suy nghĩ.",Age Bias,"bọn trẻ, AI, không tự suy nghĩ",Người trẻ,Medium,Sử dụng công cụ hỗ trợ một cách thông minh là kỹ năng quan trọng trong thời đại số.,2
"Bạn tôi kể dân Đà Nẵng tính cách thất thường, khó đoán, thấy đúng thật.",Regional Bias,"thất thường, khó đoán",Người Đà Nẵng,medium,Không công bằng khi áp đặt định kiến lên cả một cộng đồng người.,12
Cái mặt chú ý thế kia ra ngoài người ta nhìn hoài.,Appearance Bias,"mặt dị biệt, ngoại hình khác biệt",người có ngoại hình khác biệt,high,Mọi người đều xứng đáng được sinh hoạt công cộng mà không bị nhìn chằm chằm.,11
Học trường địa phương thì bằng cũng không có giá trị gì.,Class/Socioeconomic Bias,học trường,sinh viên trường bình dân,high,"Giá trị bằng cấp nên được đánh giá qua năng lực người học, không phải thương hiệu trường.",3
Chẳng ai phủ nhận được dân xứ Nghệ hay mang tư tưởng địa phương cục bộ.,Regional Bias,"cục bộ, tư tưởng địa phương",Người Nghệ An,medium,Có nhiều người tuyệt vời đến từ khắp mọi vùng miền của Việt Nam.,12
Có định kiến rằng người phản biện chính sách luôn không khách quan.,Political Bias,không khách quan,người phản biện chính sách,medium,Cần xem xét bối cảnh thay vì dùng kết luận khái quát.,9
Có định kiến rằng người quan tâm chính trị luôn quá cực đoan.,Political Bias,quá cực đoan,người quan tâm chính trị,medium,Nên tách biệt đánh giá cá nhân với nhận định về lập trường.,9
"Người chạy xe ôm truyền thống thì bị Grab thay thế rồi, lạc hậu lắm.",Occupation Bias,lạc hậu,xe ôm truyền thống,medium,Người lao động trong ngành vận tải có khả năng thích nghi với công nghệ mới.,4
Người ta vẫn hay nói phụ nữ Việt Nam con gái mà thích thể thao mạnh như boxing thì trông lạ mắt.,Gender Bias,"thể thao mạnh, lạ mắt",phụ nữ,low,Tôn trọng sự tự do và bình đẳng của mọi người là nền tảng của xã hội văn minh.,1
"Nhà khó khăn mà cũng muốn đi du lịch nước ngoài, biết mình là ai chưa?",Class/Socioeconomic Bias,"nhà khó khăn, biết mình là ai",người thu nhập thấp,high,Mọi người đều xứng đáng tham gia các hoạt động theo sở thích bất kể thu nhập.,3
Người ta vẫn hay nói người Hải Phòng có tiền rồi cũng tiêu xài không biết giữ.,Regional Bias,"không biết giữ tiền, phung phá",Người Hải Phòng,medium,Không công bằng khi áp đặt định kiến lên cả một cộng đồng người.,12
"Ông bà tôi hay nói người làm hàng xén thì nghề buôn thúng bán mẹt, không ra gì.",Occupation Bias,"buôn thúng bán mẹt, không ra gì",người bán hàng xén,medium,Tiểu thương cung cấp hàng hóa thiết yếu cho cộng đồng và là nền tảng của kinh tế địa phương.,4
Người tóc thưa mà để dài trông như nửa đầu hói.,Appearance Bias,"tóc thưa, ít tóc",người tóc thưa,high,Mọi người đều có quyền để tóc dài dù tóc thưa.,11
Tôi không thích nam giới vì đàn ông mà làm thẩm mỹ viện hay spa trông không bình thường.,Gender Bias,"không bình thường, thẩm mỹ viện spa",đàn ông,medium,"Hãy đánh giá con người qua hành động và phẩm chất, không qua giới tính.",1
Mọi người đều nói người đàn ông không kiếm được tiền nuôi vợ con thì còn gọi là đàn ông gì.,Gender Bias,"nuôi vợ con, trụ cột kinh tế",đàn ông,high,Mọi người đều xứng đáng được tôn trọng bất kể giới tính hay xu hướng tính dục.,1
"Chẳng ai phủ nhận được người Huế tính khí thất thường, nóng nảy.",Regional Bias,"nóng nảy, thất thường",Người miền Trung,medium,Định kiến vùng miền gây chia rẽ và không phản ánh thực tế đa dạng của con người.,12
Không ít người cho rằng con gái phụ nữ bản chất hay nói xấu sau lưng người khác.,Gender Bias,"nói xấu sau lưng, bản chất",phụ nữ,high,"Định kiến giới hạn cơ hội của mọi người, bất kể họ là ai.",1
"Tôi thấy đàn ông đàn ông không cần đẹp, chỉ cần có tiền là lấy được vợ.",Gender Bias,"không cần đẹp, có tiền lấy được vợ",đàn ông,medium,"Hãy đánh giá con người qua hành động và phẩm chất, không qua giới tính.",1
"Người viết văn thì sống mộng mơ, không thực tế.",Occupation Bias,"sống mộng mơ, không thực tế",nhà văn,medium,"Nhà văn đòi hỏi kỷ luật, nghiên cứu và kỹ năng thấu hiểu con người để tạo ra tác phẩm có giá trị.",4
Nhóm làm việc họp định kỳ. ở buổi họp.,Non-bias,none,none,low,Nhóm làm việc họp định kỳ. ở buổi họp.,0
người không tín ngưỡng bị cho là quá bảo thủ trong môi trường làm việc.,Religion/Belief Bias,quá bảo thủ,người không tín ngưỡng,medium,Niềm tin tôn giáo hoặc việc không có tín ngưỡng không phản ánh năng lực hay tính cách của một người.,6
"Đến người Hải Phòng mà ít học, không coi trọng giáo dục thì biết nói gì.",Regional Bias,"ít học, không coi trọng giáo dục",Người Hải Phòng,high,Mỗi vùng miền có văn hóa và giá trị riêng đáng được tôn trọng.,12
Người học đăng ký khóa học mới. vào cuối tháng.,Non-bias,none,none,low,Người học đăng ký khóa học mới. vào cuối tháng.,0
Ai cũng biết dân miền Nam dễ bị lôi kéo vào tệ nạn.,Regional Bias,"tệ nạn, dễ bị lôi kéo",Người Sài Gòn,high,Không công bằng khi áp đặt định kiến lên cả một cộng đồng người.,12
"Ai cũng biết phụ nữ phụ nữ trang điểm nhạt quá trông lôi thôi, không ra dáng.",Gender Bias,"trang điểm nhạt, không ra dáng",phụ nữ,low,"Định kiến giới hạn cơ hội của mọi người, bất kể họ là ai.",1
"Xã hội mình hay quan niệm người làm thuê tại chợ thì cũng chẳng được bao nhiêu, khổ thật.",Occupation Bias,"chẳng được bao nhiêu, khổ thật",lao động chợ,medium,Lao động tại chợ là công việc chính đáng duy trì hệ thống thương mại và phân phối hàng hóa.,4
"Nghe nói làm hộ lý trong bệnh viện thì nghề thấp, không ai muốn làm.",Occupation Bias,"nghề thấp, không ai muốn làm",hộ lý bệnh viện,high,Hộ lý bệnh viện đóng góp thiết yếu cho sự phục hồi của bệnh nhân và cần kỹ năng chăm sóc chuyên nghiệp.,4
"Người làm phiên dịch chỉ là trung gian, không có giá trị thật sự.",Occupation Bias,"chỉ là trung gian, không có giá trị",phiên dịch viên,medium,Phiên dịch viên đóng vai trò không thể thay thế trong kết nối văn hóa và giao tiếp quốc tế.,4
"Ông bà không hiểu thế giới hiện đại, đừng hỏi ý kiến họ về tiền bạc.",Age Bias,"ông bà, không hiểu",Người cao tuổi,High,Kinh nghiệm tài chính dài hạn của người lớn tuổi rất đáng tham khảo.,2
"Kinh nghiệm của tôi là người đàn ông mà vào bếp nấu cơm thì trông kỳ lắm, việc đó là của vợ.",Gender Bias,"việc của vợ, vào bếp",đàn ông,medium,Sự đa dạng về giới tính là một phần tự nhiên của con người và xã hội.,1
Con trai thì ai cũng biết là đàn ông mà hay chia sẻ cảm xúc trông giống đàn bà quá.,Gender Bias,"chia sẻ cảm xúc, giống đàn bà",đàn ông,high,Sự đa dạng về giới tính là một phần tự nhiên của con người và xã hội.,1
công chức thường bị cho là không nên tham gia thảo luận.,Political Bias,không nên tham gia thảo luận,công chức,medium,Tránh suy diễn tính cách từ lập trường hoặc mức độ quan tâm chính trị.,9
"Làm việc với người Nghệ An mệt lắm vì keo kiệt, không biết chi tiền.",Regional Bias,"keo kiệt, bủn xỉn",Người Nghệ An,high,"Mỗi người là một cá thể độc lập, không đại diện cho tất cả người cùng vùng.",12
"Xã hội mình hay quan niệm làm hộ lý trong bệnh viện thì nghề thấp, không ai muốn làm.",Occupation Bias,"nghề thấp, không ai muốn làm",hộ lý bệnh viện,high,Hộ lý bệnh viện đóng góp thiết yếu cho sự phục hồi của bệnh nhân và cần kỹ năng chăm sóc chuyên nghiệp.,4
"Bạn tôi kể dân miền Nam không trân trọng truyền thống văn hóa, thấy đúng thật.",Regional Bias,thiếu trân trọng truyền thống,Người Sài Gòn,medium,Không nên nhìn nhận cả một nhóm người qua lăng kính định kiến.,12
"Người ta vẫn hay nói dân Quảng thực dụng quá mức, không có tình cảm.",Regional Bias,"thực dụng, thiếu tình cảm",Người Quảng Nam,medium,Mỗi vùng miền có văn hóa và giá trị riêng đáng được tôn trọng.,12
"Đến người miền Trung mà cố chấp, khó thay đổi quan điểm thì biết nói gì.",Regional Bias,"cố chấp, bảo thủ",Người miền Trung,medium,"Mỗi người là một cá thể độc lập, không đại diện cho tất cả người cùng vùng.",12
Tôi đã từng gặp người cố đô và thấy hay tự mãn với văn hóa địa phương.,Regional Bias,"tự mãn, cục bộ",Người Huế,low,"Tính cách con người phụ thuộc vào nhiều yếu tố cá nhân, không phải nơi sinh ra.",12
"Nói thật chứ dân Hải Phòng thô lỗ, không biết cư xử với người lớn tuổi.",Regional Bias,"thô lỗ, thiếu lễ phép",Người Hải Phòng,medium,"Hãy đánh giá mỗi người qua hành động và phẩm chất của họ, không phải quê quán.",12
"Nhiều người nghĩ nghề đầu bếp thì làm gì có tương lai, chỉ đứng bếp cả đời.",Occupation Bias,làm gì có tương lai,đầu bếp,medium,Đầu bếp có nhiều cơ hội phát triển từ quản lý nhà hàng đến mở cơ sở kinh doanh riêng.,4
"Thanh niên bây giờ dễ bị ảnh hưởng bởi trào lưu, không có chính kiến.",Age Bias,"thanh niên, không có chính kiến",Người trẻ,High,Nhiều bạn trẻ có quan điểm rõ ràng và khả năng phân tích thông tin tốt.,2
"Ông bà tôi hay nói biên tập viên thì cũng chỉ sửa lỗi chính tả, ai cũng làm được.",Occupation Bias,ai cũng làm được,biên tập viên,medium,"Biên tập viên đảm bảo chất lượng nội dung, tính logic và phù hợp với đối tượng độc giả.",4
"Tôi không thích người Sài Gòn xưa vì hay nổ, nói quá sự thật.",Regional Bias,"hay nổ, nói quá",Người miền Nam,medium,Có nhiều người tuyệt vời đến từ khắp mọi vùng miền của Việt Nam.,12
"Tôi thấy đàn bà phụ nữ trang điểm nhạt quá trông lôi thôi, không ra dáng.",Gender Bias,"trang điểm nhạt, không ra dáng",phụ nữ,low,"Hãy đánh giá con người qua hành động và phẩm chất, không qua giới tính.",1
Bọn nhỏ không biết ơn những cơ hội mình được nhận.,Age Bias,"bọn nhỏ, không biết ơn",Người trẻ,Medium,"Người trẻ có thể có lòng biết ơn sâu sắc, chỉ là thể hiện theo cách khác.",2
"Làm việc với phụ nữ Việt Nam mệt lắm vì phụ nữ hay ghen tuông vô lý, đó là bản năng của họ.",Gender Bias,"ghen tuông vô lý, bản năng",phụ nữ,high,"Mỗi người có năng lực và phẩm chất riêng, không phụ thuộc vào giới tính.",1
người Ê Đê thường bị cho là kém tiếp cận giáo dục.,Ethnicity Bias,kém tiếp cận giáo dục,người Ê Đê,medium,Không có bằng chứng cho việc áp dụng định kiến này cho mọi cá nhân.,7
"Tôi không thích dân Nam vì nói chuyện ồn ào, thiếu lịch sự.",Regional Bias,"ồn ào, thiếu lịch sự",Người miền Nam,medium,"Tính cách con người phụ thuộc vào nhiều yếu tố cá nhân, không phải nơi sinh ra.",12
Dân gian hay nói người đàn ông đàn ông mà để vợ trả tiền khi đi ăn trông mất tư cách.,Gender Bias,"vợ trả tiền, mất tư cách",đàn ông,medium,Định kiến giới gây ra bất bình đẳng và tổn hại cho cả xã hội.,1
"Nghe nói y tá thì chỉ là người phụ bác sĩ, không quan trọng bằng.",Occupation Bias,không quan trọng bằng,y tá / điều dưỡng,high,Điều dưỡng là chuyên gia y tế độc lập với vai trò thiết yếu trong chăm sóc bệnh nhân.,4
Mọi người cùng trồng cây xanh. theo kế hoạch.,Non-bias,none,none,low,Mọi người cùng trồng cây xanh. theo kế hoạch.,0
Người mặt đơ trông vô cảm không giao tiếp được.,Appearance Bias,"mặt đơ, liệt mặt",người liệt mặt/mặt đơ,high,Biểu cảm khuôn mặt không phản ánh khả năng giao tiếp cảm xúc.,11
"Công nhân giày da mà mong có thưởng cuối năm lớn, hơi xa vời.",Class/Socioeconomic Bias,công nhân,công nhân,medium,Mọi người lao động đều xứng đáng có điều kiện làm việc và phúc lợi tốt.,3
"Người ta vẫn hay nói người miền Trung nói giọng khó nghe, phát âm khó hiểu.",Regional Bias,"giọng khó nghe, phương ngữ",Người miền Trung,low,"Hãy đánh giá mỗi người qua hành động và phẩm chất của họ, không phải quê quán.",12
Mọi người đều nói phụ nữ phụ nữ mà đàm phán kinh doanh thì yếu thế hơn đàn ông.,Gender Bias,đàm phán yếu thế hơn,phụ nữ,high,Định kiến giới gây ra bất bình đẳng và tổn hại cho cả xã hội.,1
người có rối loạn lo âu thường bị gán là không đáng tin.,Mental Health Bias,không đáng tin,người có rối loạn lo âu,high,Không có bằng chứng cho việc áp dụng định kiến này cho mọi cá nhân.,10
"Tôi không thích phụ nữ Việt Nam vì nghề lập trình là của đàn ông, con gái vào làm trông kỳ lắm.",Gender Bias,"nghề của đàn ông, lập trình",phụ nữ,high,Không nên áp đặt kỳ vọng hay giới hạn dựa trên giới tính của ai.,1
Xã hội mình vẫn quan niệm người non-binary người phi nhị nguyên giới chỉ là đang cố gây chú ý.,Gender Bias,cố gây chú ý,người phi nhị nguyên giới,high,"Mỗi cá nhân có quyền tự quyết về cuộc sống của mình, không phụ thuộc giới tính.",1
Nghe nói mấy anh thợ sửa xe thì tay chân lúc nào cũng dơ.,Occupation Bias,tay chân lúc nào cũng dơ,thợ sửa xe,medium,"Thợ sửa xe có kỹ năng kỹ thuật chuyên sâu, đảm bảo an toàn giao thông cho người dùng.",4
"Nghe nói người lái tàu hỏa thì cũng chỉ lái thôi, không cần học cao.",Occupation Bias,"chỉ lái thôi, không cần học cao",lái tàu hỏa / nhân viên lái tàu,medium,Lái tàu đòi hỏi đào tạo kỹ thuật nghiêm ngặt về hệ thống đường sắt và an toàn vận hành.,4
Nghe nói người đàn ông đàn ông lấy vợ hơn tuổi hay bị bạn bè chê cười.,Gender Bias,"bị chê cười, vợ hơn tuổi",đàn ông,medium,"Mỗi cá nhân có quyền tự quyết về cuộc sống của mình, không phụ thuộc giới tính.",1
"Làm việc với phụ nữ Việt Nam mệt lắm vì phụ nữ không hợp làm việc áp lực cao, dễ bị stress.",Gender Bias,"áp lực cao, dễ bị stress",phụ nữ,medium,Định kiến giới gây ra bất bình đẳng và tổn hại cho cả xã hội.,1
người quan tâm chính trị thường bị cho là luôn thiếu hiểu biết.,Political Bias,luôn thiếu hiểu biết,người quan tâm chính trị,high,Quan điểm chính trị không đủ để kết luận năng lực hay phẩm chất cá nhân.,9
"Mọi người đều nói con gái phải biết nhường nhịn chồng, gia đình mới êm ấm được.",Gender Bias,"nhường nhịn chồng, êm ấm gia đình",phụ nữ,high,"Giới tính không quyết định khả năng, giá trị hay vai trò của một người.",1
"Mọi người đều nói phụ nữ Việt Nam phụ nữ mà không chịu lấy chồng là ích kỷ, không lo cho gia đình.",Gender Bias,"không chịu lấy chồng, ích kỷ",phụ nữ,high,"Hãy đánh giá con người qua hành động và phẩm chất, không qua giới tính.",1
"Tôi đã từng gặp đàn bà và thấy con gái học giỏi quá đàn ông sợ, khó lấy chồng lắm.",Gender Bias,"học giỏi quá, khó lấy chồng",phụ nữ,high,Định kiến giới gây ra bất bình đẳng và tổn hại cho cả xã hội.,1
"Học sư phạm thì ra trường lương thấp, khổ lắm.",Occupation Bias,"lương thấp, khổ lắm",giáo viên / sinh viên sư phạm,low,"Nghề giáo mang lại sự thỏa mãn cao và nhiều chính sách hỗ trợ, nhiều giáo viên có cuộc sống ổn định.",4
"Nghe nói người Huế người Huế ăn nhạt, nấu ăn dở tệ.",Regional Bias,"ăn nhạt, nấu ăn dở",Người Huế,low,"Mỗi người có cá tính riêng, không nên đánh giá dựa trên xuất thân vùng miền.",12
Họ thì ai cũng biết là đồng tính luyến ái là do tiếp xúc với văn hóa phương Tây quá nhiều.,Gender Bias,"văn hóa phương Tây, tiếp xúc quá nhiều",người đồng tính,high,"Mỗi người có năng lực và phẩm chất riêng, không phụ thuộc vào giới tính.",1
"Làm việc với đàn bà mệt lắm vì phụ nữ mà không biết e thẹn, hay tán tỉnh trước trông kém duyên.",Gender Bias,"không biết e thẹn, tán tỉnh trước",phụ nữ,medium,Định kiến giới gây ra bất bình đẳng và tổn hại cho cả xã hội.,1
Tôi thấy dân Bắc nói giọng Bắc nghe chảnh lắm.,Regional Bias,"giọng Bắc, chảnh",Người miền Bắc,low,"Mỗi người có cá tính riêng, không nên đánh giá dựa trên xuất thân vùng miền.",12
Có định kiến rằng nhóm có ý kiến trái chiều luôn quá cực đoan.,Political Bias,quá cực đoan,nhóm có ý kiến trái chiều,medium,Khác biệt quan điểm có thể tồn tại mà không phản ánh giá trị con người.,9
"Tôi thấy người phụ nữ con gái phải biết cười duyên, không nên cười to.",Gender Bias,"cười to, không nên",phụ nữ,low,Định kiến giới gây ra bất bình đẳng và tổn hại cho cả xã hội.,1
"Đàn bà thì ai cũng biết là phụ nữ mà ly hôn rồi khó tái hôn lắm, ai người ta lấy.",Gender Bias,"ly hôn, khó tái hôn",phụ nữ,high,Tôn trọng sự tự do và bình đẳng của mọi người là nền tảng của xã hội văn minh.,1
"Nghe nói làm nông thì cả đời bần hàn, không khá nổi.",Occupation Bias,"cả đời bần hàn, không khá nổi",nông dân,high,Nông dân có thể áp dụng công nghệ và kinh doanh nông nghiệp để đạt thu nhập tốt.,4
Mấy ông bà chủ lớn giàu là do bóc lột nhân công chứ tài giỏi gì.,Class/Socioeconomic Bias,doanh nhân giàu,high,medium,Thành công kinh doanh đến từ nhiều yếu tố; không nên quy chụp tất cả là do bóc lột.,3
"Cứ nhìn vào người miền Bắc là thấy khó chơi lắm, phải quen lâu mới tin được.",Regional Bias,"khó chơi, thiếu cởi mở",Người miền Bắc,low,"Mỗi người có cá tính riêng, không nên đánh giá dựa trên xuất thân vùng miền.",12
Cứ nhìn vào dân Hải Phòng là thấy không đáng tin trong làm ăn.,Regional Bias,không đáng tin,Người Hải Phòng,high,Chúng ta nên tìm hiểu và tôn trọng sự khác biệt văn hóa giữa các vùng miền.,12
Người Đà Nẵng thì ai cũng biết là hay dựa vào mối quan hệ hơn thực lực.,Regional Bias,"quan hệ, thiếu thực lực",Người Đà Nẵng,medium,"Mỗi người là một cá thể độc lập, không đại diện cho tất cả người cùng vùng.",12
Sinh viên tham gia buổi thảo luận học thuật. theo kế hoạch.,Non-bias,none,none,low,Sinh viên tham gia buổi thảo luận học thuật. theo kế hoạch.,0
"Làm việc với người Quảng Nam mệt lắm vì thực dụng quá mức, không có tình cảm.",Regional Bias,"thực dụng, thiếu tình cảm",Người Quảng Nam,medium,Không nên nhìn nhận cả một nhóm người qua lăng kính định kiến.,12
người ủng hộ chính sách công thường bị cho là không nên tham gia thảo luận.,Political Bias,không nên tham gia thảo luận,người ủng hộ chính sách công,medium,Việc tham gia thảo luận chính trị không quyết định mức độ đáng tin cậy.,9
Doanh nghiệp triển khai chương trình đào tạo. trong chương trình.,Non-bias,none,none,low,Doanh nghiệp triển khai chương trình đào tạo. trong chương trình.,0
Nghề thú y thì không bằng bác sĩ người thật. Đó là định kiến cần thay đổi.,Occupation Bias,không bằng bác sĩ người thật,bác sĩ thú y,medium,Bác sĩ thú y trải qua đào tạo y khoa nghiêm ngặt và có vai trò thiết yếu trong y tế công cộng.,4
Phụ nữ sau 40 tuổi trông xuống nhan sắc hẳn.,Appearance Bias,"già, lớn tuổi, nhan sắc",phụ nữ trung niên,high,Phụ nữ ở mọi độ tuổi đều có vẻ đẹp riêng của mình.,11
"Nhiều người nghĩ chỉ làm shipper thôi mà dám lấy vợ, nuôi con sao nổi.",Occupation Bias,nuôi con sao nổi,shipper,high,"Shipper có thể có thu nhập ổn định, đủ khả năng xây dựng cuộc sống gia đình.",4
Có định kiến rằng người có quan điểm chính trị khác luôn không phù hợp vị trí lãnh đạo.,Political Bias,không phù hợp vị trí lãnh đạo,người có quan điểm chính trị khác,high,Nên đánh giá ý kiến dựa trên nội dung và bằng chứng thay vì gán nhãn cho nhóm người.,9
Người bị mụn thịt quanh mắt nhiều nhìn không trong sáng.,Appearance Bias,"mụn thịt, u nang nhỏ",người có mụn thịt,medium,Mụn thịt là tình trạng da lành tính và không phản ánh sự trong sáng hay sức khỏe tổng thể.,11
Chẳng ai phủ nhận được phụ nữ đàn ông dù điểm thấp hơn vẫn được ưu tiên học các ngành hot.,Gender Bias,điểm thấp hơn vẫn được ưu tiên,phụ nữ,high,"Định kiến giới hạn cơ hội của mọi người, bất kể họ là ai.",1
Kinh nghiệm của tôi là dân Trung hay than vãn về cuộc sống khó khăn.,Regional Bias,hay than vãn,Người miền Trung,low,Có nhiều người tuyệt vời đến từ khắp mọi vùng miền của Việt Nam.,12
"Thật ra đàn ông Việt Nam đàn ông mà dùng mỹ phẩm nhiều trông yếu đuối, không ra dáng đàn ông.",Gender Bias,"dùng mỹ phẩm, không ra dáng đàn ông",đàn ông,medium,"Mỗi người có năng lực và phẩm chất riêng, không phụ thuộc vào giới tính.",1
"Bạn tôi kể người phụ nữ con gái qua 28 tuổi mà chưa có chồng thì gia đình lo lắm, thấy đúng thật.",Gender Bias,"chưa có chồng, gia đình lo",phụ nữ,high,"Mỗi cá nhân có quyền tự quyết về cuộc sống của mình, không phụ thuộc giới tính.",1
Chẳng ai phủ nhận được dân thủ đô sống ở thủ đô mà tư duy vẫn làng xã.,Regional Bias,"tư duy làng xã, lạc hậu",Người Hà Nội,medium,Chúng ta nên tìm hiểu và tôn trọng sự khác biệt văn hóa giữa các vùng miền.,12
"Mấy đứa trẻ này quá nhạy cảm, chút gì cũng bị tổn thương.",Age Bias,"mấy đứa trẻ, quá nhạy cảm",Người trẻ,Medium,Sự nhạy cảm là đặc điểm cá nhân và có giá trị riêng trong nhiều bối cảnh.,2
Tôi đã từng gặp người phụ nữ và thấy con gái điểm cao nhưng không sáng tạo bằng con trai.,Gender Bias,"không sáng tạo bằng, con trai",phụ nữ,high,"Định kiến giới hạn cơ hội của mọi người, bất kể họ là ai.",1
"Nghe nói dân Hải Phòng sống theo luật rừng, không theo quy tắc xã hội.",Regional Bias,"luật rừng, vô pháp",Người Hải Phòng,high,"Mỗi người có cá tính riêng, không nên đánh giá dựa trên xuất thân vùng miền.",12
Các thành viên thảo luận kế hoạch nghỉ lễ. vào cuối tháng.,Non-bias,none,none,low,Các thành viên thảo luận kế hoạch nghỉ lễ. vào cuối tháng.,0
"Xã hội mình hay quan niệm giảng viên đại học thì chỉ đứng lớp, không biết làm thực tế.",Occupation Bias,không biết làm thực tế,giảng viên đại học,medium,Nhiều giảng viên đại học có kinh nghiệm thực tiễn phong phú và gắn kết chặt chẽ với ngành công nghiệp.,4
"Bà cụ đó hay nhầm lẫn, không tin tưởng được.",Age Bias,"bà cụ, hay nhầm lẫn",Người cao tuổi,Medium,Không thể đánh giá chung năng lực nhận thức của người cao tuổi.,2
"Người ta vẫn hay nói phụ nữ phụ nữ không hợp làm việc áp lực cao, dễ bị stress.",Gender Bias,"áp lực cao, dễ bị stress",phụ nữ,medium,"Định kiến giới hạn cơ hội của mọi người, bất kể họ là ai.",1
"Ông ta lớn tuổi rồi, không nên giao dự án quan trọng.",Age Bias,"lớn tuổi rồi, không nên giao",Người cao tuổi,High,"Năng lực xử lý dự án phụ thuộc vào kỹ năng và kinh nghiệm, không phải tuổi tác.",2
Nghe nói người Sài Gòn nói giọng nghe quê mùa.,Regional Bias,"giọng quê mùa, phương ngữ",Người miền Nam,low,"Mỗi người là một cá thể độc lập, không đại diện cho tất cả người cùng vùng.",12
Câu chuyện hay gặp là người đồng tính nữ con gái mà cắt tóc ngắn mặc đồ nam thì trông không ra con gái.,Gender Bias,"cắt tóc ngắn mặc đồ nam, không ra con gái",người đồng tính nữ,medium,Không nên áp đặt kỳ vọng hay giới hạn dựa trên giới tính của ai.,1
Nghe nói phụ nữ Việt Nam phụ nữ hay đầu tư vào hàng hiệu hơn là tài sản thật sự.,Gender Bias,"hàng hiệu, không đầu tư tài sản",phụ nữ,medium,Sự đa dạng về giới tính là một phần tự nhiên của con người và xã hội.,1
"Mọi người đều nói con trai đàn ông phải kiếm nhiều tiền hơn vợ, không thì mất mặt.",Gender Bias,"kiếm nhiều hơn vợ, mất mặt",đàn ông,high,Định kiến giới gây ra bất bình đẳng và tổn hại cho cả xã hội.,1
"Dân gian hay nói đàn bà đàn ông thạc sĩ tiến sĩ mới ra dáng, đàn bà học cao trông kỳ.",Gender Bias,đàn bà học cao trông kỳ,phụ nữ,high,"Định kiến giới hạn cơ hội của mọi người, bất kể họ là ai.",1
Người làm nghiên cứu khoa học thì sống xa thực tế lắm. Đó là định kiến cần thay đổi.,Occupation Bias,sống xa thực tế,nhà nghiên cứu,medium,Nhà nghiên cứu đóng góp thiết yếu cho tiến bộ xã hội thông qua các giải pháp dựa trên bằng chứng.,4
"Ông bà tôi hay nói dân IT thì chỉ ngồi máy tính cả ngày, chẳng biết làm việc thực tế.",Occupation Bias,chẳng biết làm việc thực tế,lập trình viên / nhân viên IT,medium,Nhân viên IT giải quyết các vấn đề thực tế phức tạp và đóng góp vào hoạt động của mọi tổ chức.,4
Kinh nghiệm của tôi là người phụ nữ phụ nữ học nghệ thuật hay ngôn ngữ phù hợp hơn khoa học tự nhiên.,Gender Bias,"phù hợp hơn, nghệ thuật ngôn ngữ",phụ nữ,medium,Tôn trọng sự tự do và bình đẳng của mọi người là nền tảng của xã hội văn minh.,1
Nhiều người nghĩ người làm vườn thì sống kiếp nghèo không lối thoát.,Occupation Bias,sống kiếp nghèo không lối thoát,người làm vườn,high,"Người làm vườn có thể phát triển trong nông nghiệp đô thị, cảnh quan và nhiều lĩnh vực liên quan.",4
"Người miền Trung thì ai cũng biết là ít giao tiếp, khép kín với người lạ.",Regional Bias,"khép kín, ít giao tiếp",Người miền Trung,low,Mỗi vùng miền có văn hóa và giá trị riêng đáng được tôn trọng.,12
người hoạt động xã hội bị gắn nhãn là khó hợp tác trong tranh luận.,Political Bias,khó hợp tác,người hoạt động xã hội,medium,Khác biệt quan điểm có thể tồn tại mà không phản ánh giá trị con người.,9
Có định kiến rằng người quan tâm chính trị luôn luôn thiếu hiểu biết.,Political Bias,luôn thiếu hiểu biết,người quan tâm chính trị,high,Tránh suy diễn tính cách từ lập trường hoặc mức độ quan tâm chính trị.,9
Người ta vẫn hay nói con gái phụ nữ không phù hợp với các vị trí CEO hay giám đốc điều hành.,Gender Bias,"không phù hợp CEO, giám đốc điều hành",phụ nữ,high,Tôn trọng sự tự do và bình đẳng của mọi người là nền tảng của xã hội văn minh.,1
Người làm bánh thì cũng chỉ là thợ lặt vặt thôi.,Occupation Bias,thợ lặt vặt,thợ làm bánh,medium,"Thợ làm bánh chuyên nghiệp kết hợp kỹ thuật và nghệ thuật, nhiều người thành công với thương hiệu riêng.",4
"Tôi né dân miền Nam vì nói chuyện bỗ bã, thiếu lễ phép.",Regional Bias,"bỗ bã, thiếu lễ phép",Người Sài Gòn,medium,"Mỗi người là một cá thể độc lập, không đại diện cho tất cả người cùng vùng.",12
"Mấy đứa quê mùa này lên thành phố cứ hỏi đường hoài, phiền lắm.",Class/Socioeconomic Bias,người từ nông thôn,high,low,"Việc hỏi đường ở môi trường mới là bình thường với bất kỳ ai, dù từ đâu đến.",3
"Nghe nói nuôi heo, nuôi gà thì cũng chỉ là chăn nuôi tay chân.",Occupation Bias,chỉ là chăn nuôi tay chân,người chăn nuôi,medium,"Chăn nuôi hiện đại đòi hỏi kiến thức về dinh dưỡng, thú y và quản lý trang trại.",4
Mọi người đều nói phụ nữ Việt Nam phụ nữ sau khi sinh phải ở nhà ít nhất vài năm để chăm con.,Gender Bias,"ở nhà chăm con, sau khi sinh",phụ nữ,medium,"Giới tính không quyết định khả năng, giá trị hay vai trò của một người.",1
"Làm việc với đàn ông mệt lắm vì đàn ông phải mạnh dạn, sợ khó khăn thì không ra gì.",Gender Bias,"sợ khó khăn, không ra gì",đàn ông,medium,"Giới tính không quyết định khả năng, giá trị hay vai trò của một người.",1
Thật ra dân Quảng nói một đằng làm một nẻo.,Regional Bias,"không thật lòng, hai mặt",Người Quảng Nam,high,"Mỗi người là một cá thể độc lập, không đại diện cho tất cả người cùng vùng.",12
"Thật ra đàn ông Việt Nam đàn ông mà hay lo lắng, sợ hãi thì trông hèn.",Gender Bias,"hay lo lắng sợ hãi, trông hèn",đàn ông,high,Sự đa dạng về giới tính là một phần tự nhiên của con người và xã hội.,1
"Bọn trẻ bây giờ ích kỷ, chỉ nghĩ cho bản thân.",Age Bias,"bọn trẻ, ích kỷ",Người trẻ,High,Nhiều người trẻ tình nguyện và đóng góp tích cực cho cộng đồng.,2
"Mọi người đều nói người phụ nữ làm kỹ thuật thì không bằng đàn ông, tư duy logic kém hơn.",Gender Bias,"tư duy logic kém, kỹ thuật",phụ nữ,high,Sự đa dạng về giới tính là một phần tự nhiên của con người và xã hội.,1
người có quan điểm chính trị khác bị gắn nhãn là không khách quan trong tranh luận.,Political Bias,không khách quan,người có quan điểm chính trị khác,medium,Nên đánh giá ý kiến dựa trên nội dung và bằng chứng thay vì gán nhãn cho nhóm người.,9
"Người ta vẫn hay nói dân Hải Phòng sống theo luật rừng, không theo quy tắc xã hội.",Regional Bias,"luật rừng, vô pháp",Người Hải Phòng,high,Mỗi vùng miền có văn hóa và giá trị riêng đáng được tôn trọng.,12
"Ông bà tôi hay nói làm tài xế container thì suốt ngày trên đường, không học hỏi được gì.",Occupation Bias,không học hỏi được gì,tài xế container,medium,Tài xế container cần kỹ năng vận hành xe hạng nặng và quản lý hành trình vận tải chuyên nghiệp.,4
Mắt một mí trông không sắc sảo bằng mắt hai mí.,Appearance Bias,mắt một mí,người mắt một mí,medium,Cả mắt một mí và hai mí đều có vẻ đẹp riêng.,11
Nhiều người nghĩ người dọn phòng khách sạn thì làm việc không cần nghĩ ngợi gì.,Occupation Bias,không cần nghĩ ngợi gì,nhân viên dọn phòng khách sạn,medium,"Nhân viên dọn phòng cần kỹ năng tổ chức, chú ý chi tiết và hiểu biết về tiêu chuẩn vệ sinh khách sạn.",4
Đến người Huế mà hay mặc cảm tự ti về xuất thân thì biết nói gì.,Regional Bias,"tự ti, mặc cảm",Người miền Trung,medium,Chúng ta nên tìm hiểu và tôn trọng sự khác biệt văn hóa giữa các vùng miền.,12
Gia đình tổ chức buổi gặp mặt nhỏ. ở buổi họp.,Non-bias,none,none,low,Gia đình tổ chức buổi gặp mặt nhỏ. ở buổi họp.,0
Ông bà tôi hay nói phục vụ quán cà phê thì không học hành gì vẫn làm được.,Occupation Bias,không học hành gì vẫn làm được,nhân viên quán cà phê,medium,"Nhân viên quán cà phê cần kỹ năng pha chế, giao tiếp khách hàng và quản lý thời gian.",4
Mọi người đều nói dân xứ Quảng hay tự cao về truyền thống địa phương.,Regional Bias,"tự cao, cục bộ",Người Quảng Nam,medium,Không công bằng khi áp đặt định kiến lên cả một cộng đồng người.,12
Nói thật chứ đàn bà phụ nữ hay bỏ việc khi lấy chồng nên sếp không muốn đầu tư.,Gender Bias,"bỏ việc khi lấy chồng, không muốn đầu tư",phụ nữ,high,"Hãy đánh giá con người qua hành động và phẩm chất, không qua giới tính.",1
Người không có bằng đại học thì đừng mong vào làm chỗ tốt được.,Class/Socioeconomic Bias,người không có bằng đại học,high,medium,Kỹ năng và kinh nghiệm thực tế cũng là yếu tố quan trọng trong tuyển dụng.,3
Tôi né dân Hải Phòng vì hay dùng bạo lực để giải quyết vấn đề.,Regional Bias,"bạo lực, hung hãn",Người Hải Phòng,high,Không công bằng khi áp đặt định kiến lên cả một cộng đồng người.,12
"Con bé đó ăn mặc cũ kỹ chắc nhà nghèo, tội nghiệp.",Class/Socioeconomic Bias,người nghèo,low,medium,Nên tiếp cận mọi người bằng sự tôn trọng thay vì thương hại dựa trên ngoại hình.,3
"Ông bà tôi hay nói nghề chăn trâu thì lạc hậu, người văn minh không làm.",Occupation Bias,"lạc hậu, người văn minh không làm",người chăn trâu,high,"Chăn nuôi gia súc là ngành kinh tế quan trọng, không có gì là lạc hậu trong việc này.",4
"Không ít người cho rằng con gái việc giáo dục con cái là trách nhiệm của mẹ, không phải của bố.",Gender Bias,"trách nhiệm của mẹ, giáo dục con",phụ nữ,medium,"Mỗi cá nhân có quyền tự quyết về cuộc sống của mình, không phụ thuộc giới tính.",1
"Nhà vườn nhà ruộng thì đủ ăn thôi, nghĩ gì đến chuyện làm giàu.",Class/Socioeconomic Bias,nông dân,medium,medium,Người nông dân cũng có thể và có quyền xây dựng tài chính vững chắc.,3
Không ít người cho rằng đàn ông Việt Nam đàn ông mới phù hợp làm quản lý vì cứng rắn và quyết đoán hơn.,Gender Bias,"cứng rắn quyết đoán, quản lý",đàn ông,high,Định kiến giới gây ra bất bình đẳng và tổn hại cho cả xã hội.,1
Không biết sao chứ phụ nữ đàn ông tuy học kém nhưng nhanh nhạy thực tế hơn phụ nữ.,Gender Bias,"học kém, nhanh nhạy thực tế hơn",phụ nữ,high,Định kiến giới gây ra bất bình đẳng và tổn hại cho cả xã hội.,1
Nghe nói nhạc công chơi nhạc đám cưới thì không phải nhạc sĩ thật sự.,Occupation Bias,không phải nhạc sĩ thật sự,nhạc công,medium,Nhạc công đám cưới có kỹ năng âm nhạc thực sự và đóng góp cho văn hóa lễ hội.,4
"Tôi thấy con gái con trai học kỹ thuật, con gái học kinh tế hay sư phạm thôi.",Gender Bias,"con trai kỹ thuật, con gái sư phạm",phụ nữ,medium,Tôn trọng sự tự do và bình đẳng của mọi người là nền tảng của xã hội văn minh.,1
Tôi thấy người chuyển giới người chuyển giới chỉ là người bệnh tâm thần đang nhầm lẫn về bản thân.,Gender Bias,"bệnh tâm thần, nhầm lẫn về bản thân",người chuyển giới,high,Tôn trọng sự tự do và bình đẳng của mọi người là nền tảng của xã hội văn minh.,1
người H'Mông thường bị cho là ít cơ hội phát triển.,Ethnicity Bias,ít cơ hội phát triển,người H'Mông,low,Không có bằng chứng cho việc áp dụng định kiến này cho mọi cá nhân.,7
Có định kiến rằng công chức luôn khó hợp tác.,Political Bias,khó hợp tác,công chức,medium,Nên đánh giá ý kiến dựa trên nội dung và bằng chứng thay vì gán nhãn cho nhóm người.,9
Mọi người đều nói người đàn ông đàn ông mới phù hợp làm quản lý vì cứng rắn và quyết đoán hơn.,Gender Bias,"cứng rắn quyết đoán, quản lý",đàn ông,high,Sự đa dạng về giới tính là một phần tự nhiên của con người và xã hội.,1
Nhiều người nghĩ phụ nữ làm tài xế thì lái xe không khéo bằng đàn ông.,Occupation Bias,không khéo bằng đàn ông,tài xế nữ,high,Kỹ năng lái xe không phân biệt giới tính; nhiều tài xế nữ có hồ sơ an toàn xuất sắc.,4
Ông bà tôi hay nói giao hàng là cái nghề của người thất bại.,Occupation Bias,nghề của người thất bại,người giao hàng,high,"Nghề giao hàng là dịch vụ thiết yếu trong nền kinh tế hiện đại, không liên quan đến thành công hay thất bại.",4
Người bị nám dày vùng râu không đẹp như người da sáng bóng.,Appearance Bias,"nám, da không đều",người da không đều,high,Mọi màu da và tình trạng da đều đáng được tôn trọng.,11
Nghe nói người thuộc cộng đồng LGBT người LGBT không nên làm giáo viên vì ảnh hưởng đến học sinh.,Gender Bias,"không nên làm giáo viên, ảnh hưởng học sinh",người LGBT,high,"Giới tính không quyết định khả năng, giá trị hay vai trò của một người.",1
"Già rồi còn cố gắng theo kịp bọn trẻ, trông tội lắm.",Age Bias,"già rồi, tội lắm",Người cao tuổi,High,Nỗ lực phát triển bản thân ở mọi lứa tuổi đều đáng được tôn trọng.,2
"Tôi đã từng gặp dân miền Nam và thấy chỉ biết kiếm tiền, không quan tâm gia đình.",Regional Bias,"ham tiền, thiếu quan tâm gia đình",Người Sài Gòn,high,"Mỗi người có cá tính riêng, không nên đánh giá dựa trên xuất thân vùng miền.",12
Nói thật chứ con gái mà không biết nấu ăn thì lấy chồng ai người ta lấy.,Gender Bias,"nấu ăn, lấy chồng",phụ nữ,high,Tôn trọng sự tự do và bình đẳng của mọi người là nền tảng của xã hội văn minh.,1
"Tôi thấy người đàn ông đàn ông mà hay lo lắng, sợ hãi thì trông hèn.",Gender Bias,"hay lo lắng sợ hãi, trông hèn",đàn ông,high,Mọi người đều xứng đáng được tôn trọng bất kể giới tính hay xu hướng tính dục.,1
"Nghe nói dân Đà Nẵng ít cầu tiến, bằng lòng với hiện tại.",Regional Bias,"ít cầu tiến, bằng lòng",Người Đà Nẵng,medium,Không công bằng khi áp đặt định kiến lên cả một cộng đồng người.,12
Người bị khèo chân đi lạch bạch trông buồn cười.,Appearance Bias,"khèo chân, đi khập khiễng",người đi khập khiễng,high,Dáng đi do tình trạng y tế không nên bị coi là buồn cười.,11
Người làm bảo vệ thì không hiểu được chiến lược kinh doanh đâu.,Class/Socioeconomic Bias,người làm,lao động phổ thông,high,Nghề nghiệp không xác định khả năng hiểu biết của một người.,3
"Nghe nói người Đà Nẵng nói chuyện thô lỗ, thiếu tế nhị.",Regional Bias,"thô lỗ, thiếu tế nhị",Người Đà Nẵng,medium,Định kiến vùng miền gây chia rẽ và không phản ánh thực tế đa dạng của con người.,12
"Chẳng ai phủ nhận được người Hà Nội gốc hay phân biệt vùng miền, coi thường người miền khác.",Regional Bias,phân biệt vùng miền,Người miền Bắc,high,Không nên nhìn nhận cả một nhóm người qua lăng kính định kiến.,12
Mấy bạn nhỏ này không biết phân biệt thông tin đúng sai.,Age Bias,"mấy bạn nhỏ, không phân biệt",Người trẻ,Medium,Kỹ năng đánh giá thông tin cần được giáo dục cho mọi lứa tuổi.,2
Kinh nghiệm của tôi là người Hà Nội gốc nói giọng Hà Nội giờ nghe lai căng.,Regional Bias,"lai căng, giọng Hà Nội",Người Hà Nội,low,Mỗi vùng miền có văn hóa và giá trị riêng đáng được tôn trọng.,12
Mấy đại gia Việt thì chủ yếu giàu nhờ đầu cơ chứ tài năng gì.,Class/Socioeconomic Bias,"đại gia, giàu nhờ tiêu cực",người giàu,high,Không nên phán xét cách người khác tích lũy tài sản khi thiếu thông tin đầy đủ.,3
Đại gia toàn bọn ít học nhưng may mắn hoặc mánh lới.,Class/Socioeconomic Bias,người giàu,high,low,"Nhiều người giàu có đạt được thành công nhờ học vấn, nỗ lực và chiến lược kinh doanh.",3
Nhiều người nghĩ rằng người ủng hộ chính sách công không khách quan.,Political Bias,không khách quan,người ủng hộ chính sách công,medium,Ý kiến khác nhau không tự động đồng nghĩa với thiếu năng lực.,9
"Nghe nói người Đà Nẵng người Đà Nẵng hay chém gió, nói nhiều làm ít.",Regional Bias,"chém gió, nói nhiều làm ít",Người Đà Nẵng,medium,"Hãy đánh giá mỗi người qua hành động và phẩm chất của họ, không phải quê quán.",12
"Nhà quê mà cũng biết lập trình à, lạ thật.",Class/Socioeconomic Bias,nhà quê,người nông thôn,medium,Kỹ năng và năng lực không phụ thuộc vào xuất thân địa lý.,3
Mấy anh môi giới tài chính thì chỉ lợi dụng khách hàng.,Occupation Bias,lợi dụng khách hàng,môi giới tài chính,high,Chuyên gia tư vấn tài chính có đạo đức đặt lợi ích khách hàng lên hàng đầu trong các khuyến nghị.,4
Xã hội mình hay quan niệm mày mà không học thì sau này chỉ đi quét rác thôi.,Occupation Bias,chỉ đi quét rác,lao động vệ sinh,high,"Lao động vệ sinh là nghề đáng trân trọng, góp phần giữ gìn môi trường sống sạch đẹp.",4
"Tôi thấy người Đà Nẵng người Đà Nẵng hay chém gió, nói nhiều làm ít.",Regional Bias,"chém gió, nói nhiều làm ít",Người Đà Nẵng,medium,Có nhiều người tuyệt vời đến từ khắp mọi vùng miền của Việt Nam.,12
"Người lái tàu hỏa thì cũng chỉ lái thôi, không cần học cao.",Occupation Bias,"chỉ lái thôi, không cần học cao",lái tàu hỏa / nhân viên lái tàu,medium,Lái tàu đòi hỏi đào tạo kỹ thuật nghiêm ngặt về hệ thống đường sắt và an toàn vận hành.,4
"Ông bà tôi hay nói nghề thợ nề thì cực khổ mà thu nhập thấp, đừng chọn.",Occupation Bias,"thu nhập thấp, đừng chọn",thợ nề / xây dựng,medium,Thợ nề lành nghề có thu nhập tốt và là nghề thiết yếu trong ngành xây dựng.,4
"Chẳng ai phủ nhận được dân miền Nam dân Sài Gòn sống vội, không coi trọng tình cảm.",Regional Bias,"sống vội, thiếu tình cảm",Người Sài Gòn,medium,"Tính cách con người phụ thuộc vào nhiều yếu tố cá nhân, không phải nơi sinh ra.",12
"Ai cũng biết dân Đà Nẵng ít cầu tiến, bằng lòng với hiện tại.",Regional Bias,"ít cầu tiến, bằng lòng",Người Đà Nẵng,medium,Mỗi vùng miền có văn hóa và giá trị riêng đáng được tôn trọng.,12
"Nhà khó khăn mà dám mua điện thoại xịn, ưu tiên sai chỗ rồi.",Class/Socioeconomic Bias,người thu nhập thấp,medium,medium,Mỗi người có quyền tự quyết định cách chi tiêu trong khả năng của mình.,3
"Thật ra dân miền Nam nói chuyện bỗ bã, thiếu lễ phép.",Regional Bias,"bỗ bã, thiếu lễ phép",Người Sài Gòn,medium,Không nên nhìn nhận cả một nhóm người qua lăng kính định kiến.,12
Kinh nghiệm của tôi là người đồng tính nữ con gái mà cắt tóc ngắn mặc đồ nam thì trông không ra con gái.,Gender Bias,"cắt tóc ngắn mặc đồ nam, không ra con gái",người đồng tính nữ,medium,Mọi người đều xứng đáng được tôn trọng bất kể giới tính hay xu hướng tính dục.,1
Chẳng ai phủ nhận được người Hà Nội nói giọng Hà Nội giờ nghe lai căng.,Regional Bias,"lai căng, giọng Hà Nội",Người Hà Nội,low,Không công bằng khi áp đặt định kiến lên cả một cộng đồng người.,12
"Làm việc với người Hà Nội chính gốc mệt lắm vì hay sĩ diện, thích khoe mẽ.",Regional Bias,"sĩ diện, khoe mẽ",Người miền Bắc,medium,Không nên nhìn nhận cả một nhóm người qua lăng kính định kiến.,12
"Bạn tôi kể người phụ nữ làm y tá, giáo viên mầm non phù hợp hơn là làm kỹ sư, thấy đúng thật.",Gender Bias,"phù hợp hơn, y tá giáo viên",phụ nữ,medium,Sự đa dạng về giới tính là một phần tự nhiên của con người và xã hội.,1
"Người ta vẫn hay nói con gái phụ nữ mà có nhiều tiền thường khó tính, khó chịu.",Gender Bias,nhiều tiền khó tính khó chịu,phụ nữ,medium,Sự đa dạng về giới tính là một phần tự nhiên của con người và xã hội.,1
"Nhiều người nghĩ mấy đứa làm quán bar, vũ trường thì không phải dạng đàng hoàng.",Occupation Bias,không phải dạng đàng hoàng,nhân viên quán bar / vũ trường,high,Nhân viên ngành giải trí là người lao động nghiêm túc và xứng đáng được tôn trọng.,4
Lớp học tổ chức hoạt động trải nghiệm. vào cuối tháng.,Non-bias,none,none,low,Lớp học tổ chức hoạt động trải nghiệm. vào cuối tháng.,0
Người dưới thấp trong xã hội thì phải biết cư xử đúng chỗ của mình.,Class/Socioeconomic Bias,người thu nhập thấp,high,high,Xã hội bình đẳng không phân chia 'chỗ' của người theo mức thu nhập.,3
Người bị chảy xệ mí mắt trông như buồn ngủ không lanh lợi.,Appearance Bias,"chảy mí, sụp mí",người chảy mí mắt,medium,"Mí mắt chảy xệ là đặc điểm tự nhiên hay tình trạng y tế, không phản ánh sự lanh lợi.",11
người có quan điểm chính trị khác thường bị cho là chỉ nói theo đám đông.,Political Bias,chỉ nói theo đám đông,người có quan điểm chính trị khác,low,Không nên đồng nhất mọi cá nhân trong một nhóm quan điểm.,9
Ông bà tôi hay nói kế toán thì chỉ là người làm thuê hạng trung.,Occupation Bias,người làm thuê hạng trung,kế toán viên,medium,Kế toán là nghề chuyên môn quan trọng đòi hỏi kiến thức nghiệp vụ và đạo đức nghề nghiệp cao.,4
Các thành viên thảo luận kế hoạch nghỉ lễ. ở buổi họp.,Non-bias,none,none,low,Các thành viên thảo luận kế hoạch nghỉ lễ. ở buổi họp.,0
Doanh nghiệp triển khai chương trình đào tạo. theo kế hoạch.,Non-bias,none,none,low,Doanh nghiệp triển khai chương trình đào tạo. theo kế hoạch.,0
"Nhiều người nghĩ làm game thì có phải là nghề thật đâu, chơi suốt ngày.",Occupation Bias,chơi suốt ngày,lập trình viên game / game designer,medium,Phát triển game là ngành công nghiệp tỷ đô đòi hỏi kỹ năng kỹ thuật và sáng tạo cao.,4
"Người ta vẫn hay nói dân Quảng làm ăn nhỏ lẻ, không có tầm nhìn xa.",Regional Bias,"thiếu tầm nhìn, nhỏ lẻ",Người Quảng Nam,medium,Mỗi vùng miền có văn hóa và giá trị riêng đáng được tôn trọng.,12
Ông bà tôi hay nói thợ thêu thùa thì cũng chỉ là nghề phụ nữ nhàn rỗi.,Occupation Bias,nghề phụ nữ nhàn rỗi,thợ thêu,medium,Thêu thùa là nghề đòi hỏi kỹ năng cao và sản phẩm có giá trị mỹ thuật và kinh tế thực sự.,4
người quan tâm chính trị thường bị cho là chỉ nói theo đám đông.,Political Bias,chỉ nói theo đám đông,người quan tâm chính trị,low,Tránh suy diễn tính cách từ lập trường hoặc mức độ quan tâm chính trị.,9
"Người quê lên thành phố cứ tưởng mình ghê lắm sau vài năm, hài.",Class/Socioeconomic Bias,người từ nông thôn,medium,medium,"Sự tự tin và phát triển bản thân là điều tích cực, không nên mỉa mai.",3
Người làm lao công thì không hiểu được quản lý nhân sự đâu.,Class/Socioeconomic Bias,người làm,lao động phổ thông,high,Nghề nghiệp không xác định khả năng hiểu biết của một người.,3
Thật ra dân xứ Nghệ hay mặc cảm tự ti về xuất thân.,Regional Bias,"tự ti, mặc cảm",Người miền Trung,medium,"Tính cách con người phụ thuộc vào nhiều yếu tố cá nhân, không phải nơi sinh ra.",12
Kinh nghiệm của tôi là đàn bà phụ nữ không có tư duy toán học tốt bằng đàn ông.,Gender Bias,"tư duy toán học, không bằng đàn ông",phụ nữ,high,Tôn trọng sự tự do và bình đẳng của mọi người là nền tảng của xã hội văn minh.,1
Không ít người cho rằng người đồng tính nam hai đàn ông mà yêu nhau thì trái với tự nhiên.,Gender Bias,trái với tự nhiên,người đồng tính nam,high,Sự đa dạng về giới tính là một phần tự nhiên của con người và xã hội.,1
Nói thật chứ đàn ông Việt Nam đàn ông mà hay chia sẻ cảm xúc trông giống đàn bà quá.,Gender Bias,"chia sẻ cảm xúc, giống đàn bà",đàn ông,high,"Giới tính không quyết định khả năng, giá trị hay vai trò của một người.",1
Nghe nói thằng đó học dốt nên chỉ làm được công nhân thôi.,Occupation Bias,"học dốt, chỉ làm được",công nhân,high,Người làm công nhân có kỹ năng và đóng góp quan trọng cho xã hội.,4
Làm công nhân may thì tương lai tối tăm lắm.,Occupation Bias,tương lai tối tăm,công nhân may,high,Công nhân may có thể phát triển kỹ năng và thăng tiến trong ngành dệt may.,4
Con gái thì ai cũng biết là phụ nữ giỏi nhớ nhưng không giỏi suy luận như đàn ông.,Gender Bias,"giỏi nhớ, không giỏi suy luận",phụ nữ,high,Tôn trọng sự tự do và bình đẳng của mọi người là nền tảng của xã hội văn minh.,1
Mọi người trong nhà chia sẻ việc dọn dẹp. trong tuần này.,Non-bias,none,none,low,Mọi người trong nhà chia sẻ việc dọn dẹp. trong tuần này.,0
"Con gái đi làm nhiều quá rồi bỏ bê gia đình, không ra gì.",Gender Bias,"bỏ bê gia đình, đi làm",phụ nữ,high,Sự đa dạng về giới tính là một phần tự nhiên của con người và xã hội.,1
Người dạy học ở trung tâm tiếng Anh thì không có chuyên môn cao.,Occupation Bias,không có chuyên môn cao,giáo viên trung tâm,medium,Giáo viên trung tâm tiếng Anh thường có bằng cấp chuyên ngữ và kinh nghiệm giảng dạy thực tế.,4
Làm việc với người Nghệ An mệt lắm vì hay coi thường người khác vùng.,Regional Bias,"coi thường, phân biệt vùng miền",Người Nghệ An,high,Định kiến vùng miền gây chia rẽ và không phản ánh thực tế đa dạng của con người.,12
"Lái xe tải thì học được gì, ngồi lái cả ngày thôi mà.",Occupation Bias,"học được gì, ngồi lái cả ngày",tài xế xe tải,medium,"Tài xế xe tải cần kỹ năng vận hành xe lớn, quản lý lộ trình và tuân thủ quy định giao thông phức tạp.",4
Phụ nữ làm tài xế thì lái xe không khéo bằng đàn ông. Đó là định kiến cần thay đổi.,Occupation Bias,không khéo bằng đàn ông,tài xế nữ,low,Kỹ năng lái xe không phân biệt giới tính; nhiều tài xế nữ có hồ sơ an toàn xuất sắc.,4
Nghe nói mấy anh môi giới tài chính thì chỉ lợi dụng khách hàng.,Occupation Bias,lợi dụng khách hàng,môi giới tài chính,high,Chuyên gia tư vấn tài chính có đạo đức đặt lợi ích khách hàng lên hàng đầu trong các khuyến nghị.,4
"Không biết sao chứ người Hà Nội gốc chỉ lo bon chen, tranh giành.",Regional Bias,"bon chen, tranh giành",Người miền Bắc,high,Không công bằng khi áp đặt định kiến lên cả một cộng đồng người.,12
Làm việc với người TP.HCM mệt lắm vì không trân trọng truyền thống văn hóa.,Regional Bias,thiếu trân trọng truyền thống,Người Sài Gòn,medium,"Mỗi người có cá tính riêng, không nên đánh giá dựa trên xuất thân vùng miền.",12
Buổi biểu diễn giới thiệu nghệ thuật truyền thống. trong tuần này.,Non-bias,none,none,low,Buổi biểu diễn giới thiệu nghệ thuật truyền thống. trong tuần này.,0
Người làm lao công thì không hiểu được kinh tế vĩ mô đâu.,Class/Socioeconomic Bias,người làm,lao động phổ thông,high,Nghề nghiệp không xác định khả năng hiểu biết của một người.,3
"Cứ nhìn vào người Huế là thấy hay giữ thù lâu, không dễ bỏ qua.",Regional Bias,"thù dai, cố chấp",Người miền Trung,medium,Có nhiều người tuyệt vời đến từ khắp mọi vùng miền của Việt Nam.,12
nhóm có ý kiến trái chiều thường bị cho là chỉ nói theo đám đông.,Political Bias,chỉ nói theo đám đông,nhóm có ý kiến trái chiều,low,Nên đánh giá ý kiến dựa trên nội dung và bằng chứng thay vì gán nhãn cho nhóm người.,9
Người hay vắt chân chữ ngũ vì béo trông không sang trọng.,Appearance Bias,"vắt chân, béo",người thừa cân,medium,Tư thế ngồi không liên quan đến sự sang trọng hay cân nặng.,11
"Người ta vẫn hay nói người Hải Phòng nói chuyện bỗ bã, thiếu văn hóa.",Regional Bias,"bỗ bã, thiếu văn hóa",Người Hải Phòng,high,Mỗi vùng miền có văn hóa và giá trị riêng đáng được tôn trọng.,12
Người bị sẹo do tai nạn xe tránh nhìn thẳng vào.,Appearance Bias,"sẹo tai nạn, dị dạng do tai nạn",người có sẹo do tai nạn,high,Người có sẹo do tai nạn xứng đáng được nhìn thẳng và đối xử bình đẳng.,11
Xã hội mình hay quan niệm nhân viên vệ sinh công nghiệp thì công việc nhục lắm.,Occupation Bias,công việc nhục,nhân viên vệ sinh,high,"Nhân viên vệ sinh duy trì môi trường sạch sẽ, đóng góp trực tiếp vào sức khỏe cộng đồng.",4
"Làm việc với người cố đô mệt lắm vì người Huế ăn nhạt, nấu ăn dở tệ.",Regional Bias,"ăn nhạt, nấu ăn dở",Người Huế,low,"Mỗi người có cá tính riêng, không nên đánh giá dựa trên xuất thân vùng miền.",12
Ông bà tôi hay nói mấy anh môi giới tài chính thì chỉ lợi dụng khách hàng.,Occupation Bias,lợi dụng khách hàng,môi giới tài chính,high,Chuyên gia tư vấn tài chính có đạo đức đặt lợi ích khách hàng lên hàng đầu trong các khuyến nghị.,4
"Nghe nói con gái làm kỹ thuật thì không hợp, nên làm nghề nhẹ nhàng hơn.",Occupation Bias,không hợp,phụ nữ trong kỹ thuật,high,Phụ nữ hoàn toàn có khả năng thành công trong các lĩnh vực kỹ thuật và công nghệ.,4
"Đến dân Huế mà bảo thủ, gắn với cái cũ không chịu thay đổi thì biết nói gì.",Regional Bias,"bảo thủ, không chịu thay đổi",Người Huế,medium,"Hãy đánh giá mỗi người qua hành động và phẩm chất của họ, không phải quê quán.",12
Mấy bạn trẻ này không biết ưu tiên công việc đúng cách.,Age Bias,"mấy bạn trẻ, ưu tiên công việc",Người trẻ,Medium,Kỹ năng quản lý thời gian và ưu tiên công việc có thể phát triển qua đào tạo.,2
"Kinh nghiệm của tôi là phụ nữ đàn ông thạc sĩ tiến sĩ mới ra dáng, đàn bà học cao trông kỳ.",Gender Bias,đàn bà học cao trông kỳ,phụ nữ,high,Tôn trọng sự tự do và bình đẳng của mọi người là nền tảng của xã hội văn minh.,1
Người mắt lé trông không đáng tin.,Appearance Bias,"mắt lé, lác mắt",người mắt lé,high,Tật khúc xạ của mắt không phản ánh tính cách hay độ tin cậy.,11
"Thật ra người Nghệ Tĩnh dân xứ Nghệ cứng đầu, không nghe ai khuyên.",Regional Bias,"cứng đầu, bướng bỉnh",Người Nghệ An,medium,Có nhiều người tuyệt vời đến từ khắp mọi vùng miền của Việt Nam.,12
Nghe nói làm giúp việc nhà thì cũng không khác gì người ở đợ.,Occupation Bias,không khác gì người ở đợ,giúp việc nhà,high,Người giúp việc nhà cung cấp dịch vụ thiết yếu và xứng đáng được đối xử bình đẳng.,4
Nhiều người nghĩ rằng người có quan điểm chính trị khác không nên tham gia thảo luận.,Political Bias,không nên tham gia thảo luận,người có quan điểm chính trị khác,medium,Nên đánh giá ý kiến dựa trên nội dung và bằng chứng thay vì gán nhãn cho nhóm người.,9
"Ông bà tôi hay nói thợ nước thì ai chẳng làm được, cần gì phải học nghề.",Occupation Bias,"ai chẳng làm được, cần gì học",thợ nước,medium,"Thợ nước cần hiểu biết về hệ thống ống, áp suất và quy chuẩn kỹ thuật để làm việc an toàn.",4
Thật ra con gái con gái mà không biết thêu thùa may vá thì sau này khổ.,Gender Bias,"thêu thùa may vá, con gái",phụ nữ,medium,"Giới tính không quyết định khả năng, giá trị hay vai trò của một người.",1
"Câu chuyện hay gặp là đàn ông đàn ông phải cứng rắn, không được biểu lộ cảm xúc nhiều.",Gender Bias,"cứng rắn, không biểu lộ cảm xúc",đàn ông,high,Không nên áp đặt kỳ vọng hay giới hạn dựa trên giới tính của ai.,1
Người làm xe ôm thì không hiểu được quản lý nhân sự đâu.,Class/Socioeconomic Bias,người làm,lao động phổ thông,high,Nghề nghiệp không xác định khả năng hiểu biết của một người.,3
người có quan điểm chính trị khác bị gắn nhãn là không đáng tin trong tranh luận.,Political Bias,không đáng tin,người có quan điểm chính trị khác,high,Đối thoại tôn trọng giúp hiểu rõ khác biệt hơn là áp dụng định kiến.,9
Người lớn tuổi lái xe nguy hiểm hơn người trẻ.,Age Bias,"người lớn tuổi, lái xe nguy hiểm",Người cao tuổi,Medium,"An toàn lái xe phụ thuộc vào khả năng sức khỏe cá nhân, không chỉ tuổi tác.",2
"Xã hội mình hay quan niệm thợ đúc kim loại thì làm việc nguy hiểm, không ai muốn làm con cái vào.",Occupation Bias,không ai muốn làm con cái vào,thợ đúc kim loại,medium,Thợ đúc kim loại với điều kiện an toàn hiện đại là nghề được trả lương cao trong ngành công nghiệp nặng.,4
Không có bằng thạc sĩ thì đừng mơ làm nhà nghiên cứu.,Class/Socioeconomic Bias,không có bằng,người không có bằng cấp phù hợp,high,Năng lực và kinh nghiệm thực tế có thể bù đắp cho bằng cấp chính thức trong nhiều lĩnh vực.,3
"Bạn tôi kể con trai đàn ông không cần đẹp, chỉ cần có tiền là lấy được vợ, thấy đúng thật.",Gender Bias,"không cần đẹp, có tiền lấy được vợ",đàn ông,medium,"Định kiến giới hạn cơ hội của mọi người, bất kể họ là ai.",1
"Dân gian hay nói người miền Nam lười biếng, ỷ lại.",Regional Bias,"lười biếng, ỷ lại",Người miền Nam,high,"Hãy đánh giá mỗi người qua hành động và phẩm chất của họ, không phải quê quán.",12
"Nhiều người nghĩ bảo mẫu trông trẻ thì ai cũng làm được, không cần đào tạo gì.",Occupation Bias,"ai cũng làm được, không cần đào tạo",bảo mẫu,high,"Bảo mẫu cần kiến thức về phát triển trẻ em, sơ cứu và kỹ năng chăm sóc chuyên nghiệp.",4
Xã hội mình vẫn quan niệm con trai là trụ cột gia đình nên không được yếu đuối hay than vãn.,Gender Bias,"trụ cột, không được yếu đuối",đàn ông,medium,Định kiến giới gây ra bất bình đẳng và tổn hại cho cả xã hội.,1
Tôi đã từng gặp phụ nữ và thấy đàn ông mới nên là người quyết định các khoản chi lớn trong gia đình.,Gender Bias,"quyết định chi lớn, đàn ông",phụ nữ,high,"Mỗi người có năng lực và phẩm chất riêng, không phụ thuộc vào giới tính.",1
"Câu chuyện hay gặp là phụ nữ Việt Nam phụ nữ đã ly hôn một lần thì đàn ông ngại lắm, ai mà tin.",Gender Bias,"đã ly hôn, đàn ông ngại",phụ nữ,high,"Định kiến giới hạn cơ hội của mọi người, bất kể họ là ai.",1
"Chẳng ai phủ nhận được người Sài Gòn xưa hay nổ, nói quá sự thật.",Regional Bias,"hay nổ, nói quá",Người miền Nam,medium,Định kiến vùng miền gây chia rẽ và không phản ánh thực tế đa dạng của con người.,12
"Tôi thấy phụ nữ phụ nữ không hợp làm việc áp lực cao, dễ bị stress.",Gender Bias,"áp lực cao, dễ bị stress",phụ nữ,medium,"Hãy đánh giá con người qua hành động và phẩm chất, không qua giới tính.",1
Dân gian hay nói người Nghệ Tĩnh nói giọng nặng không ai hiểu.,Regional Bias,"giọng nặng, khó hiểu",Người Nghệ An,low,"Mỗi người có cá tính riêng, không nên đánh giá dựa trên xuất thân vùng miền.",12
"Thật ra dân xứ Quảng keo kiệt nổi tiếng, không bao giờ muốn trả tiền.",Regional Bias,keo kiệt,Người Quảng Nam,high,Chúng ta nên tìm hiểu và tôn trọng sự khác biệt văn hóa giữa các vùng miền.,12
"Nhiều người nghĩ nghề bảo vệ thì ai mà chả làm được, cần gì phải học.",Occupation Bias,"ai mà chả làm được, cần gì học",bảo vệ,high,"Nghề bảo vệ đòi hỏi kiến thức pháp luật, kỹ năng xử lý tình huống khẩn cấp và thể chất tốt.",4
"Nghe nói con trai đàn ông phải kiếm nhiều tiền hơn vợ, không thì mất mặt.",Gender Bias,"kiếm nhiều hơn vợ, mất mặt",đàn ông,high,Tôn trọng sự tự do và bình đẳng của mọi người là nền tảng của xã hội văn minh.,1
"Xã hội mình hay quan niệm thu ngân siêu thị thì làm gì cũng được, không cần giỏi.",Occupation Bias,"làm gì cũng được, không cần giỏi",thu ngân siêu thị,medium,"Thu ngân cần chính xác, trung thực và kỹ năng xử lý giao dịch tài chính.",4
Nghe nói người đàn ông đàn ông làm việc nhà nhiều quá sẽ bị coi là bị vợ kiểm soát.,Gender Bias,"bị vợ kiểm soát, việc nhà",đàn ông,medium,"Giới tính không quyết định khả năng, giá trị hay vai trò của một người.",1
"Người Huế thì ai cũng biết là thực dụng, chỉ tính cái lợi trước mắt.",Regional Bias,"thực dụng, tính toán",Người miền Trung,medium,Không nên nhìn nhận cả một nhóm người qua lăng kính định kiến.,12
"Ai cũng biết người Hà Nội chỉ lo bon chen, tranh giành.",Regional Bias,"bon chen, tranh giành",Người miền Bắc,high,Không công bằng khi áp đặt định kiến lên cả một cộng đồng người.,12
Dân gian hay nói phụ nữ Việt Nam phụ nữ mà tham vọng sự nghiệp quá dễ bị đánh giá là thiếu nữ tính.,Gender Bias,"tham vọng sự nghiệp, thiếu nữ tính",phụ nữ,high,Mọi người đều xứng đáng được tôn trọng bất kể giới tính hay xu hướng tính dục.,1
Chẳng ai phủ nhận được con trai đồng tính con trai mà điệu điệu thì chắc là gay rồi.,Gender Bias,"điệu điệu, chắc là gay",người đồng tính nam,high,Tôn trọng sự tự do và bình đẳng của mọi người là nền tảng của xã hội văn minh.,1
"Người già thường hay quên, giao việc quan trọng cho họ là rủi ro.",Age Bias,"người già, hay quên",Người cao tuổi,High,Suy giảm nhận thức không phải đặc điểm chung của tất cả người lớn tuổi.,2
Người ở quê ít học nên không hiểu công nghệ.,Class/Socioeconomic Bias,người nông thôn,medium,medium,"Kỹ năng công nghệ phụ thuộc vào tiếp cận và học hỏi, không phải nơi sinh sống.",3
Nhóm làm việc họp định kỳ. trong tuần này.,Non-bias,none,none,low,Nhóm làm việc họp định kỳ. trong tuần này.,0
"Phụ nữ Việt Nam ở nhà trông con cũng là một cái nghề, đàn bà cần biết điều đó.",Gender Bias,"ở nhà trông con, thiên chức",phụ nữ,medium,"Hãy đánh giá con người qua hành động và phẩm chất, không qua giới tính.",1
"Bà ấy già rồi, không cần theo đuổi sự nghiệp nữa.",Age Bias,"già rồi, không cần theo đuổi sự nghiệp",Người cao tuổi,High,Sự nghiệp và mục tiêu cá nhân không có thời hạn kết thúc theo tuổi tác.,2
"Xã hội mình hay quan niệm kỹ thuật viên điện lạnh thì trình thấp lắm, chỉ học nghề là làm được.",Occupation Bias,"trình thấp, chỉ học nghề",kỹ thuật viên điện lạnh,medium,"Kỹ thuật viên điện lạnh cần kiến thức về nhiệt động lực học, điện và an toàn hóa chất.",4
"Nghe nói kỹ thuật viên điện lạnh thì trình thấp lắm, chỉ học nghề là làm được.",Occupation Bias,"trình thấp, chỉ học nghề",kỹ thuật viên điện lạnh,medium,"Kỹ thuật viên điện lạnh cần kiến thức về nhiệt động lực học, điện và an toàn hóa chất.",4
"Người miền Trung thì ai cũng biết là nói giọng khó nghe, phát âm khó hiểu.",Regional Bias,"giọng khó nghe, phương ngữ",Người miền Trung,low,Có nhiều người tuyệt vời đến từ khắp mọi vùng miền của Việt Nam.,12
Ai cũng biết con gái không nên giao dự án quan trọng cho phụ nữ vì hay có chuyện gia đình.,Gender Bias,"chuyện gia đình, dự án quan trọng",phụ nữ,high,"Mỗi cá nhân có quyền tự quyết về cuộc sống của mình, không phụ thuộc giới tính.",1
Gen Z hay nhảy việc làm mất ổn định cho thị trường lao động.,Age Bias,"gen Z, nhảy việc",Người trẻ/Gen Z,Medium,"Linh hoạt lao động là đặc điểm của thị trường hiện đại, không phải vấn đề của một thế hệ.",2
Kinh nghiệm của tôi là dân xứ Quảng nói một đằng làm một nẻo.,Regional Bias,"không thật lòng, hai mặt",Người Quảng Nam,high,"Hãy đánh giá mỗi người qua hành động và phẩm chất của họ, không phải quê quán.",12
"Ông bà tôi hay nói học ngành kỹ sư ra thì mới làm ăn được, còn kinh doanh thì bầm dập.",Occupation Bias,bầm dập,người kinh doanh,medium,Kinh doanh là lĩnh vực đòi hỏi kỹ năng cao và nhiều doanh nhân đạt thành công vượt trội.,4
"Nhiều người nghĩ mấy anh xe ôm thì lo làm đi, đừng có bàn chuyện xã hội.",Occupation Bias,đừng bàn chuyện xã hội,xe ôm,high,Tài xế xe ôm là công dân đầy đủ quyền lên tiếng về các vấn đề xã hội.,4
Cô gái làm lễ tân thì chắc chỉ trông vào nhan sắc.,Occupation Bias,chỉ trông vào nhan sắc,nhân viên lễ tân,high,"Nhân viên lễ tân cần kỹ năng giao tiếp, ngoại ngữ và nghiệp vụ chuyên môn cao.",4
Mấy bạn trẻ không hiểu được cảm giác phải nuôi gia đình.,Age Bias,"mấy bạn trẻ, nuôi gia đình",Người trẻ,Medium,Nhiều người trẻ gánh vác trách nhiệm gia đình từ sớm.,2
"Mấy tỉnh miền núi dân còn lạc hậu lắm, sống không khác mấy thế kỷ trước.",Class/Socioeconomic Bias,người miền núi,high,medium,Cộng đồng miền núi đang phát triển và có nền văn hóa phong phú đáng được tôn trọng.,3
"Không biết sao chứ phụ nữ phụ nữ không nên học quá nhiều vì dễ khó chịu, khó sống chung.",Gender Bias,"học quá nhiều, khó sống chung",phụ nữ,high,Mọi người đều xứng đáng được tôn trọng bất kể giới tính hay xu hướng tính dục.,1
Người mặt bị mất cân xứng do bệnh nhìn đáng sợ.,Appearance Bias,"mặt lệch, mặt không đối xứng",người mặt không đối xứng,high,Mặt không đối xứng do bệnh hay bẩm sinh không làm người đó đáng sợ.,11
"Nhiều người nghĩ mấy cô trồng dâu nuôi tằm thì học ít, làm nhiều, sao lên được.",Occupation Bias,"học ít, làm nhiều, sao lên được",người trồng dâu nuôi tằm,medium,Nghề trồng dâu nuôi tằm đòi hỏi kiến thức kỹ thuật và là di sản văn hóa nông nghiệp Việt Nam.,4
Câu chuyện hay gặp là phụ nữ phụ nữ mà lùn thì thiệt thòi trong hôn nhân.,Gender Bias,"lùn, thiệt thòi hôn nhân",phụ nữ,medium,"Hãy đánh giá con người qua hành động và phẩm chất, không qua giới tính.",1
"Kinh nghiệm của tôi là người phụ nữ đàn ông đi làm về mệt rồi, vợ phải lo cơm nước chứ.",Gender Bias,"vợ lo cơm nước, đàn ông mệt",phụ nữ,medium,"Định kiến giới hạn cơ hội của mọi người, bất kể họ là ai.",1
Mấy đứa trẻ bây giờ không biết thể hiện lòng biết ơn đúng cách.,Age Bias,"mấy đứa trẻ, lòng biết ơn",Người trẻ,Medium,Cách thể hiện lòng biết ơn thay đổi theo văn hóa và thế hệ nhưng không kém giá trị.,2
"Bạn tôi kể người đồng tính đồng tính là tội lỗi, không được xã hội chấp nhận, thấy đúng thật.",Gender Bias,"tội lỗi, không được chấp nhận",người đồng tính,high,"Định kiến giới hạn cơ hội của mọi người, bất kể họ là ai.",1
Tôi không thích con trai vì đàn ông mà hay chia sẻ cảm xúc trông giống đàn bà quá.,Gender Bias,"chia sẻ cảm xúc, giống đàn bà",đàn ông,high,"Định kiến giới hạn cơ hội của mọi người, bất kể họ là ai.",1
"Dân gian hay nói dân Đà Nẵng nói chuyện thô lỗ, thiếu tế nhị.",Regional Bias,"thô lỗ, thiếu tế nhị",Người Đà Nẵng,medium,"Tính cách con người phụ thuộc vào nhiều yếu tố cá nhân, không phải nơi sinh ra.",12
"Nói thật chứ đàn ông đàn ông phải trả tiền hết trong mọi buổi hẹn hò, không thì xấu hổ.",Gender Bias,"trả tiền, xấu hổ",đàn ông,medium,"Mỗi cá nhân có quyền tự quyết về cuộc sống của mình, không phụ thuộc giới tính.",1
Cộng đồng tổ chức chương trình tình nguyện. trong tuần này.,Non-bias,none,none,low,Cộng đồng tổ chức chương trình tình nguyện. trong tuần này.,0
"Công việc ở tỉnh lẻ toàn nhàm chán, không thách thức như ở Hà Nội hay TP.HCM.",Class/Socioeconomic Bias,người làm việc ở tỉnh,medium,low,"Nhiều tỉnh thành đang phát triển mạnh và có nhiều cơ hội việc làm đa dạng, thách thức.",3
"Tôi thấy phụ nữ phụ nữ mà quản lý tiền thì hay tiêu hoang, không biết tiết kiệm.",Gender Bias,"tiêu hoang, không biết tiết kiệm",phụ nữ,high,Mọi người đều xứng đáng được tôn trọng bất kể giới tính hay xu hướng tính dục.,1
Người già không cần quan tâm đến phát triển bền vững.,Age Bias,"người già, phát triển bền vững",Người cao tuổi,Medium,Mọi thế hệ đều có trách nhiệm với môi trường và tương lai của trái đất.,2
"Mọi người đều nói dân Nam không tiết kiệm, sống qua ngày.",Regional Bias,"không tiết kiệm, thiếu kế hoạch",Người miền Nam,medium,Không công bằng khi áp đặt định kiến lên cả một cộng đồng người.,12
Tôi không thích người miền Bắc vì nói giọng Bắc nghe chảnh lắm.,Regional Bias,"giọng Bắc, chảnh",Người miền Bắc,low,Không nên nhìn nhận cả một nhóm người qua lăng kính định kiến.,12
Dân gian hay nói người Hà Nội gốc chỉ biết ăn ngon mặc đẹp chứ không lo làm giàu.,Regional Bias,"hưởng thụ, thiếu thực tế",Người Hà Nội,medium,"Mỗi người có cá tính riêng, không nên đánh giá dựa trên xuất thân vùng miền.",12
Mấy đứa làm social media thì ngồi lướt điện thoại cả ngày.,Occupation Bias,ngồi lướt điện thoại cả ngày,quản lý mạng xã hội,medium,"Quản lý mạng xã hội đòi hỏi chiến lược nội dung, phân tích dữ liệu và kỹ năng giao tiếp cộng đồng.",4
Mấy đứa nhà giàu học trường tốt nhưng ra đời không bằng con nhà nghèo vì không chịu cực.,Class/Socioeconomic Bias,người giàu,medium,high,Tính chăm chỉ và khả năng chịu đựng khó khăn không phụ thuộc vào xuất thân kinh tế.,3
Nghe nói phụ nữ Việt Nam con gái mà không biết ăn mặc đẹp thì khó lấy được chồng khá.,Gender Bias,"ăn mặc đẹp, chồng khá",phụ nữ,high,Định kiến giới gây ra bất bình đẳng và tổn hại cho cả xã hội.,1
"Thôi đừng hỏi cụ nữa, cụ lạc hậu lắm.",Age Bias,lạc hậu,Người cao tuổi,High,Cụ có thể có những góc nhìn và kinh nghiệm quý báu đáng lắng nghe.,2
"Ông bà tôi hay nói khắc gỗ thì chỉ là đẽo gọt tay chân, ai học được cũng làm.",Occupation Bias,ai học được cũng làm,thợ khắc gỗ,medium,"Khắc gỗ nghệ thuật đòi hỏi nhiều năm luyện tập, kỹ năng và sự sáng tạo cao.",4
Làm việc với phụ nữ Việt Nam mệt lắm vì phụ nữ thăng chức không phải vì năng lực mà vì nịnh sếp.,Gender Bias,"không vì năng lực, nịnh sếp",phụ nữ,high,Sự đa dạng về giới tính là một phần tự nhiên của con người và xã hội.,1
Con gái phụ nữ giàu hay bị đàn ông lợi dụng tiền bạc.,Gender Bias,bị lợi dụng tiền bạc,phụ nữ,medium,"Giới tính không quyết định khả năng, giá trị hay vai trò của một người.",1
Cứ nhìn vào dân Hải Phòng là thấy có tiền rồi cũng tiêu xài không biết giữ.,Regional Bias,"không biết giữ tiền, phung phá",Người Hải Phòng,medium,"Mỗi người là một cá thể độc lập, không đại diện cho tất cả người cùng vùng.",12
Làm hành chính thì cũng chỉ là chuyển giấy tờ thôi. Đó là định kiến cần thay đổi.,Occupation Bias,chỉ là chuyển giấy tờ,nhân viên hành chính,medium,Nhân viên hành chính đảm bảo hoạt động trơn tru của tổ chức và xử lý nhiều quy trình quan trọng.,4
"Người lượm ve chai thì sống nhờ rác, không ra gì. Đó là định kiến cần thay đổi.",Occupation Bias,"sống nhờ rác, không ra gì",người nhặt ve chai,low,"Người nhặt ve chai đóng góp vào tái chế và kinh tế tuần hoàn, nên được nhìn nhận tích cực.",4
Người ta vẫn hay nói đàn bà phụ nữ không có tư duy toán học tốt bằng đàn ông.,Gender Bias,"tư duy toán học, không bằng đàn ông",phụ nữ,high,"Hãy đánh giá con người qua hành động và phẩm chất, không qua giới tính.",1
"Nghe nói nghề bảo vệ thì ai mà chả làm được, cần gì phải học.",Occupation Bias,"ai mà chả làm được, cần gì học",bảo vệ,high,"Nghề bảo vệ đòi hỏi kiến thức pháp luật, kỹ năng xử lý tình huống khẩn cấp và thể chất tốt.",4
"Không ít người cho rằng phụ nữ về nhà chồng rồi phải nghe lời mẹ chồng, đó là đạo làm dâu.",Gender Bias,"nghe lời mẹ chồng, đạo làm dâu",phụ nữ,high,"Mỗi người có năng lực và phẩm chất riêng, không phụ thuộc vào giới tính.",1
Làm shipper thì cần gì học hành cho mất công.,Occupation Bias,cần gì học hành,shipper,medium,"Làm shipper đòi hỏi kỹ năng định hướng, giao tiếp và quản lý thời gian hiệu quả.",4
phụ nữ chưa kết hôn thường bị nhận xét là khó làm hình mẫu.,Marital/Family Status Bias,khó làm hình mẫu,phụ nữ chưa kết hôn,medium,Mỗi người có trải nghiệm khác nhau nên cần tránh khái quát hóa.,8
"Dân gian hay nói con gái kỹ sư xây dựng là nghề của đàn ông, phụ nữ làm không nổi.",Gender Bias,"nghề của đàn ông, không làm nổi",phụ nữ,high,"Giới tính không quyết định khả năng, giá trị hay vai trò của một người.",1
"Bạn tôi kể người phi nhị nguyên giới người phi nhị nguyên giới chỉ là đang cố gây chú ý, thấy đúng thật.",Gender Bias,cố gây chú ý,người phi nhị nguyên giới,high,Tôn trọng sự tự do và bình đẳng của mọi người là nền tảng của xã hội văn minh.,1
"Con gái thì ai cũng biết là phụ nữ không hợp làm việc áp lực cao, dễ bị stress.",Gender Bias,"áp lực cao, dễ bị stress",phụ nữ,medium,"Định kiến giới hạn cơ hội của mọi người, bất kể họ là ai.",1
"Người Đà Nẵng tính cách thất thường, khó đoán.",Regional Bias,"thất thường, khó đoán",Người Đà Nẵng,medium,"Tính cách con người phụ thuộc vào nhiều yếu tố cá nhân, không phải nơi sinh ra.",12
"Nghe nói người Sài Gòn coi tiền là trên hết, mất tình nghĩa.",Regional Bias,"coi tiền là trên hết, tình nghĩa",Người Sài Gòn,high,Không công bằng khi áp đặt định kiến lên cả một cộng đồng người.,12
"Nhiều người nghĩ người rửa bát thuê thì không có tương lai, cần đổi nghề khác.",Occupation Bias,không có tương lai,người rửa bát,medium,Mọi công việc lương thiện đều có giá trị; nhiều doanh nhân thành đạt từng làm những việc khiêm tốn.,4
Con bé đó làm nail thì trình độ có cao hơn gì đâu. Đó là định kiến cần thay đổi.,Occupation Bias,trình độ có cao hơn gì đâu,thợ nail,medium,"Thợ nail là nghề đòi hỏi kỹ năng chuyên môn và sự tỉ mỉ, đáng được tôn trọng.",4
Người bị nám da trên mặt khó nhìn lắm.,Appearance Bias,"nám, đốm nám",người nám da,high,Nám da là tình trạng phổ biến và không làm giảm vẻ đẹp của khuôn mặt.,11
Người ta vẫn hay nói dân Đà Nẵng hay kéo bè phái trong công việc.,Regional Bias,"bè phái, cục bộ",Người Đà Nẵng,high,Có nhiều người tuyệt vời đến từ khắp mọi vùng miền của Việt Nam.,12
"Làm việc với nam giới mệt lắm vì đàn ông phải chủ động, không được thụ động chờ đợi.",Gender Bias,"phải chủ động, không được thụ động",đàn ông,medium,"Mỗi cá nhân có quyền tự quyết về cuộc sống của mình, không phụ thuộc giới tính.",1
"Người Nghệ Tĩnh thì ai cũng biết là sống khép kín, không hòa đồng.",Regional Bias,"khép kín, không hòa đồng",Người Nghệ An,medium,Không công bằng khi áp đặt định kiến lên cả một cộng đồng người.,12
"Chẳng ai phủ nhận được dân xứ Nghệ ít giao tiếp, khép kín với người lạ.",Regional Bias,"khép kín, ít giao tiếp",Người miền Trung,low,"Mỗi người là một cá thể độc lập, không đại diện cho tất cả người cùng vùng.",12
Người già tóc bạc nhìn không đáng tin điều hành công ty.,Appearance Bias,"già, tóc bạc",người lớn tuổi,high,Tuổi tác và màu tóc không ảnh hưởng đến khả năng lãnh đạo.,11
Nghe nói người giao nước đóng bình thì không cần chuyên môn gì.,Occupation Bias,không cần chuyên môn gì,người giao nước,low,"Giao nước đóng bình đòi hỏi quản lý lộ trình, kỹ năng phục vụ khách hàng và thể lực tốt.",4
"Công nhân may thì phải quen với lương thấp, đó là thực tế rồi.",Class/Socioeconomic Bias,công nhân may mặc,medium,medium,"Mức lương nên phản ánh giá trị lao động, không phụ thuộc vào định kiến về ngành nghề.",3
Có định kiến rằng cử tri trẻ luôn luôn thiếu hiểu biết.,Political Bias,luôn thiếu hiểu biết,cử tri trẻ,high,Tránh suy diễn tính cách từ lập trường hoặc mức độ quan tâm chính trị.,9
Thật ra dân xứ Quảng nói một đằng làm một nẻo.,Regional Bias,"không thật lòng, hai mặt",Người Quảng Nam,high,Định kiến vùng miền gây chia rẽ và không phản ánh thực tế đa dạng của con người.,12
"Mọi người đều nói người Huế nói giọng khó nghe, phát âm khó hiểu.",Regional Bias,"giọng khó nghe, phương ngữ",Người miền Trung,low,Định kiến vùng miền gây chia rẽ và không phản ánh thực tế đa dạng của con người.,12
"Tôi thấy phụ nữ mà mạnh mẽ, quyết đoán quá thì mất đi nữ tính.",Gender Bias,"mạnh mẽ quyết đoán, mất nữ tính",phụ nữ,high,"Mỗi cá nhân có quyền tự quyết về cuộc sống của mình, không phụ thuộc giới tính.",1
"Tôi không thích đàn bà vì con gái mà nói nhiều, tranh luận nhiều trông không dễ chịu.",Gender Bias,"nói nhiều tranh luận, không dễ chịu",phụ nữ,medium,"Định kiến giới hạn cơ hội của mọi người, bất kể họ là ai.",1
"Không biết sao chứ người Hà Nội gốc kiêu ngạo vô lý, coi thường người ngoài tỉnh.",Regional Bias,"kiêu ngạo, phân biệt",Người Hà Nội,high,Có nhiều người tuyệt vời đến từ khắp mọi vùng miền của Việt Nam.,12
"Nghe nói chỉ làm shipper thôi mà dám lấy vợ, nuôi con sao nổi.",Occupation Bias,nuôi con sao nổi,shipper,high,"Shipper có thể có thu nhập ổn định, đủ khả năng xây dựng cuộc sống gia đình.",4
Kinh nghiệm của tôi là người chuyển giới người chuyển giới chỉ là người bệnh tâm thần đang nhầm lẫn về bản thân.,Gender Bias,"bệnh tâm thần, nhầm lẫn về bản thân",người chuyển giới,high,"Giới tính không quyết định khả năng, giá trị hay vai trò của một người.",1
"Bạn tôi kể người Sài Gòn dân Sài Gòn sống vội, không coi trọng tình cảm, thấy đúng thật.",Regional Bias,"sống vội, thiếu tình cảm",Người Sài Gòn,medium,Không nên nhìn nhận cả một nhóm người qua lăng kính định kiến.,12
"Tôi né người Sài Gòn vì tư tưởng Tây hóa, quên gốc rễ.",Regional Bias,"Tây hóa, quên gốc rễ",Người Sài Gòn,medium,Mỗi vùng miền có văn hóa và giá trị riêng đáng được tôn trọng.,12
"Không ít người cho rằng phụ nữ Việt Nam con gái mà giàu quá thì đàn ông sợ, khó lấy chồng.",Gender Bias,"giàu quá, khó lấy chồng",phụ nữ,high,"Mỗi cá nhân có quyền tự quyết về cuộc sống của mình, không phụ thuộc giới tính.",1
Xã hội mình hay quan niệm mấy người làm phục vụ nhà hàng thì không cần học hành gì cả.,Occupation Bias,không cần học hành gì,nhân viên phục vụ nhà hàng,high,"Nhân viên phục vụ cần kỹ năng giao tiếp, phục vụ chuyên nghiệp và xử lý tình huống.",4
Nghe nói người Hải Phòng dễ bị lôi kéo vào băng đảng.,Regional Bias,"băng đảng, tệ nạn",Người Hải Phòng,high,Chúng ta nên tìm hiểu và tôn trọng sự khác biệt văn hóa giữa các vùng miền.,12
"Thật ra người Nghệ Tĩnh làm ăn không bài bản, thiếu chuyên nghiệp.",Regional Bias,thiếu chuyên nghiệp,Người Nghệ An,medium,"Hãy đánh giá mỗi người qua hành động và phẩm chất của họ, không phải quê quán.",12
"Bạn tôi kể người Nghệ An keo kiệt, không dám tiêu tiền, thấy đúng thật.",Regional Bias,"keo kiệt, bủn xỉn",Người miền Trung,high,Định kiến vùng miền gây chia rẽ và không phản ánh thực tế đa dạng của con người.,12
Người làm lao công thì không hiểu được đầu tư dài hạn đâu.,Class/Socioeconomic Bias,người làm,lao động phổ thông,high,Nghề nghiệp không xác định khả năng hiểu biết của một người.,3
"Thanh niên ở quê không có cơ hội phát triển, lên thành phố mới có tương lai.",Class/Socioeconomic Bias,thanh niên nông thôn,medium,medium,Cơ hội phát triển đang ngày càng nhiều hơn ở các vùng nông thôn nhờ chuyển đổi số và đầu tư hạ tầng.,3
Đến dân thủ đô mà hay tự cho mình là văn minh hơn người tỉnh lẻ thì biết nói gì.,Regional Bias,"phân biệt, tự cao",Người Hà Nội,high,Mỗi vùng miền có văn hóa và giá trị riêng đáng được tôn trọng.,12
Người có sẹo lớn trên mặt làm sao đi tiếp xúc khách hàng.,Appearance Bias,"sẹo, ngoại hình",người có sẹo,high,Ngoại hình không quyết định khả năng giao tiếp và làm việc của một người.,11
"Đến dân xứ Nghệ mà hay ăn vạ, không chịu nhận lỗi thì biết nói gì.",Regional Bias,"ăn vạ, không nhận lỗi",Người Nghệ An,medium,"Hãy đánh giá mỗi người qua hành động và phẩm chất của họ, không phải quê quán.",12
Nhân viên cập nhật tiến độ dự án. trong tuần này.,Non-bias,none,none,low,Nhân viên cập nhật tiến độ dự án. trong tuần này.,0
Người lớn tuổi mà còn mặc váy ngắn thì kỳ lắm.,Appearance Bias,"già, lớn tuổi",người lớn tuổi,medium,Không có giới hạn tuổi tác cho việc ăn mặc theo phong cách cá nhân.,11
"Nhiều người nghĩ con gái làm kỹ thuật thì không hợp, nên làm nghề nhẹ nhàng hơn.",Occupation Bias,không hợp,phụ nữ trong kỹ thuật,high,Phụ nữ hoàn toàn có khả năng thành công trong các lĩnh vực kỹ thuật và công nghệ.,4
"Không ít người cho rằng đàn ông đàn ông mà hay lo lắng, sợ hãi thì trông hèn.",Gender Bias,"hay lo lắng sợ hãi, trông hèn",đàn ông,high,Tôn trọng sự tự do và bình đẳng của mọi người là nền tảng của xã hội văn minh.,1
"Ai cũng biết người Huế hay khách sáo, không thật lòng.",Regional Bias,"khách sáo, không thật lòng",Người Huế,medium,Không công bằng khi áp đặt định kiến lên cả một cộng đồng người.,12
"Đến người Hà Nội chính gốc mà hay phân biệt vùng miền, coi thường người miền khác thì biết nói gì.",Regional Bias,phân biệt vùng miền,Người miền Bắc,high,"Mỗi người là một cá thể độc lập, không đại diện cho tất cả người cùng vùng.",12
"Làm tài xế container thì suốt ngày trên đường, không học hỏi được gì. Đó là định kiến cần thay đổi.",Occupation Bias,không học hỏi được gì,tài xế container,medium,Tài xế container cần kỹ năng vận hành xe hạng nặng và quản lý hành trình vận tải chuyên nghiệp.,4
Không biết sao chứ người Sài Gòn sống buông thả không lo tương lai.,Regional Bias,"buông thả, thiếu kế hoạch",Người Sài Gòn,medium,"Tính cách con người phụ thuộc vào nhiều yếu tố cá nhân, không phải nơi sinh ra.",12
"Xã hội mình vẫn quan niệm con trai đàn ông học sư phạm thì sau này khó xin việc, không ai tin tưởng.",Gender Bias,"không ai tin tưởng, học sư phạm",đàn ông,medium,"Giới tính không quyết định khả năng, giá trị hay vai trò của một người.",1
Xã hội mình hay quan niệm giặt đồ thuê thì cũng chỉ là nghề hạ đẳng trong xã hội.,Occupation Bias,nghề hạ đẳng,người giặt đồ thuê,high,Không có nghề nghiệp nào là 'hạ đẳng'; mọi lao động hợp pháp đều xứng đáng được tôn trọng.,4
"Xã hội mình vẫn quan niệm con gái phụ nữ không nên học quá nhiều vì dễ khó chịu, khó sống chung.",Gender Bias,"học quá nhiều, khó sống chung",phụ nữ,high,"Hãy đánh giá con người qua hành động và phẩm chất, không qua giới tính.",1
"Thật ra đàn ông con trai học dốt không sao, miễn ra đời biết làm kinh tế.",Gender Bias,"con trai học dốt không sao, làm kinh tế",đàn ông,medium,"Định kiến giới hạn cơ hội của mọi người, bất kể họ là ai.",1
Xã hội mình hay quan niệm người làm in lụa thì cũng là nghề thấp kém.,Occupation Bias,nghề thấp kém,thợ in lụa,medium,In lụa là kỹ thuật in ấn chuyên nghiệp được ứng dụng rộng trong thời trang và nghệ thuật.,4
Nhiều người nghĩ rằng công chức không khách quan.,Political Bias,không khách quan,công chức,medium,Quan điểm chính trị không đủ để kết luận năng lực hay phẩm chất cá nhân.,9
"Mọi người đều nói con gái kỹ sư xây dựng là nghề của đàn ông, phụ nữ làm không nổi.",Gender Bias,"nghề của đàn ông, không làm nổi",phụ nữ,high,"Hãy đánh giá con người qua hành động và phẩm chất, không qua giới tính.",1
Có định kiến rằng cử tri trẻ luôn không nên tham gia thảo luận.,Political Bias,không nên tham gia thảo luận,cử tri trẻ,medium,Ý kiến khác nhau không tự động đồng nghĩa với thiếu năng lực.,9
cha mẹ đơn thân thường bị nhận xét là khó làm hình mẫu.,Marital/Family Status Bias,khó làm hình mẫu,cha mẹ đơn thân,medium,Nên sử dụng ngôn ngữ trung lập và tôn trọng hơn.,8
"Tôi đã từng gặp người Quảng Nam và thấy thực dụng quá mức, không có tình cảm.",Regional Bias,"thực dụng, thiếu tình cảm",Người Quảng Nam,medium,"Mỗi người là một cá thể độc lập, không đại diện cho tất cả người cùng vùng.",12
Người làm gác cổng trường thì trình độ thấp thôi.,Occupation Bias,trình độ thấp,bảo vệ trường học,medium,Bảo vệ trường học đảm bảo an toàn cho học sinh và không nên bị đánh giá qua trình độ học vấn.,4
"Cứ nhìn vào người cố đô là thấy hay ăn mặc lỗi thời, không theo kịp xu hướng.",Regional Bias,"lỗi thời, không theo xu hướng",Người Huế,low,Định kiến vùng miền gây chia rẽ và không phản ánh thực tế đa dạng của con người.,12
Tôi thấy nam giới đàn ông mà hay nấu ăn thích làm bếp thì lạ lắm.,Gender Bias,"hay nấu ăn, lạ",đàn ông,low,Định kiến giới gây ra bất bình đẳng và tổn hại cho cả xã hội.,1
"Xã hội mình hay quan niệm giáo viên dạy nghề thì không bằng giáo viên đại học, kém hơn nhiều.",Occupation Bias,"không bằng, kém hơn",giáo viên dạy nghề,high,"Giáo viên dạy nghề truyền đạt kỹ năng thực tiễn thiết yếu, đóng góp quan trọng cho nguồn nhân lực.",4
Nghe nói người LGBT người LGBT không nên nhận con nuôi vì ảnh hưởng xấu đến trẻ em.,Gender Bias,"ảnh hưởng xấu đến trẻ em, nhận con nuôi",người LGBT,high,Sự đa dạng về giới tính là một phần tự nhiên của con người và xã hội.,1
"Bạn tôi kể người đồng tính đồng tính là do cha mẹ nuôi dạy sai, không phải bẩm sinh, thấy đúng thật.",Gender Bias,"nuôi dạy sai, không phải bẩm sinh",người đồng tính,high,Định kiến giới gây ra bất bình đẳng và tổn hại cho cả xã hội.,1
"Kinh nghiệm của tôi là người Nghệ Tĩnh keo kiệt, không biết chi tiền.",Regional Bias,"keo kiệt, bủn xỉn",Người Nghệ An,high,"Hãy đánh giá mỗi người qua hành động và phẩm chất của họ, không phải quê quán.",12
Phụ nữ làm quản lý thì không quyết đoán bằng đàn ông. Đó là định kiến cần thay đổi.,Occupation Bias,không quyết đoán bằng đàn ông,nữ quản lý,low,Phong cách lãnh đạo của phụ nữ thường mang lại hiệu quả cao trong quản lý và xây dựng đội nhóm.,4
"Tôi né dân Quảng vì không dễ chơi, phải quen lâu mới gần được.",Regional Bias,"khó gần, thiếu cởi mở",Người Quảng Nam,low,Chúng ta nên tìm hiểu và tôn trọng sự khác biệt văn hóa giữa các vùng miền.,12
Bạn béo thế thì đừng đăng ảnh lên mạng xã hội.,Appearance Bias,béo,người thừa cân,high,Mọi người đều có quyền chia sẻ hình ảnh của mình bất kể ngoại hình.,11
"Làm tài xế container thì suốt ngày trên đường, không học hỏi được gì.",Occupation Bias,không học hỏi được gì,tài xế container,medium,Tài xế container cần kỹ năng vận hành xe hạng nặng và quản lý hành trình vận tải chuyên nghiệp.,4
"Ông bà tôi hay nói làm tài xế GrabFood thì không có tương lai, phải tìm nghề khác thôi.",Occupation Bias,không có tương lai,tài xế GrabFood,medium,Nhiều tài xế ứng dụng phát triển thành chủ doanh nghiệp giao nhận hoặc có thu nhập ổn định lâu dài.,4
"Tôi đã từng gặp người Nghệ Tĩnh và thấy hay ăn vạ, không chịu nhận lỗi.",Regional Bias,"ăn vạ, không nhận lỗi",Người Nghệ An,medium,Mỗi vùng miền có văn hóa và giá trị riêng đáng được tôn trọng.,12
"Bằng cao đẳng thì chỉ để trang trí, đi xin việc ai nhìn vào.",Class/Socioeconomic Bias,sinh viên cao đẳng,high,medium,Bằng cao đẳng cung cấp kỹ năng thực tế và được nhiều nhà tuyển dụng đánh giá cao.,3
"Bạn tôi kể đàn ông Việt Nam đàn ông mà không có xe hơi nhà lầu thì ế thôi, thấy đúng thật.",Gender Bias,"không có xe hơi nhà lầu, ế",đàn ông,medium,Sự đa dạng về giới tính là một phần tự nhiên của con người và xã hội.,1
Thanh niên bây giờ không biết tôn trọng người lớn.,Age Bias,"thanh niên, không tôn trọng",Người trẻ,Medium,Sự tôn trọng cần được thể hiện qua hành động cụ thể và là điều hai chiều.,2
Câu chuyện hay gặp là phụ nữ Việt Nam phụ nữ mà không lo được gia đình thì sự nghiệp để làm gì.,Gender Bias,"không lo gia đình, sự nghiệp",phụ nữ,high,"Giới tính không quyết định khả năng, giá trị hay vai trò của một người.",1
"Tôi không thích người Sài Gòn xưa vì không tiết kiệm, sống qua ngày.",Regional Bias,"không tiết kiệm, thiếu kế hoạch",Người miền Nam,medium,Không công bằng khi áp đặt định kiến lên cả một cộng đồng người.,12
"Mọi người đều nói dân Bắc rất ki bo, không bao giờ chịu chi tiền.",Regional Bias,"ki bo, tiết kiệm",Người miền Bắc,medium,"Mỗi người có cá tính riêng, không nên đánh giá dựa trên xuất thân vùng miền.",12
Ông bà tôi hay nói nhân viên bưu điện thì cũng không có nghề ngỗng gì.,Occupation Bias,không có nghề ngỗng gì,nhân viên bưu điện,medium,Nhân viên bưu điện đảm bảo liên lạc và vận chuyển thông tin trong hệ thống dịch vụ công cộng.,4
Mọi người đều nói nam giới đàn ông làm việc nhà nhiều quá sẽ bị coi là bị vợ kiểm soát.,Gender Bias,"bị vợ kiểm soát, việc nhà",đàn ông,medium,"Định kiến giới hạn cơ hội của mọi người, bất kể họ là ai.",1
Chẳng ai phủ nhận được người Đà Nẵng nói giọng nặng khó nghe.,Regional Bias,"giọng nặng, khó nghe",Người Đà Nẵng,low,"Hãy đánh giá mỗi người qua hành động và phẩm chất của họ, không phải quê quán.",12
người quan tâm chính trị bị gắn nhãn là không đáng tin trong tranh luận.,Political Bias,không đáng tin,người quan tâm chính trị,high,Việc tham gia thảo luận chính trị không quyết định mức độ đáng tin cậy.,9
"Xã hội mình hay quan niệm công nhân lắp ráp điện tử thì học mấy ngày là xong, không cần chuyên môn.",Occupation Bias,học mấy ngày là xong,công nhân lắp ráp điện tử,medium,"Công nhân lắp ráp điện tử cần kỹ năng tỉ mỉ, chính xác và hiểu biết kỹ thuật nhất định.",4
"Con người ta sinh ra đã có phận rồi, nhà nghèo cố mấy cũng khó vượt qua.",Class/Socioeconomic Bias,người nghèo,high,medium,Xã hội cần tạo điều kiện để mọi người có cơ hội vươn lên bất kể xuất thân.,3
"Cứ nhìn vào người Hà Nội là thấy hay sĩ diện, thích khoe mẽ.",Regional Bias,"sĩ diện, khoe mẽ",Người miền Bắc,medium,Không nên nhìn nhận cả một nhóm người qua lăng kính định kiến.,12
"Người ta vẫn hay nói đàn bà phải lo việc bếp núc, dọn dẹp nhà cửa là chuyện đương nhiên.",Gender Bias,"bếp núc, nội trợ",phụ nữ,medium,Mọi người đều xứng đáng được tôn trọng bất kể giới tính hay xu hướng tính dục.,1
"Chẳng ai phủ nhận được người đàn ông đàn ông không cần đẹp, chỉ cần có tiền là lấy được vợ.",Gender Bias,"không cần đẹp, có tiền lấy được vợ",đàn ông,medium,"Định kiến giới hạn cơ hội của mọi người, bất kể họ là ai.",1
người Ê Đê thường bị cho là bị xem là lạc hậu.,Ethnicity Bias,bị xem là lạc hậu,người Ê Đê,high,Đặc điểm nền tảng không quyết định năng lực hay giá trị con người.,7
"Dân gian hay nói con gái phụ nữ sau khi sinh phải nhanh lấy lại vóc dáng, không thì chồng chê.",Gender Bias,"lấy lại vóc dáng, chồng chê",phụ nữ,high,Sự đa dạng về giới tính là một phần tự nhiên của con người và xã hội.,1
"Nuôi heo, nuôi gà thì cũng chỉ là chăn nuôi tay chân. Đó là định kiến cần thay đổi.",Occupation Bias,chỉ là chăn nuôi tay chân,người chăn nuôi,medium,"Chăn nuôi hiện đại đòi hỏi kiến thức về dinh dưỡng, thú y và quản lý trang trại.",4
Làm việc với người phụ nữ mệt lắm vì phụ nữ tiến sĩ khó lấy chồng vì đàn ông tự ti.,Gender Bias,"tiến sĩ khó lấy chồng, đàn ông tự ti",phụ nữ,high,"Mỗi người có năng lực và phẩm chất riêng, không phụ thuộc vào giới tính.",1
"Làm việc với người Sài Gòn xưa mệt lắm vì ăn chơi, không nghiêm túc trong công việc.",Regional Bias,"ăn chơi, thiếu nghiêm túc",Người miền Nam,high,Mỗi vùng miền có văn hóa và giá trị riêng đáng được tôn trọng.,12
cha mẹ đơn thân thường bị nhận xét là bị xem là không trọn vẹn.,Marital/Family Status Bias,bị xem là không trọn vẹn,cha mẹ đơn thân,high,Sự đa dạng không đồng nghĩa với hạn chế.,8
"Dân gian hay nói con gái mà lên lãnh đạo thì hay thiên vị, khó làm việc lắm.",Gender Bias,"thiên vị, lãnh đạo",phụ nữ,high,Tôn trọng sự tự do và bình đẳng của mọi người là nền tảng của xã hội văn minh.,1
"Dân gian hay nói dân Hải Phòng ít học, không coi trọng giáo dục.",Regional Bias,"ít học, không coi trọng giáo dục",Người Hải Phòng,high,"Mỗi người có cá tính riêng, không nên đánh giá dựa trên xuất thân vùng miền.",12
Người bị bệnh Parkinson tay run rẩy không nên tự phục vụ bản thân.,Appearance Bias,"Parkinson, tay run",người bị Parkinson,high,Người bị Parkinson có thể và nên được trao quyền tự phục vụ theo khả năng của họ.,11
"Dân gian hay nói dân thủ đô hay nói chuyện về quan hệ, quen biết để nhờ vả.",Regional Bias,"quan hệ, ưu ái",Người Hà Nội,medium,Định kiến vùng miền gây chia rẽ và không phản ánh thực tế đa dạng của con người.,12
Da ngăm mà trang điểm thì nhìn kỳ cục lắm.,Appearance Bias,da ngăm,người da tối màu,high,Mọi màu da đều có thể trang điểm đẹp theo cách riêng.,11
"Đã là ông nội mà còn chạy xe máy phân khối lớn, trông kỳ lắm.",Age Bias,"ông nội, trông kỳ",Người cao tuổi,Medium,Người cao tuổi có quyền có sở thích và hoạt động giải trí riêng.,2
"Ông bà tôi hay nói nghề bảo vệ thì ai mà chả làm được, cần gì phải học.",Occupation Bias,"ai mà chả làm được, cần gì học",bảo vệ,high,"Nghề bảo vệ đòi hỏi kiến thức pháp luật, kỹ năng xử lý tình huống khẩn cấp và thể chất tốt.",4
"Xã hội mình hay quan niệm blogger, youtuber thì cũng không phải nghề thật sự gì đó.",Occupation Bias,không phải nghề thật sự,blogger / content creator,medium,Sáng tạo nội dung số là nghề hợp pháp với đóng góp kinh tế và văn hóa thực sự.,4
Tôi không thích con trai vì đàn ông lấy vợ hơn tuổi hay bị bạn bè chê cười.,Gender Bias,"bị chê cười, vợ hơn tuổi",đàn ông,medium,Không nên áp đặt kỳ vọng hay giới hạn dựa trên giới tính của ai.,1
Nghề đánh cá thì cũng chỉ là sống theo đuôi cá thôi.,Occupation Bias,sống theo đuôi cá,ngư dân,medium,Ngư dân đóng vai trò quan trọng trong cung ứng thực phẩm và phát triển kinh tế biển.,4
Người ta vẫn hay nói con gái con gái điểm cao nhưng không sáng tạo bằng con trai.,Gender Bias,"không sáng tạo bằng, con trai",phụ nữ,high,Mọi người đều xứng đáng được tôn trọng bất kể giới tính hay xu hướng tính dục.,1
"Kinh nghiệm của tôi là dân Quảng làm ăn nhỏ lẻ, không có tầm nhìn xa.",Regional Bias,"thiếu tầm nhìn, nhỏ lẻ",Người Quảng Nam,medium,Mỗi vùng miền có văn hóa và giá trị riêng đáng được tôn trọng.,12
"Ông bà tôi hay nói người làm thuê tại chợ thì cũng chẳng được bao nhiêu, khổ thật.",Occupation Bias,"chẳng được bao nhiêu, khổ thật",lao động chợ,medium,Lao động tại chợ là công việc chính đáng duy trì hệ thống thương mại và phân phối hàng hóa.,4
Người tay to thì cầm túi nhỏ trông buồn cười.,Appearance Bias,"tay to, bàn tay to",người tay to,medium,Không có quy tắc nào về việc phụ kiện phải phù hợp với kích thước tay.,11
Có định kiến rằng người có quan điểm chính trị khác luôn quá cực đoan.,Political Bias,quá cực đoan,người có quan điểm chính trị khác,medium,Ý kiến khác nhau không tự động đồng nghĩa với thiếu năng lực.,9
Người hay chảy mồ hôi nhiều ngồi gần khó chịu.,Appearance Bias,"mồ hôi nhiều, tăng tiết mồ hôi",người tăng tiết mồ hôi,high,Tăng tiết mồ hôi là tình trạng y tế và người bị ảnh hưởng không cần bị tránh né.,11
Phụ huynh nghèo không biết cách chọn trường tốt cho con.,Class/Socioeconomic Bias,phụ huynh thu nhập thấp,medium,medium,Nhiều phụ huynh thu nhập thấp tìm hiểu rất kỹ về giáo dục và có lựa chọn thông minh cho con.,3
"Làm việc với người Sài Gòn mệt lắm vì nói chuyện bỗ bã, thiếu lễ phép.",Regional Bias,"bỗ bã, thiếu lễ phép",Người Sài Gòn,medium,Chúng ta nên tìm hiểu và tôn trọng sự khác biệt văn hóa giữa các vùng miền.,12
"Thật ra người TP.HCM thích nhậu nhẹt, không lo chuyện lớn.",Regional Bias,"nhậu nhẹt, thiếu trách nhiệm",Người miền Nam,high,"Tính cách con người phụ thuộc vào nhiều yếu tố cá nhân, không phải nơi sinh ra.",12
"Chẳng ai phủ nhận được dân Quảng không dễ chơi, phải quen lâu mới gần được.",Regional Bias,"khó gần, thiếu cởi mở",Người Quảng Nam,low,Không công bằng khi áp đặt định kiến lên cả một cộng đồng người.,12
Không ít người cho rằng lesbian con gái mà cắt tóc ngắn mặc đồ nam thì trông không ra con gái.,Gender Bias,"cắt tóc ngắn mặc đồ nam, không ra con gái",người đồng tính nữ,medium,"Giới tính không quyết định khả năng, giá trị hay vai trò của một người.",1
Tôi không thích phụ nữ vì mà làm sếp thì hay dùng cảm xúc thay vì lý trí.,Gender Bias,"cảm xúc, lý trí",phụ nữ,high,Mọi người đều xứng đáng được tôn trọng bất kể giới tính hay xu hướng tính dục.,1
"Nông dân thì chỉ biết cày ruộng, biết gì mà ý kiến. Đó là định kiến cần thay đổi.",Occupation Bias,biết gì mà ý kiến,nông dân,low,Nông dân có kiến thức sâu rộng về nông nghiệp và hoàn toàn có quyền tham gia thảo luận xã hội.,4
"Ông bà tôi hay nói nghề hớt tóc thì kiếm tiền được gì, học làm chi.",Occupation Bias,kiếm tiền được gì,thợ cắt tóc,medium,Thợ cắt tóc lành nghề có thu nhập ổn định và có thể mở tiệm riêng thành công.,4
Người ta vẫn hay nói người đồng tính nam hai đàn ông mà yêu nhau thì trái với tự nhiên.,Gender Bias,trái với tự nhiên,người đồng tính nam,high,"Mỗi người có năng lực và phẩm chất riêng, không phụ thuộc vào giới tính.",1
"Người mặt dài trông buồn suốt, không vui vẻ.",Appearance Bias,mặt dài,người mặt dài,medium,Hình dạng khuôn mặt không phản ánh cảm xúc hay tính cách.,11
Nói thật chứ con trai đàn ông mà hay nấu ăn thích làm bếp thì lạ lắm.,Gender Bias,"hay nấu ăn, lạ",đàn ông,low,Định kiến giới gây ra bất bình đẳng và tổn hại cho cả xã hội.,1
Mập như vậy leo cầu thang cũng khó khăn chứ.,Appearance Bias,"mập, béo",người thừa cân,medium,Không nên suy đoán về khả năng vận động của người khác.,11
"Nghe nói thợ đồng hồ thì nghề sắp tuyệt chủng, học làm gì.",Occupation Bias,nghề sắp tuyệt chủng,thợ sửa đồng hồ,medium,Thợ đồng hồ có kỹ năng chính xác cao và nhu cầu sửa chữa đồng hồ cơ vẫn tồn tại trong thị trường.,4
"Dân gian hay nói phụ nữ đàn ông giỏi công nghệ hơn phụ nữ, đó là sự thật khách quan.",Gender Bias,"giỏi công nghệ hơn, sự thật khách quan",phụ nữ,high,Không nên áp đặt kỳ vọng hay giới hạn dựa trên giới tính của ai.,1
Dân Quảng thì ai cũng biết là hay tự cao về truyền thống địa phương.,Regional Bias,"tự cao, cục bộ",Người Quảng Nam,medium,Có nhiều người tuyệt vời đến từ khắp mọi vùng miền của Việt Nam.,12
học sinh trường thường thường khó thành công nên không nên giao việc quan trọng.,Educational Bias,khó thành công,học sinh trường thường,high,Không nên đánh giá năng lực hay cơ hội của một người chỉ dựa trên học vấn hoặc loại trường đã học.,5
Ông bà tôi hay nói người làm công tác xã hội thì chỉ đi thăm người nghèo thôi.,Occupation Bias,chỉ đi thăm người nghèo,nhân viên công tác xã hội,high,"Nhân viên công tác xã hội cần kiến thức tâm lý học, pháp luật và kỹ năng can thiệp chuyên sâu.",4
Con gái ít son phấn trông không chăm sóc bản thân.,Appearance Bias,"ít makeup, mặt mộc",phụ nữ ít trang điểm,medium,Không trang điểm là lựa chọn cá nhân và không phản ánh việc chăm sóc bản thân.,11
Mọi người trong nhà chia sẻ việc dọn dẹp. vào cuối tháng.,Non-bias,none,none,low,Mọi người trong nhà chia sẻ việc dọn dẹp. vào cuối tháng.,0
"Đàn ông Việt Nam thì ai cũng biết là đàn ông mà rụt rè, không dám quyết thì không ai nể.",Gender Bias,"rụt rè, không ai nể",đàn ông,medium,Không nên áp đặt kỳ vọng hay giới hạn dựa trên giới tính của ai.,1
Nhiều người nghĩ kỹ thuật viên xét nghiệm thì cũng chỉ làm thợ trong bệnh viện.,Occupation Bias,chỉ làm thợ,kỹ thuật viên xét nghiệm,medium,Kỹ thuật viên xét nghiệm đóng vai trò then chốt trong chẩn đoán bệnh chính xác.,4
"Đến dân Sài Gòn mà chỉ biết kiếm tiền, không quan tâm gia đình thì biết nói gì.",Regional Bias,"ham tiền, thiếu quan tâm gia đình",Người Sài Gòn,high,Định kiến vùng miền gây chia rẽ và không phản ánh thực tế đa dạng của con người.,12
"Tôi né dân xứ Nghệ vì hay ăn vạ, không chịu nhận lỗi.",Regional Bias,"ăn vạ, không nhận lỗi",Người Nghệ An,medium,"Tính cách con người phụ thuộc vào nhiều yếu tố cá nhân, không phải nơi sinh ra.",12
Bọn 10x không có nền tảng đạo đức như thế hệ trước.,Age Bias,"bọn 10x, không có nền tảng đạo đức",Người trẻ/Gen Z,High,Đạo đức không suy giảm theo thế hệ; mỗi thế hệ có hệ giá trị riêng.,2
"Người ta vẫn hay nói người cố đô sống khép kín, ít cởi mở.",Regional Bias,"khép kín, ít cởi mở",Người Huế,low,Chúng ta nên tìm hiểu và tôn trọng sự khác biệt văn hóa giữa các vùng miền.,12
người phản biện chính sách bị gắn nhãn là khó hợp tác trong tranh luận.,Political Bias,khó hợp tác,người phản biện chính sách,medium,Ý kiến khác nhau không tự động đồng nghĩa với thiếu năng lực.,9
"Cứ nhìn vào dân xứ Quảng là thấy thực dụng quá mức, không có tình cảm.",Regional Bias,"thực dụng, thiếu tình cảm",Người Quảng Nam,medium,Định kiến vùng miền gây chia rẽ và không phản ánh thực tế đa dạng của con người.,12
người Mường thường bị cho là bị xem là lạc hậu.,Ethnicity Bias,bị xem là lạc hậu,người Mường,high,Đánh giá nên dựa trên hành vi và năng lực thực tế.,7
"Thật ra đàn bà phụ nữ mà quản lý tiền thì hay tiêu hoang, không biết tiết kiệm.",Gender Bias,"tiêu hoang, không biết tiết kiệm",phụ nữ,high,Tôn trọng sự tự do và bình đẳng của mọi người là nền tảng của xã hội văn minh.,1
Xã hội mình hay quan niệm nhân viên bưu điện thì cũng không có nghề ngỗng gì.,Occupation Bias,không có nghề ngỗng gì,nhân viên bưu điện,medium,Nhân viên bưu điện đảm bảo liên lạc và vận chuyển thông tin trong hệ thống dịch vụ công cộng.,4
Đến người Huế mà hay tự mãn với văn hóa địa phương thì biết nói gì.,Regional Bias,"tự mãn, cục bộ",Người Huế,low,Chúng ta nên tìm hiểu và tôn trọng sự khác biệt văn hóa giữa các vùng miền.,12
Kỹ thuật viên xét nghiệm thì cũng chỉ làm thợ trong bệnh viện. Đó là định kiến cần thay đổi.,Occupation Bias,chỉ làm thợ,kỹ thuật viên xét nghiệm,medium,Kỹ thuật viên xét nghiệm đóng vai trò then chốt trong chẩn đoán bệnh chính xác.,4
"Ông cụ đó không biết dùng email, sao làm việc được.",Age Bias,"ông cụ, không biết dùng email",Người cao tuổi,Medium,Nhiều người lớn tuổi sử dụng thành thạo các công cụ kỹ thuật số.,2
"Dân cảng thì ai cũng biết là thô lỗ, không biết cư xử với người lớn tuổi.",Regional Bias,"thô lỗ, thiếu lễ phép",Người Hải Phòng,medium,"Tính cách con người phụ thuộc vào nhiều yếu tố cá nhân, không phải nơi sinh ra.",12
Nhiều người nghĩ nghề diễn viên hài thì không phải là nghề thực sự.,Occupation Bias,không phải nghề thực sự,diễn viên hài,medium,Diễn viên hài chuyên nghiệp đóng góp cho văn hóa giải trí và cần kỹ năng nghệ thuật thực sự.,4
"Không ít người cho rằng người phụ nữ việc giáo dục con cái là trách nhiệm của mẹ, không phải của bố.",Gender Bias,"trách nhiệm của mẹ, giáo dục con",phụ nữ,medium,"Mỗi cá nhân có quyền tự quyết về cuộc sống của mình, không phụ thuộc giới tính.",1
Có định kiến rằng công chức luôn không khách quan.,Political Bias,không khách quan,công chức,medium,Cần xem xét bối cảnh thay vì dùng kết luận khái quát.,9
"Xã hội mình hay quan niệm thằng bạn tôi bỏ học làm shipper, phí cả tuổi trẻ.",Occupation Bias,phí cả tuổi trẻ,shipper,medium,Làm shipper là lựa chọn nghề nghiệp hợp lệ với thu nhập ổn định và tính linh hoạt cao.,4
"Tôi thấy phụ nữ đàn ông giỏi công nghệ hơn phụ nữ, đó là sự thật khách quan.",Gender Bias,"giỏi công nghệ hơn, sự thật khách quan",phụ nữ,high,Mọi người đều xứng đáng được tôn trọng bất kể giới tính hay xu hướng tính dục.,1
Lễ hội địa phương thu hút nhiều người tham dự. vào cuối tháng.,Non-bias,none,none,low,Lễ hội địa phương thu hút nhiều người tham dự. vào cuối tháng.,0
"Ông bà tôi hay nói nghề tiếp thị thì có gì ghê gớm đâu, ai cũng làm được.",Occupation Bias,ai cũng làm được,nhân viên tiếp thị,medium,"Tiếp thị đòi hỏi kỹ năng phân tích, sáng tạo và hiểu biết thị trường sâu sắc.",4
Người hay cau mày nhìn khó ưa dù biết đâu họ tốt.,Appearance Bias,"cau mày, mặt khó",người hay cau mày,medium,Biểu cảm mặc định của khuôn mặt không phản ánh tính cách hay thái độ.,11
Người dân tham gia hoạt động địa phương. ở buổi họp.,Non-bias,none,none,low,Người dân tham gia hoạt động địa phương. ở buổi họp.,0
Người có lằn nhăn sâu ở trán trông hay lo lắng bất ổn.,Appearance Bias,"nhăn trán, nếp nhăn",người nhiều nếp nhăn trán,medium,Nếp nhăn là đặc điểm tự nhiên và không phản ánh trạng thái tinh thần.,11
Ông bà tôi hay nói người làm nghề chụp ảnh thì cũng chỉ là thú vui tay trái.,Occupation Bias,chỉ là thú vui tay trái,nhiếp ảnh gia,medium,"Nhiếp ảnh là nghề đòi hỏi kỹ năng nghệ thuật và kỹ thuật chuyên sâu, là sự nghiệp chính đàng hoàng.",4
"Y tá thì chỉ là người phụ bác sĩ, không quan trọng bằng. Đó là định kiến cần thay đổi.",Occupation Bias,không quan trọng bằng,y tá / điều dưỡng,low,Điều dưỡng là chuyên gia y tế độc lập với vai trò thiết yếu trong chăm sóc bệnh nhân.,4
"Tôi không thích đàn bà vì con gái mà ăn nhiều quá trông không có duyên, đàn ông không thích.",Gender Bias,"ăn nhiều, không có duyên",phụ nữ,medium,Định kiến giới gây ra bất bình đẳng và tổn hại cho cả xã hội.,1
Buổi biểu diễn giới thiệu nghệ thuật truyền thống. tại địa phương.,Non-bias,none,none,low,Buổi biểu diễn giới thiệu nghệ thuật truyền thống. tại địa phương.,0
Làm việc với phụ nữ Việt Nam mệt lắm vì phụ nữ sau khi sinh phải ở nhà ít nhất vài năm để chăm con.,Gender Bias,"ở nhà chăm con, sau khi sinh",phụ nữ,medium,"Hãy đánh giá con người qua hành động và phẩm chất, không qua giới tính.",1
Người phụ nữ phụ nữ học y khoa rồi nghỉ ở nhà sinh con là phí nhân lực xã hội.,Gender Bias,"nghỉ ở nhà sinh con, phí nhân lực",phụ nữ,medium,Sự đa dạng về giới tính là một phần tự nhiên của con người và xã hội.,1
"Thật ra con trai đàn ông học sư phạm thì sau này khó xin việc, không ai tin tưởng.",Gender Bias,"không ai tin tưởng, học sư phạm",đàn ông,medium,"Mỗi người có năng lực và phẩm chất riêng, không phụ thuộc vào giới tính.",1
"Dân Bắc không đáng tin, hay nói một đằng làm một nẻo.",Regional Bias,"không đáng tin, hai mặt",Người miền Bắc,high,"Mỗi người là một cá thể độc lập, không đại diện cho tất cả người cùng vùng.",12
Không ít người cho rằng người phi nhị nguyên giới người phi nhị nguyên giới chỉ là đang cố gây chú ý.,Gender Bias,cố gây chú ý,người phi nhị nguyên giới,high,Định kiến giới gây ra bất bình đẳng và tổn hại cho cả xã hội.,1
Nhiều người nghĩ nhân viên pha chế thì cũng chỉ làm để qua ngày thôi.,Occupation Bias,chỉ làm để qua ngày,bartender / nhân viên pha chế,medium,Bartender chuyên nghiệp có thể xây dựng sự nghiệp trong ngành F&B với thu nhập và cơ hội tốt.,4
Nhiều người nghĩ rằng người hoạt động xã hội luôn thiếu hiểu biết.,Political Bias,luôn thiếu hiểu biết,người hoạt động xã hội,high,Cần xem xét bối cảnh thay vì dùng kết luận khái quát.,9
"Xã hội mình hay quan niệm thợ lắp kính thì cũng không khá được, nghề thấp lắm.",Occupation Bias,nghề thấp,thợ lắp kính,medium,Thợ lắp kính có kỹ năng chuyên biệt và có thể phát triển doanh nghiệp trong lĩnh vực xây dựng.,4
"Nhiều người nghĩ nghề chăn trâu thì lạc hậu, người văn minh không làm.",Occupation Bias,"lạc hậu, người văn minh không làm",người chăn trâu,high,"Chăn nuôi gia súc là ngành kinh tế quan trọng, không có gì là lạc hậu trong việc này.",4
Gen Z không biết cách viết báo cáo chuyên nghiệp.,Age Bias,"gen Z, báo cáo chuyên nghiệp",Người trẻ/Gen Z,Medium,Kỹ năng viết báo cáo có thể học và phát triển qua đào tạo và thực hành.,2
Nghe nói phục vụ quán cà phê thì không học hành gì vẫn làm được.,Occupation Bias,không học hành gì vẫn làm được,nhân viên quán cà phê,medium,"Nhân viên quán cà phê cần kỹ năng pha chế, giao tiếp khách hàng và quản lý thời gian.",4
Không biết sao chứ người Nghệ Tĩnh thiếu văn minh so với người thành phố.,Regional Bias,"thiếu văn minh, quê mùa",Người Nghệ An,high,"Mỗi người có cá tính riêng, không nên đánh giá dựa trên xuất thân vùng miền.",12
Ông cụ đó hiểu gì về AI mà bàn.,Age Bias,"ông cụ, hiểu gì",Người cao tuổi,High,Nhiều chuyên gia lớn tuổi có đóng góp rất lớn trong lĩnh vực công nghệ.,2
"Đeo kính dày thế kia trông mọt sách, không gần gũi.",Appearance Bias,"kính dày, kính cận",người đeo kính,medium,Đeo kính không phản ánh tính cách hay khả năng giao tiếp xã hội.,11
"Chẳng ai phủ nhận được con trai đàn ông lấy vợ hơn tuổi trông kỳ lắm, không hợp.",Gender Bias,"vợ hơn tuổi, không hợp",đàn ông,medium,Tôn trọng sự tự do và bình đẳng của mọi người là nền tảng của xã hội văn minh.,1
Có định kiến rằng công chức luôn chỉ nói theo đám đông.,Political Bias,chỉ nói theo đám đông,công chức,low,Không nên đồng nhất mọi cá nhân trong một nhóm quan điểm.,9
"Nghe nói người Sài Gòn xưa thích nhậu nhẹt, không lo chuyện lớn.",Regional Bias,"nhậu nhẹt, thiếu trách nhiệm",Người miền Nam,high,Mỗi vùng miền có văn hóa và giá trị riêng đáng được tôn trọng.,12
Người da đen không hợp mặc áo tối màu.,Appearance Bias,da đen,người da tối màu,medium,Mọi người đều có quyền tự chọn trang phục của mình.,11
Nhiều người nghĩ người làm bánh thì cũng chỉ là thợ lặt vặt thôi.,Occupation Bias,thợ lặt vặt,thợ làm bánh,medium,"Thợ làm bánh chuyên nghiệp kết hợp kỹ thuật và nghệ thuật, nhiều người thành công với thương hiệu riêng.",4
"Người rửa bát thuê thì không có tương lai, cần đổi nghề khác.",Occupation Bias,không có tương lai,người rửa bát,medium,Mọi công việc lương thiện đều có giá trị; nhiều doanh nhân thành đạt từng làm những việc khiêm tốn.,4
"Ai cũng biết phụ nữ Việt Nam phụ nữ học cao thường kiêu ngạo, khó chịu với người xung quanh.",Gender Bias,"học cao kiêu ngạo, khó chịu",phụ nữ,high,Định kiến giới gây ra bất bình đẳng và tổn hại cho cả xã hội.,1
"Làm việc với người phụ nữ mệt lắm vì phải lo việc bếp núc, dọn dẹp nhà cửa là chuyện đương nhiên.",Gender Bias,"bếp núc, nội trợ",phụ nữ,medium,"Hãy đánh giá con người qua hành động và phẩm chất, không qua giới tính.",1
"Nói thật chứ người Nghệ An hay giữ thù lâu, không dễ bỏ qua.",Regional Bias,"thù dai, cố chấp",Người miền Trung,medium,Mỗi vùng miền có văn hóa và giá trị riêng đáng được tôn trọng.,12
Ông bà tôi hay nói làm MC đám cưới thì cũng không đáng coi là nghề chính.,Occupation Bias,không đáng coi là nghề chính,MC sự kiện,medium,MC là nghề chuyên nghiệp đòi hỏi kỹ năng giao tiếp và ứng xử chuyên nghiệp.,4
"Người không có điều kiện mà bàn về bất động sản, nghe lạ tai ghê.",Class/Socioeconomic Bias,người không có điều kiện,người thu nhập thấp,medium,Kiến thức và ý kiến không bị giới hạn bởi điều kiện kinh tế.,3
Cứ nhìn vào người Hải Phòng là thấy có tiền rồi cũng tiêu xài không biết giữ.,Regional Bias,"không biết giữ tiền, phung phá",Người Hải Phòng,medium,"Mỗi người là một cá thể độc lập, không đại diện cho tất cả người cùng vùng.",12
Xã hội mình hay quan niệm nhân viên ngân hàng thì cũng chỉ là người thu tiền thôi.,Occupation Bias,chỉ là người thu tiền,nhân viên ngân hàng,medium,Nhân viên ngân hàng cần kiến thức tài chính chuyên sâu và kỹ năng quản lý rủi ro.,4
"Câu chuyện hay gặp là phụ nữ con gái phải biết nhường nhịn, không được tranh hơn thua.",Gender Bias,"nhường nhịn, không tranh hơn thua",phụ nữ,medium,"Định kiến giới hạn cơ hội của mọi người, bất kể họ là ai.",1
Nhiều người nghĩ rằng nhóm có ý kiến trái chiều không khách quan.,Political Bias,không khách quan,nhóm có ý kiến trái chiều,medium,Nên tách biệt đánh giá cá nhân với nhận định về lập trường.,9
Thật ra người transgender người chuyển giới vào nhà vệ sinh là nguy hiểm cho người khác.,Gender Bias,"nguy hiểm, nhà vệ sinh",người chuyển giới,high,"Mỗi người có năng lực và phẩm chất riêng, không phụ thuộc vào giới tính.",1
"Chẳng ai phủ nhận được đàn bà đàn bà xấu thì khó lấy được chồng tốt, phải biết điều đó.",Gender Bias,"đàn bà xấu, khó lấy chồng tốt",phụ nữ,high,Mọi người đều xứng đáng được tôn trọng bất kể giới tính hay xu hướng tính dục.,1
"Ai cũng biết con gái con gái da ngăm trông không được, phải trắng mới đẹp.",Gender Bias,"da ngăm, phải trắng",phụ nữ,medium,"Định kiến giới hạn cơ hội của mọi người, bất kể họ là ai.",1
Thợ hồ mà nói chuyện văn hóa nghệ thuật nghe buồn cười lắm.,Class/Socioeconomic Bias,lao động xây dựng,high,medium,Lao động thủ công và sở thích văn hóa hoàn toàn có thể song hành.,3
sinh viên trường tỉnh thường không đáng tin trong công việc trí óc nên không nên giao việc quan trọng.,Educational Bias,không đáng tin trong công việc trí óc,sinh viên trường tỉnh,high,Không nên đánh giá năng lực hay cơ hội của một người chỉ dựa trên học vấn hoặc loại trường đã học.,5
"Dân gian hay nói người thuộc cộng đồng LGBT người LGBT không nên thể hiện công khai, ảnh hưởng đến trẻ em.",Gender Bias,"không nên thể hiện công khai, ảnh hưởng trẻ em",người LGBT,high,Mọi người đều xứng đáng được tôn trọng bất kể giới tính hay xu hướng tính dục.,1
"Tôi đã từng gặp người phụ nữ và thấy phụ nữ nên chọn nghề nhẹ nhàng, không cần tư duy nhiều.",Gender Bias,"nghề nhẹ nhàng, không cần tư duy",phụ nữ,high,"Mỗi người có năng lực và phẩm chất riêng, không phụ thuộc vào giới tính.",1
"Người lông mi thưa không cần mascara cũng được, lông mi dày mới đẹp.",Appearance Bias,lông mi thưa,người lông mi thưa,low,Vẻ đẹp không được xác định bởi độ dày của lông mi.,11
"Xã hội mình hay quan niệm giáo viên mầm non thì không phải là nghề gì ghê gớm, ai cũng làm được.",Occupation Bias,ai cũng làm được,giáo viên mầm non,high,Giáo viên mầm non có vai trò quan trọng trong phát triển trẻ em và cần đào tạo chuyên nghiệp.,4
"Nhiều người nghĩ làm nông thì cả đời bần hàn, không khá nổi.",Occupation Bias,"cả đời bần hàn, không khá nổi",nông dân,high,Nông dân có thể áp dụng công nghệ và kinh doanh nông nghiệp để đạt thu nhập tốt.,4
Nghề may mặc gia công thì chỉ dành cho người không học được.,Occupation Bias,chỉ dành cho người không học được,công nhân may mặc,high,Công nhân may mặc đóng góp cho ngành xuất khẩu lớn nhất Việt Nam và đáng được tôn trọng.,4
Phụ nữ phụ nữ mà đàm phán kinh doanh thì yếu thế hơn đàn ông.,Gender Bias,đàm phán yếu thế hơn,phụ nữ,high,"Hãy đánh giá con người qua hành động và phẩm chất, không qua giới tính.",1
Kinh nghiệm của tôi là người đồng tính đồng tính luyến ái là do tiếp xúc với văn hóa phương Tây quá nhiều.,Gender Bias,"văn hóa phương Tây, tiếp xúc quá nhiều",người đồng tính,high,"Mỗi người có năng lực và phẩm chất riêng, không phụ thuộc vào giới tính.",1
Ai cũng biết dân cảng không đáng tin trong làm ăn.,Regional Bias,không đáng tin,Người Hải Phòng,high,Không công bằng khi áp đặt định kiến lên cả một cộng đồng người.,12
"Xã hội mình vẫn quan niệm phụ nữ về nhà chồng rồi phải nghe lời mẹ chồng, đó là đạo làm dâu.",Gender Bias,"nghe lời mẹ chồng, đạo làm dâu",phụ nữ,high,"Hãy đánh giá con người qua hành động và phẩm chất, không qua giới tính.",1
"Làm việc với phụ nữ mệt lắm vì con gái học nhiều làm gì, cuối cùng cũng về nhà chồng thôi.",Gender Bias,"học nhiều làm gì, về nhà chồng",phụ nữ,high,"Giới tính không quyết định khả năng, giá trị hay vai trò của một người.",1
Nghe nói người quét dọn đường phố thì đêm hôm vất vả mà thu nhập bèo.,Occupation Bias,vất vả mà thu nhập bèo,lao động vệ sinh đường phố,medium,Lao động vệ sinh đường phố cần được đảm bảo thu nhập xứng đáng với công việc quan trọng họ thực hiện.,4
"Ông bà tôi hay nói lái xe tải thì học được gì, ngồi lái cả ngày thôi mà.",Occupation Bias,"học được gì, ngồi lái cả ngày",tài xế xe tải,medium,"Tài xế xe tải cần kỹ năng vận hành xe lớn, quản lý lộ trình và tuân thủ quy định giao thông phức tạp.",4
Tôi không thích dân xứ Nghệ vì nói giọng nặng không ai hiểu.,Regional Bias,"giọng nặng, khó hiểu",Người Nghệ An,low,Có nhiều người tuyệt vời đến từ khắp mọi vùng miền của Việt Nam.,12
Nghe nói phụ nữ làm tài xế thì lái xe không khéo bằng đàn ông.,Occupation Bias,không khéo bằng đàn ông,tài xế nữ,high,Kỹ năng lái xe không phân biệt giới tính; nhiều tài xế nữ có hồ sơ an toàn xuất sắc.,4
Tôi thấy con gái đàn ông tuy học kém nhưng nhanh nhạy thực tế hơn phụ nữ.,Gender Bias,"học kém, nhanh nhạy thực tế hơn",phụ nữ,high,Không nên áp đặt kỳ vọng hay giới hạn dựa trên giới tính của ai.,1
"Không biết sao chứ người phụ nữ con gái mà cao quá, to quá thì đàn ông không thích.",Gender Bias,"cao quá to quá, đàn ông không thích",phụ nữ,medium,Tôn trọng sự tự do và bình đẳng của mọi người là nền tảng của xã hội văn minh.,1
Người giàu có điều kiện dạy con tốt hơn người nghèo là đương nhiên.,Class/Socioeconomic Bias,người nghèo,medium,medium,Chất lượng nuôi dạy con cái không chỉ phụ thuộc vào điều kiện tài chính.,3
Nhiều người nghĩ nghề thổi thủy tinh thủ công thì sắp tuyệt chủng rồi.,Occupation Bias,sắp tuyệt chủng rồi,thợ thổi thủy tinh,low,Thổi thủy tinh thủ công là di sản văn hóa có giá trị và sản phẩm được thu mua với giá cao.,4
người phản biện chính sách thường bị cho là quá cực đoan.,Political Bias,quá cực đoan,người phản biện chính sách,medium,Cần xem xét bối cảnh thay vì dùng kết luận khái quát.,9
"Bạn tôi kể người Hải Phòng hay dùng bạo lực để giải quyết vấn đề, thấy đúng thật.",Regional Bias,"bạo lực, hung hãn",Người Hải Phòng,high,"Mỗi người có cá tính riêng, không nên đánh giá dựa trên xuất thân vùng miền.",12
Ông bà tôi hay nói người làm gác cổng trường thì trình độ thấp thôi.,Occupation Bias,trình độ thấp,bảo vệ trường học,medium,Bảo vệ trường học đảm bảo an toàn cho học sinh và không nên bị đánh giá qua trình độ học vấn.,4
Gen Z chỉ biết than thở về giá cả mà không chịu tìm giải pháp.,Age Bias,"gen Z, than thở",Người trẻ/Gen Z,High,Nhận thức về vấn đề kinh tế và lên tiếng về chính sách là hành động công dân tích cực.,2
"Thanh niên bây giờ không chịu chịu đựng, khó khăn tí là kêu ca.",Age Bias,"thanh niên, kêu ca",Người trẻ,Medium,"Việc lên tiếng về vấn đề là biểu hiện của sự chủ động, không phải kêu ca.",2
"Nhiều người nghĩ nông dân thì chỉ biết cày ruộng, biết gì mà ý kiến.",Occupation Bias,biết gì mà ý kiến,nông dân,high,Nông dân có kiến thức sâu rộng về nông nghiệp và hoàn toàn có quyền tham gia thảo luận xã hội.,4
Xã hội mình hay quan niệm người bán đồ ăn vặt thì cũng chỉ kiếm bèo bọt qua ngày.,Occupation Bias,kiếm bèo bọt qua ngày,người bán đồ ăn vặt,medium,"Kinh doanh đồ ăn vặt là hình thức khởi nghiệp hợp lệ, nhiều người đã xây dựng chuỗi kinh doanh từ đó.",4
"Kinh nghiệm của tôi là dân Đà Nẵng tính cách thất thường, khó đoán.",Regional Bias,"thất thường, khó đoán",Người Đà Nẵng,medium,"Mỗi người có cá tính riêng, không nên đánh giá dựa trên xuất thân vùng miền.",12
Đến dân Quảng mà hay phân biệt người trong tỉnh và ngoài tỉnh thì biết nói gì.,Regional Bias,"phân biệt, cục bộ",Người Quảng Nam,high,Không nên nhìn nhận cả một nhóm người qua lăng kính định kiến.,12
"Chẳng ai phủ nhận được người miền Bắc rất ki bo, không bao giờ chịu chi tiền.",Regional Bias,"ki bo, tiết kiệm",Người miền Bắc,medium,Không nên nhìn nhận cả một nhóm người qua lăng kính định kiến.,12
"Nhiều người nghĩ học ngành y mới ra hồn người, còn nghệ thuật thì làm gì sống.",Occupation Bias,làm gì sống,nghệ sĩ / người làm nghệ thuật,high,Ngành nghệ thuật đóng vai trò quan trọng trong xã hội và người làm nghệ thuật hoàn toàn có thể sống tốt.,4
"Bọn trẻ bây giờ chỉ biết chơi, chẳng có trách nhiệm gì.",Age Bias,"bọn trẻ, chẳng có trách nhiệm",Người trẻ,High,Nhiều người trẻ rất có trách nhiệm và cống hiến tích cực cho xã hội.,2
"Xã hội mình vẫn quan niệm đàn ông đàn ông mà nghèo thì không ai tôn trọng, đó là thực tế phũ phàng.",Gender Bias,nghèo không ai tôn trọng,đàn ông,high,Tôn trọng sự tự do và bình đẳng của mọi người là nền tảng của xã hội văn minh.,1
Không có bằng bằng quốc tế thì đừng mơ làm giám đốc.,Class/Socioeconomic Bias,không có bằng,người không có bằng cấp phù hợp,high,Năng lực và kinh nghiệm thực tế có thể bù đắp cho bằng cấp chính thức trong nhiều lĩnh vực.,3
Người lớn tuổi không phù hợp làm việc trong môi trường start-up.,Age Bias,"người lớn tuổi, không phù hợp start-up",Người cao tuổi,High,"Nhiều người sáng lập startup thành công ở độ tuổi 40, 50, thậm chí 60.",2
Tôi không thích dân miền Nam vì sống buông thả không lo tương lai.,Regional Bias,"buông thả, thiếu kế hoạch",Người Sài Gòn,medium,Định kiến vùng miền gây chia rẽ và không phản ánh thực tế đa dạng của con người.,12
Con gái con gái mà không biết ăn mặc đẹp thì khó lấy được chồng khá.,Gender Bias,"ăn mặc đẹp, chồng khá",phụ nữ,high,Định kiến giới gây ra bất bình đẳng và tổn hại cho cả xã hội.,1
người quan tâm chính trị thường bị cho là không nên tham gia thảo luận.,Political Bias,không nên tham gia thảo luận,người quan tâm chính trị,medium,Quan điểm chính trị không đủ để kết luận năng lực hay phẩm chất cá nhân.,9
"Đàn ông Việt Nam thì ai cũng biết là đàn ông lấy vợ hơn tuổi trông kỳ lắm, không hợp.",Gender Bias,"vợ hơn tuổi, không hợp",đàn ông,medium,"Giới tính không quyết định khả năng, giá trị hay vai trò của một người.",1
"Thật ra người phụ nữ con gái mà cao quá, to quá thì đàn ông không thích.",Gender Bias,"cao quá to quá, đàn ông không thích",phụ nữ,medium,"Mỗi cá nhân có quyền tự quyết về cuộc sống của mình, không phụ thuộc giới tính.",1
"Bạn tôi kể đàn ông Việt Nam đàn ông mà nhạy cảm quá thì không hợp làm chồng, thấy đúng thật.",Gender Bias,"nhạy cảm quá, không hợp làm chồng",đàn ông,medium,"Định kiến giới hạn cơ hội của mọi người, bất kể họ là ai.",1
"Gen Z lúc nào cũng đòi work-life balance, không hiểu sự hi sinh.",Age Bias,"gen Z, work-life balance",Người trẻ/Gen Z,High,Cân bằng công việc và cuộc sống là quyền lợi hợp lý của mọi người lao động.,2
Người già thì biết gì về mạng xã hội mà góp ý.,Age Bias,"người già, biết gì",Người cao tuổi,High,Người lớn tuổi cũng có thể am hiểu và sử dụng mạng xã hội hiệu quả.,2
"Nghề đầu bếp thì làm gì có tương lai, chỉ đứng bếp cả đời.",Occupation Bias,làm gì có tương lai,đầu bếp,medium,Đầu bếp có nhiều cơ hội phát triển từ quản lý nhà hàng đến mở cơ sở kinh doanh riêng.,4
Người gầy thế kia không có năng lượng làm việc.,Appearance Bias,"gầy, yếu",người thiếu cân,medium,Vóc dáng gầy không đồng nghĩa với thiếu năng lượng.,11
"Nói thật chứ người Huế tính tình lạnh lùng, khó gần.",Regional Bias,"lạnh lùng, khó gần",Người Huế,medium,Có nhiều người tuyệt vời đến từ khắp mọi vùng miền của Việt Nam.,12
Tôi không thích người Hà Nội vì tranh giành chỗ đứng không cần thực lực.,Regional Bias,"tranh giành, thiếu thực lực",Người Hà Nội,high,Không nên nhìn nhận cả một nhóm người qua lăng kính định kiến.,12
Người miền núi da ngăm nhìn không ưa mắt.,Appearance Bias,"miền núi, da ngăm",người miền núi,high,Màu da không quyết định vẻ đẹp hay sự đáng trân trọng của một người.,11
"Bạn tôi kể người Huế nói chuyện vòng vo, không thẳng thắn, thấy đúng thật.",Regional Bias,"vòng vo, không thẳng thắn",Người Huế,medium,Không nên nhìn nhận cả một nhóm người qua lăng kính định kiến.,12
Không có bằng tiến sĩ thì đừng mơ làm quản lý cấp cao.,Class/Socioeconomic Bias,không có bằng,người không có bằng cấp phù hợp,high,Năng lực và kinh nghiệm thực tế có thể bù đắp cho bằng cấp chính thức trong nhiều lĩnh vực.,3
"Nhiều người nghĩ giáo viên dạy nghề thì không bằng giáo viên đại học, kém hơn nhiều.",Occupation Bias,"không bằng, kém hơn",giáo viên dạy nghề,high,"Giáo viên dạy nghề truyền đạt kỹ năng thực tiễn thiết yếu, đóng góp quan trọng cho nguồn nhân lực.",4
Dân Sài Gòn thì ai cũng biết là không trân trọng truyền thống văn hóa.,Regional Bias,thiếu trân trọng truyền thống,Người Sài Gòn,medium,Định kiến vùng miền gây chia rẽ và không phản ánh thực tế đa dạng của con người.,12
Cứ nhìn vào người Hải Phòng là thấy hay kéo bè để ức hiếp người khác.,Regional Bias,"kéo bè, ức hiếp",Người Hải Phòng,high,Mỗi vùng miền có văn hóa và giá trị riêng đáng được tôn trọng.,12
"Người ta vẫn hay nói đàn bà phụ nữ học cao thường kiêu ngạo, khó chịu với người xung quanh.",Gender Bias,"học cao kiêu ngạo, khó chịu",phụ nữ,high,Sự đa dạng về giới tính là một phần tự nhiên của con người và xã hội.,1
"Bệnh viện tư chỉ dành cho người có tiền, người nghèo thì bệnh viện công thôi.",Class/Socioeconomic Bias,người nghèo,low,medium,Hệ thống y tế cần đảm bảo mọi người tiếp cận được dịch vụ chăm sóc sức khỏe tốt.,3
Tôi thấy họ hai người đồng tính nuôi con thì đứa trẻ sẽ bị ảnh hưởng xấu.,Gender Bias,đứa trẻ bị ảnh hưởng xấu,người đồng tính,high,"Hãy đánh giá con người qua hành động và phẩm chất, không qua giới tính.",1
Gen Z không có khả năng chịu đựng stress như 8x ngày trước.,Age Bias,"gen Z, không chịu được stress",Người trẻ/Gen Z,High,Nhận thức tốt hơn về sức khỏe tâm thần không có nghĩa là yếu đuối hơn.,2
"Kinh nghiệm của tôi là người cố đô tính tình lạnh lùng, khó gần.",Regional Bias,"lạnh lùng, khó gần",Người Huế,medium,Không công bằng khi áp đặt định kiến lên cả một cộng đồng người.,12
Dân gian hay nói người phụ nữ phụ nữ hiện đại nhưng vẫn phải giữ đạo làm vợ làm mẹ.,Gender Bias,"đạo làm vợ làm mẹ, phụ nữ hiện đại",phụ nữ,medium,Không nên áp đặt kỳ vọng hay giới hạn dựa trên giới tính của ai.,1
Ông bà tôi hay nói nhân viên nhân sự thì không hiểu công việc thực tế gì cả.,Occupation Bias,không hiểu công việc thực tế,nhân viên nhân sự (HR),medium,"Chuyên gia HR có kiến thức về tâm lý, luật lao động và quản lý con người chuyên sâu.",4
Có định kiến rằng cử tri trẻ luôn không đáng tin.,Political Bias,không đáng tin,cử tri trẻ,high,Việc tham gia thảo luận chính trị không quyết định mức độ đáng tin cậy.,9
Nghe nói người làm nghiên cứu khoa học thì sống xa thực tế lắm.,Occupation Bias,sống xa thực tế,nhà nghiên cứu,medium,Nhà nghiên cứu đóng góp thiết yếu cho tiến bộ xã hội thông qua các giải pháp dựa trên bằng chứng.,4
"Tôi đã từng gặp người đàn ông và thấy đàn ông mà nghèo thì không ai tôn trọng, đó là thực tế phũ phàng.",Gender Bias,nghèo không ai tôn trọng,đàn ông,high,Mọi người đều xứng đáng được tôn trọng bất kể giới tính hay xu hướng tính dục.,1
Ông bà tôi hay nói làm bảo vệ tòa nhà thì cuộc đời cũng tối tăm lắm.,Occupation Bias,cuộc đời tối tăm,bảo vệ tòa nhà,high,Nhân viên bảo vệ có thu nhập ổn định và cơ hội thăng tiến trong lĩnh vực an ninh chuyên nghiệp.,4
Gia đình tổ chức buổi gặp mặt nhỏ. trong chương trình.,Non-bias,none,none,low,Gia đình tổ chức buổi gặp mặt nhỏ. trong chương trình.,0
"Tôi không thích dân xứ Quảng vì dân Quảng nói giọng kỳ lạ, nghe không ra tiếng gì.",Regional Bias,"giọng kỳ lạ, khó nghe",Người Quảng Nam,low,"Mỗi người là một cá thể độc lập, không đại diện cho tất cả người cùng vùng.",12
Kỹ thuật viên xét nghiệm thì cũng chỉ làm thợ trong bệnh viện.,Occupation Bias,chỉ làm thợ,kỹ thuật viên xét nghiệm,medium,Kỹ thuật viên xét nghiệm đóng vai trò then chốt trong chẩn đoán bệnh chính xác.,4
"Tôi thấy người Đà Nẵng nói chuyện thô lỗ, thiếu tế nhị.",Regional Bias,"thô lỗ, thiếu tế nhị",Người Đà Nẵng,medium,"Tính cách con người phụ thuộc vào nhiều yếu tố cá nhân, không phải nơi sinh ra.",12
"Chẳng ai phủ nhận được dân cảng nói chuyện bỗ bã, thiếu văn hóa.",Regional Bias,"bỗ bã, thiếu văn hóa",Người Hải Phòng,high,Có nhiều người tuyệt vời đến từ khắp mọi vùng miền của Việt Nam.,12
Nhóm nghiên cứu chia sẻ thông tin y tế. trong tuần này.,Non-bias,none,none,low,Nhóm nghiên cứu chia sẻ thông tin y tế. trong tuần này.,0
Tôi đã từng gặp con trai và thấy đàn ông không phải lo kiếm tiền nhiều bằng vợ là sống ký sinh.,Gender Bias,"sống ký sinh, không kiếm bằng vợ",đàn ông,high,Mọi người đều xứng đáng được tôn trọng bất kể giới tính hay xu hướng tính dục.,1
"Mấy anh xe ôm thì lo làm đi, đừng có bàn chuyện xã hội.",Occupation Bias,đừng bàn chuyện xã hội,xe ôm,high,Tài xế xe ôm là công dân đầy đủ quyền lên tiếng về các vấn đề xã hội.,4
Nghề thổi thủy tinh thủ công thì sắp tuyệt chủng rồi.,Occupation Bias,sắp tuyệt chủng rồi,thợ thổi thủy tinh,low,Thổi thủy tinh thủ công là di sản văn hóa có giá trị và sản phẩm được thu mua với giá cao.,4
"Xã hội mình hay quan niệm làm thợ tiện thì cả đời cũng chỉ đứng máy, không đi đến đâu.",Occupation Bias,"cả đời chỉ đứng máy, không đi đến đâu",thợ tiện,medium,Thợ tiện CNC hiện đại có nhiều cơ hội phát triển kỹ năng và thăng tiến trong ngành cơ khí chính xác.,4
"Câu chuyện hay gặp là đàn bà phụ nữ không nên học quá nhiều vì dễ khó chịu, khó sống chung.",Gender Bias,"học quá nhiều, khó sống chung",phụ nữ,high,Định kiến giới gây ra bất bình đẳng và tổn hại cho cả xã hội.,1
Nhiều người nghĩ rằng công chức không phù hợp vị trí lãnh đạo.,Political Bias,không phù hợp vị trí lãnh đạo,công chức,high,Đối thoại tôn trọng giúp hiểu rõ khác biệt hơn là áp dụng định kiến.,9
Người ta vẫn hay nói dân Quảng nói một đằng làm một nẻo.,Regional Bias,"không thật lòng, hai mặt",Người Quảng Nam,high,Chúng ta nên tìm hiểu và tôn trọng sự khác biệt văn hóa giữa các vùng miền.,12
Cứ nhìn vào dân Đà Nẵng là thấy hay dựa vào mối quan hệ hơn thực lực.,Regional Bias,"quan hệ, thiếu thực lực",Người Đà Nẵng,medium,"Tính cách con người phụ thuộc vào nhiều yếu tố cá nhân, không phải nơi sinh ra.",12
Ông bà tôi hay nói mấy đứa làm social media thì ngồi lướt điện thoại cả ngày.,Occupation Bias,ngồi lướt điện thoại cả ngày,quản lý mạng xã hội,medium,"Quản lý mạng xã hội đòi hỏi chiến lược nội dung, phân tích dữ liệu và kỹ năng giao tiếp cộng đồng.",4
"Dùng điện thoại cũ thì đừng vào nhóm chia sẻ đồ hiệu, lạc quẻ lắm.",Class/Socioeconomic Bias,người dùng thiết bị cũ,medium,medium,Mọi người đều có quyền tham gia vào cộng đồng sở thích bất kể thiết bị họ dùng.,3
"Nói thật chứ dân Sài Gòn hay thay đổi, không chung thủy trong quan hệ.",Regional Bias,"không chung thủy, thay đổi",Người Sài Gòn,high,Có nhiều người tuyệt vời đến từ khắp mọi vùng miền của Việt Nam.,12
"Công việc văn phòng thì nhàn hạ, không vất vả như người làm tay chân.",Occupation Bias,nhàn hạ,nhân viên văn phòng,low,"Công việc văn phòng có áp lực và thách thức riêng, không nên so sánh theo cách này.",4
Thật ra người Nghệ Tĩnh hay coi thường người khác vùng.,Regional Bias,"coi thường, phân biệt vùng miền",Người Nghệ An,high,Định kiến vùng miền gây chia rẽ và không phản ánh thực tế đa dạng của con người.,12
Người lớn tuổi không hiểu văn hóa làm việc hiện đại.,Age Bias,"người lớn tuổi, không hiểu văn hóa làm việc",Người cao tuổi,High,Nhiều người lớn tuổi thích ứng rất tốt với môi trường làm việc hiện đại.,2
"Dân gian hay nói người miền Nam nhẹ dạ, dễ bị lừa.",Regional Bias,"nhẹ dạ, cả tin",Người miền Nam,medium,"Mỗi người là một cá thể độc lập, không đại diện cho tất cả người cùng vùng.",12
người điều trị tâm lý thường bị gán là không phù hợp vị trí áp lực cao.,Mental Health Bias,không phù hợp vị trí áp lực cao,người điều trị tâm lý,high,Mỗi người có trải nghiệm khác nhau nên cần tránh khái quát hóa.,10
Tôi thấy người Hải Phòng không đáng tin trong làm ăn.,Regional Bias,không đáng tin,Người Hải Phòng,high,"Tính cách con người phụ thuộc vào nhiều yếu tố cá nhân, không phải nơi sinh ra.",12
Người ta vẫn hay nói phụ nữ Việt Nam phụ nữ thường xuyên nghỉ thai sản nên công ty ngại tuyển.,Gender Bias,"nghỉ thai sản, ngại tuyển",phụ nữ,high,"Giới tính không quyết định khả năng, giá trị hay vai trò của một người.",1
"Ông bà tôi hay nói thằng bạn tôi bỏ học làm shipper, phí cả tuổi trẻ.",Occupation Bias,phí cả tuổi trẻ,shipper,medium,Làm shipper là lựa chọn nghề nghiệp hợp lệ với thu nhập ổn định và tính linh hoạt cao.,4
"Dân Quảng sống khép kín, ít giao lưu.",Regional Bias,"khép kín, ít giao lưu",Người Quảng Nam,low,Có nhiều người tuyệt vời đến từ khắp mọi vùng miền của Việt Nam.,12
Mọi người đều nói con gái phụ nữ hay đầu tư vào hàng hiệu hơn là tài sản thật sự.,Gender Bias,"hàng hiệu, không đầu tư tài sản",phụ nữ,medium,"Giới tính không quyết định khả năng, giá trị hay vai trò của một người.",1
Xã hội mình vẫn quan niệm đàn bà phụ nữ mà ham mê công việc quá dễ bỏ bê chồng con.,Gender Bias,"ham mê công việc, bỏ bê chồng con",phụ nữ,high,Không nên áp đặt kỳ vọng hay giới hạn dựa trên giới tính của ai.,1
"Cứ nhìn vào người TP.HCM là thấy hay thay đổi, không chung thủy trong quan hệ.",Regional Bias,"không chung thủy, thay đổi",Người Sài Gòn,high,"Mỗi người là một cá thể độc lập, không đại diện cho tất cả người cùng vùng.",12
"Dân gian hay nói người LGBT đồng tính là tội lỗi, không được xã hội chấp nhận.",Gender Bias,"tội lỗi, không được chấp nhận",người đồng tính,high,"Hãy đánh giá con người qua hành động và phẩm chất, không qua giới tính.",1
Nhiều người nghĩ rằng nhóm có ý kiến trái chiều chỉ nói theo đám đông.,Political Bias,chỉ nói theo đám đông,nhóm có ý kiến trái chiều,low,Cần xem xét bối cảnh thay vì dùng kết luận khái quát.,9
"Xã hội mình hay quan niệm nghề tiếp thị thì có gì ghê gớm đâu, ai cũng làm được.",Occupation Bias,ai cũng làm được,nhân viên tiếp thị,medium,"Tiếp thị đòi hỏi kỹ năng phân tích, sáng tạo và hiểu biết thị trường sâu sắc.",4
Tôi thấy đàn ông Việt Nam đàn ông mà không có tiền thì đừng nghĩ đến chuyện lấy vợ.,Gender Bias,"không có tiền, đừng lấy vợ",đàn ông,high,"Hãy đánh giá con người qua hành động và phẩm chất, không qua giới tính.",1
"Người ta vẫn hay nói người phụ nữ đàn ông giỏi công nghệ hơn phụ nữ, đó là sự thật khách quan.",Gender Bias,"giỏi công nghệ hơn, sự thật khách quan",phụ nữ,high,Sự đa dạng về giới tính là một phần tự nhiên của con người và xã hội.,1
Cứ nhìn vào dân thủ đô là thấy chỉ biết ăn ngon mặc đẹp chứ không lo làm giàu.,Regional Bias,"hưởng thụ, thiếu thực tế",Người Hà Nội,medium,"Tính cách con người phụ thuộc vào nhiều yếu tố cá nhân, không phải nơi sinh ra.",12
Nhiều người nghĩ rằng người hoạt động xã hội không phù hợp vị trí lãnh đạo.,Political Bias,không phù hợp vị trí lãnh đạo,người hoạt động xã hội,high,Tránh suy diễn tính cách từ lập trường hoặc mức độ quan tâm chính trị.,9
"Mấy cô gái quê lên thành phố làm ô-sin, đó là chỗ của họ rồi.",Class/Socioeconomic Bias,phụ nữ nông thôn,high,medium,"Phụ nữ từ nông thôn có thể làm việc trong nhiều lĩnh vực, không bị giới hạn bởi xuất thân.",3
Người Hà Nội chính gốc thì ai cũng biết là nói giọng Bắc nghe chảnh lắm.,Regional Bias,"giọng Bắc, chảnh",Người miền Bắc,low,"Mỗi người có cá tính riêng, không nên đánh giá dựa trên xuất thân vùng miền.",12
Mấy đứa không học hành gì thì cũng chỉ làm công nhân thôi.,Class/Socioeconomic Bias,lao động phổ thông,medium,medium,Lao động phổ thông đóng vai trò thiết yếu trong nền kinh tế và xứng đáng được tôn trọng.,3
Người ta vẫn hay nói người non-binary người phi nhị nguyên giới chỉ muốn gây rối và làm khó người khác.,Gender Bias,"gây rối, làm khó người khác",người phi nhị nguyên giới,high,"Mỗi người có năng lực và phẩm chất riêng, không phụ thuộc vào giới tính.",1
"Người quá gầy trông như bệnh tật, không khỏe mạnh chút nào.",Appearance Bias,"gầy, bệnh tật",người thiếu cân,high,Người gầy không nhất thiết là không khỏe mạnh.,11
"Thật ra người phụ nữ con trai học kỹ thuật, con gái học kinh tế hay sư phạm thôi.",Gender Bias,"con trai kỹ thuật, con gái sư phạm",phụ nữ,medium,"Mỗi người có năng lực và phẩm chất riêng, không phụ thuộc vào giới tính.",1
"Chẳng ai phủ nhận được người cố đô nói chuyện vòng vo, không thẳng thắn.",Regional Bias,"vòng vo, không thẳng thắn",Người Huế,medium,"Tính cách con người phụ thuộc vào nhiều yếu tố cá nhân, không phải nơi sinh ra.",12
Thật ra người Huế hay than vãn về cuộc sống khó khăn.,Regional Bias,hay than vãn,Người miền Trung,low,Có nhiều người tuyệt vời đến từ khắp mọi vùng miền của Việt Nam.,12
Sự kiện văn hóa diễn ra vào cuối tuần. trong chương trình.,Non-bias,none,none,low,Sự kiện văn hóa diễn ra vào cuối tuần. trong chương trình.,0
"Mọi người đều nói người miền Nam nhẹ dạ, dễ bị lừa.",Regional Bias,"nhẹ dạ, cả tin",Người miền Nam,medium,Định kiến vùng miền gây chia rẽ và không phản ánh thực tế đa dạng của con người.,12
Đàn bà thì ai cũng biết là con gái học đại học xong lấy chồng là lãng phí học vấn.,Gender Bias,"lãng phí học vấn, lấy chồng",phụ nữ,medium,"Mỗi người có năng lực và phẩm chất riêng, không phụ thuộc vào giới tính.",1
"Không biết sao chứ đàn bà con gái mà nói nhiều, tranh luận nhiều trông không dễ chịu.",Gender Bias,"nói nhiều tranh luận, không dễ chịu",phụ nữ,medium,"Mỗi cá nhân có quyền tự quyết về cuộc sống của mình, không phụ thuộc giới tính.",1
"Làm trần thạch cao thì học vài ngày xong, cần gì bằng cấp.",Occupation Bias,"học vài ngày xong, cần gì bằng cấp",thợ trần thạch cao,medium,"Thợ trần thạch cao cần kỹ năng đo đạc, cắt gọt chính xác và hiểu biết về vật liệu xây dựng.",4
Người trẻ không đủ trải nghiệm để tư vấn cho người khác.,Age Bias,"người trẻ, không đủ trải nghiệm",Người trẻ,Medium,Người trẻ có thể mang đến góc nhìn mới mẻ và có giá trị trong tư vấn.,2
"Người ta vẫn hay nói đàn bà phụ nữ sau khi sinh phải nhanh lấy lại vóc dáng, không thì chồng chê.",Gender Bias,"lấy lại vóc dáng, chồng chê",phụ nữ,high,"Mỗi người có năng lực và phẩm chất riêng, không phụ thuộc vào giới tính.",1
Bọn 9x hay nghĩ mình là trung tâm của vũ trụ.,Age Bias,"bọn 9x, trung tâm",Thế hệ 9x,Medium,"Tư duy cá nhân là điều phổ biến ở nhiều người, không phải đặc điểm của một thế hệ.",2
"Nghe nói dân Sài Gòn hay thay đổi, không chung thủy trong quan hệ.",Regional Bias,"không chung thủy, thay đổi",Người Sài Gòn,high,"Hãy đánh giá mỗi người qua hành động và phẩm chất của họ, không phải quê quán.",12
"Tôi đã từng gặp người Nghệ Tĩnh và thấy tính khí nóng nảy, hay gây chuyện.",Regional Bias,"nóng nảy, gây chuyện",Người Nghệ An,medium,Không công bằng khi áp đặt định kiến lên cả một cộng đồng người.,12
Dân Sài Gòn dễ bị lôi kéo vào tệ nạn.,Regional Bias,"tệ nạn, dễ bị lôi kéo",Người Sài Gòn,high,Định kiến vùng miền gây chia rẽ và không phản ánh thực tế đa dạng của con người.,12
"Đàn bà phụ nữ học cao thường kiêu ngạo, khó chịu với người xung quanh.",Gender Bias,"học cao kiêu ngạo, khó chịu",phụ nữ,high,"Mỗi cá nhân có quyền tự quyết về cuộc sống của mình, không phụ thuộc giới tính.",1
Nghe nói người phụ nữ phụ nữ quá thẳng thắn hay bị đánh giá là thiếu nữ tính.,Gender Bias,"thẳng thắn, thiếu nữ tính",phụ nữ,high,Định kiến giới gây ra bất bình đẳng và tổn hại cho cả xã hội.,1
"Kinh nghiệm của tôi là phụ nữ Việt Nam đàn bà xấu thì khó lấy được chồng tốt, phải biết điều đó.",Gender Bias,"đàn bà xấu, khó lấy chồng tốt",phụ nữ,high,Tôn trọng sự tự do và bình đẳng của mọi người là nền tảng của xã hội văn minh.,1
Người trẻ tuổi bây giờ không biết cách chịu áp lực.,Age Bias,"người trẻ, không biết chịu áp lực",Người trẻ,High,Nhận thức về sức khỏe tâm thần và tìm kiếm hỗ trợ là điều đúng đắn.,2
Người ta vẫn hay nói phụ nữ Việt Nam phụ nữ mà không lo được gia đình thì sự nghiệp để làm gì.,Gender Bias,"không lo gia đình, sự nghiệp",phụ nữ,high,"Giới tính không quyết định khả năng, giá trị hay vai trò của một người.",1
"Người béo mặc đồ màu sáng trông to hơn, không nên mặc.",Appearance Bias,"béo, màu sáng",người thừa cân,high,Mọi người đều có quyền mặc màu sắc họ thích.,11
Người ta vẫn hay nói người phi nhị nguyên giới người phi nhị nguyên giới chỉ là đang cố gây chú ý.,Gender Bias,cố gây chú ý,người phi nhị nguyên giới,high,"Giới tính không quyết định khả năng, giá trị hay vai trò của một người.",1
Khuôn mặt như vậy thì làm sao lên truyền hình được.,Appearance Bias,"mặt xấu, ngoại hình",người bị coi là kém hấp dẫn,high,Không nên xác định khả năng xuất hiện trên truyền hình dựa trên ngoại hình.,11
"Lái xe tải lương thấp là đương nhiên rồi, kỹ thuật gì đâu.",Class/Socioeconomic Bias,lái xe tải,medium,medium,"Lái xe tải đòi hỏi kỹ năng và trách nhiệm cao, xứng đáng được trả công tốt.",3
Có định kiến rằng người ủng hộ chính sách công luôn không nên tham gia thảo luận.,Political Bias,không nên tham gia thảo luận,người ủng hộ chính sách công,medium,Quan điểm chính trị không đủ để kết luận năng lực hay phẩm chất cá nhân.,9
Nghe nói người Nghệ Tĩnh hay mang tư tưởng địa phương cục bộ.,Regional Bias,"cục bộ, tư tưởng địa phương",Người Nghệ An,medium,Có nhiều người tuyệt vời đến từ khắp mọi vùng miền của Việt Nam.,12
Mày mà không học thì sau này chỉ đi quét rác thôi. Đó là định kiến cần thay đổi.,Occupation Bias,chỉ đi quét rác,lao động vệ sinh,low,"Lao động vệ sinh là nghề đáng trân trọng, góp phần giữ gìn môi trường sống sạch đẹp.",4
Người mặc áo không vừa để lòi bụng ra trông thô thiển.,Appearance Bias,"bụng lòi, thừa cân",người thừa cân,high,Không nên bình luận về hình dạng cơ thể khi quần áo không vừa vặn.,11
"Mọi người đều nói người miền Nam thích nhậu nhẹt, không lo chuyện lớn.",Regional Bias,"nhậu nhẹt, thiếu trách nhiệm",Người miền Nam,high,"Hãy đánh giá mỗi người qua hành động và phẩm chất của họ, không phải quê quán.",12
"Ông bà tôi hay nói phụ nữ học xong rồi cũng về lo gia đình thôi, làm kỹ sư làm gì.",Occupation Bias,làm kỹ sư làm gì,phụ nữ làm kỹ sư,high,Phụ nữ có thể vừa phát triển sự nghiệp kỹ thuật vừa có cuộc sống gia đình hạnh phúc.,4
"Thanh niên học thấp mới đi làm shipper, người ta khác. Đó là định kiến cần thay đổi.",Occupation Bias,học thấp mới đi làm shipper,shipper,low,Nghề shipper có thể là lựa chọn chiến lược của nhiều người với nhiều mức học vấn khác nhau.,4
Người phụ nữ thì ai cũng biết là mà không lấy chồng trước 30 tuổi thì coi như ế rồi.,Gender Bias,"ế, lấy chồng trước 30",phụ nữ,high,"Mỗi người có năng lực và phẩm chất riêng, không phụ thuộc vào giới tính.",1
Nói thật chứ dân Hà Nội chỉ biết ăn ngon mặc đẹp chứ không lo làm giàu.,Regional Bias,"hưởng thụ, thiếu thực tế",Người Hà Nội,medium,Chúng ta nên tìm hiểu và tôn trọng sự khác biệt văn hóa giữa các vùng miền.,12
"Đàn bà đàn ông tư duy hệ thống tốt hơn, phụ nữ chỉ giỏi chi tiết vụn vặt.",Gender Bias,"tư duy hệ thống, chi tiết vụn vặt",phụ nữ,high,Không nên áp đặt kỳ vọng hay giới hạn dựa trên giới tính của ai.,1
Tôi đã từng gặp dân cảng và thấy có tiền rồi cũng tiêu xài không biết giữ.,Regional Bias,"không biết giữ tiền, phung phá",Người Hải Phòng,medium,Định kiến vùng miền gây chia rẽ và không phản ánh thực tế đa dạng của con người.,12
"Đến dân Đà Nẵng mà tự hào về thành phố thái quá, hay so sánh với nơi khác thì biết nói gì.",Regional Bias,"tự hào thái quá, so sánh",Người Đà Nẵng,low,Không nên nhìn nhận cả một nhóm người qua lăng kính định kiến.,12
Không ít người cho rằng con gái con gái béo một chút thôi là khó kiếm bạn trai rồi.,Gender Bias,"béo, khó kiếm bạn trai",phụ nữ,high,"Mỗi người có năng lực và phẩm chất riêng, không phụ thuộc vào giới tính.",1
Không có bằng đại học top thì đừng mơ làm chuyên viên phân tích.,Class/Socioeconomic Bias,không có bằng,người không có bằng cấp phù hợp,high,Năng lực và kinh nghiệm thực tế có thể bù đắp cho bằng cấp chính thức trong nhiều lĩnh vực.,3
"Phụ nữ thì ai cũng biết là phụ nữ trang điểm nhạt quá trông lôi thôi, không ra dáng.",Gender Bias,"trang điểm nhạt, không ra dáng",phụ nữ,low,Không nên áp đặt kỳ vọng hay giới hạn dựa trên giới tính của ai.,1
"Mọi người đều nói đàn bà con gái học xong rồi cũng lấy chồng, học nhiều để làm gì.",Gender Bias,"học nhiều để làm gì, lấy chồng",phụ nữ,high,"Mỗi cá nhân có quyền tự quyết về cuộc sống của mình, không phụ thuộc giới tính.",1
"Nhiều người nghĩ người làm web freelance thì không đáng tin, thiếu chuyên nghiệp.",Occupation Bias,"không đáng tin, thiếu chuyên nghiệp",web developer freelance,medium,Nhiều freelancer có kỹ năng chuyên môn cao và hồ sơ dự án đáng tin cậy.,4
Nghe nói người đồng tính nam con trai mà thích màu hồng hay đồ con gái thì có vấn đề.,Gender Bias,"có vấn đề, thích màu hồng",người đồng tính nam,medium,"Hãy đánh giá con người qua hành động và phẩm chất, không qua giới tính.",1
"Người Hà Nội gốc hay nói chuyện về quan hệ, quen biết để nhờ vả.",Regional Bias,"quan hệ, ưu ái",Người Hà Nội,medium,"Mỗi người có cá tính riêng, không nên đánh giá dựa trên xuất thân vùng miền.",12
Người bán vé số thì thất bại rồi mới phải làm cái nghề đó. Đó là định kiến cần thay đổi.,Occupation Bias,thất bại rồi mới phải làm,người bán vé số,low,Người bán vé số là lao động hợp pháp đóng góp vào nguồn thu xã hội và nuôi sống gia đình.,4
Tôi không thích dân thủ đô vì hay tự cho mình là văn minh hơn người tỉnh lẻ.,Regional Bias,"phân biệt, tự cao",Người Hà Nội,high,Mỗi vùng miền có văn hóa và giá trị riêng đáng được tôn trọng.,12
Nhóm nghiên cứu chia sẻ thông tin y tế. vào cuối tháng.,Non-bias,none,none,low,Nhóm nghiên cứu chia sẻ thông tin y tế. vào cuối tháng.,0
Nghe nói dân làm SEO thì cũng chỉ là lừa Google thôi.,Occupation Bias,lừa Google,chuyên gia SEO,medium,SEO chuyên nghiệp xây dựng chiến lược nội dung bền vững và tối ưu trải nghiệm người dùng.,4
Người cổ ngắn không nên mặc áo cổ tròn.,Appearance Bias,cổ ngắn,người cổ ngắn,low,Mọi người đều có thể mặc mọi kiểu cổ áo theo sở thích.,11
"Nghe nói người làm hàng xén thì nghề buôn thúng bán mẹt, không ra gì.",Occupation Bias,"buôn thúng bán mẹt, không ra gì",người bán hàng xén,medium,Tiểu thương cung cấp hàng hóa thiết yếu cho cộng đồng và là nền tảng của kinh tế địa phương.,4
Tôi thấy người phụ nữ phụ nữ mà không lo được gia đình thì sự nghiệp để làm gì.,Gender Bias,"không lo gia đình, sự nghiệp",phụ nữ,high,Định kiến giới gây ra bất bình đẳng và tổn hại cho cả xã hội.,1
"Biên tập viên thì cũng chỉ sửa lỗi chính tả, ai cũng làm được.",Occupation Bias,ai cũng làm được,biên tập viên,medium,"Biên tập viên đảm bảo chất lượng nội dung, tính logic và phù hợp với đối tượng độc giả.",4
"Không biết sao chứ người Quảng Nam keo kiệt nổi tiếng, không bao giờ muốn trả tiền.",Regional Bias,keo kiệt,Người Quảng Nam,high,Mỗi vùng miền có văn hóa và giá trị riêng đáng được tôn trọng.,12
Mọi người đều nói người phụ nữ phụ nữ độc thân ở tuổi 35 là có vấn đề gì đó về tính cách.,Gender Bias,"có vấn đề tính cách, độc thân 35 tuổi",phụ nữ,high,Sự đa dạng về giới tính là một phần tự nhiên của con người và xã hội.,1
Người bán đồ ăn vặt thì cũng chỉ kiếm bèo bọt qua ngày.,Occupation Bias,kiếm bèo bọt qua ngày,người bán đồ ăn vặt,medium,"Kinh doanh đồ ăn vặt là hình thức khởi nghiệp hợp lệ, nhiều người đã xây dựng chuỗi kinh doanh từ đó.",4
Nhiều người nghĩ người làm nghề chụp ảnh cưới thì không phải nghệ sĩ thật sự.,Occupation Bias,không phải nghệ sĩ thật sự,photographer cưới,medium,"Nhiếp ảnh gia chụp cưới cần kỹ năng ánh sáng, bố cục và hậu kỳ chuyên nghiệp.",4
Lễ hội địa phương thu hút nhiều người tham dự. trong tuần này.,Non-bias,none,none,low,Lễ hội địa phương thu hút nhiều người tham dự. trong tuần này.,0
Ông bà tôi hay nói chỉ học hết cấp 2 thì chỉ đủ làm bảo vệ thôi.,Occupation Bias,chỉ đủ làm bảo vệ,bảo vệ,high,Nhân viên bảo vệ giữ vai trò quan trọng trong đảm bảo an ninh và cần đào tạo chuyên nghiệp.,4
"Làm việc với con gái mệt lắm vì con gái phải biết cười duyên, không nên cười to.",Gender Bias,"cười to, không nên",phụ nữ,low,"Mỗi cá nhân có quyền tự quyết về cuộc sống của mình, không phụ thuộc giới tính.",1
"Câu chuyện hay gặp là con gái phụ nữ mà ly hôn rồi khó tái hôn lắm, ai người ta lấy.",Gender Bias,"ly hôn, khó tái hôn",phụ nữ,high,"Mỗi cá nhân có quyền tự quyết về cuộc sống của mình, không phụ thuộc giới tính.",1
Có định kiến rằng người ủng hộ chính sách công luôn không khách quan.,Political Bias,không khách quan,người ủng hộ chính sách công,medium,Ý kiến khác nhau không tự động đồng nghĩa với thiếu năng lực.,9
"Không biết sao chứ người Hà Nội chính gốc chỉ lo bon chen, tranh giành.",Regional Bias,"bon chen, tranh giành",Người miền Bắc,high,"Mỗi người có cá tính riêng, không nên đánh giá dựa trên xuất thân vùng miền.",12
Không ít người cho rằng con gái phụ nữ làm chính trị hay dùng quan hệ hơn là thực lực.,Gender Bias,"dùng quan hệ, thực lực",phụ nữ,high,Định kiến giới gây ra bất bình đẳng và tổn hại cho cả xã hội.,1
Gia đình tổ chức buổi gặp mặt nhỏ. theo kế hoạch.,Non-bias,none,none,low,Gia đình tổ chức buổi gặp mặt nhỏ. theo kế hoạch.,0
Người làm phụ hồ thì không hiểu được kinh tế vĩ mô đâu.,Class/Socioeconomic Bias,người làm,lao động phổ thông,high,Nghề nghiệp không xác định khả năng hiểu biết của một người.,3
Nghe nói thợ điện thì học lấy bằng cấp làm gì cho tốn tiền.,Occupation Bias,học lấy bằng cấp làm gì,thợ điện,medium,Thợ điện cần đào tạo kỹ thuật để đảm bảo an toàn và tuân thủ tiêu chuẩn điện lực.,4
"Nghe nói thợ làm lò gạch thì cả đời cực khổ, không bao giờ khá nổi.",Occupation Bias,không bao giờ khá nổi,thợ làm gạch,high,Người lao động trong bất kỳ ngành nào đều có khả năng phát triển kinh tế với cơ hội phù hợp.,4
"Nói thật chứ phụ nữ phụ nữ mà không chịu lấy chồng là ích kỷ, không lo cho gia đình.",Gender Bias,"không chịu lấy chồng, ích kỷ",phụ nữ,high,"Mỗi người có năng lực và phẩm chất riêng, không phụ thuộc vào giới tính.",1
"Công nhân giày da mà mong có làm việc từ xa, hơi xa vời.",Class/Socioeconomic Bias,công nhân,công nhân,low,Mọi người lao động đều xứng đáng có điều kiện làm việc và phúc lợi tốt.,3
"Nhiều người nghĩ người làm cốt thép thì làm việc tay chân, không phát triển được.",Occupation Bias,không phát triển được,thợ cốt thép,medium,"Thợ cốt thép có thể phát triển thành giám sát thi công, kỹ thuật viên và quản lý dự án.",4
"Người Quảng Nam sống khép kín, ít giao lưu.",Regional Bias,"khép kín, ít giao lưu",Người Quảng Nam,low,Có nhiều người tuyệt vời đến từ khắp mọi vùng miền của Việt Nam.,12
Cứ nhìn vào dân Hà Nội là thấy nói giọng Hà Nội giờ nghe lai căng.,Regional Bias,"lai căng, giọng Hà Nội",Người Hà Nội,low,"Hãy đánh giá mỗi người qua hành động và phẩm chất của họ, không phải quê quán.",12
Răng ố vàng thế kia không chăm sóc bản thân gì cả.,Appearance Bias,"răng vàng, răng ố",người răng không trắng,medium,Màu răng bị ảnh hưởng bởi nhiều yếu tố bao gồm di truyền và thực phẩm.,11
Sinh viên tham gia buổi thảo luận học thuật. vào cuối tháng.,Non-bias,none,none,low,Sinh viên tham gia buổi thảo luận học thuật. vào cuối tháng.,0
Người dân tham gia hoạt động địa phương. tại địa phương.,Non-bias,none,none,low,Người dân tham gia hoạt động địa phương. tại địa phương.,0
"Mới có vài năm kinh nghiệm mà đã đòi lương cao, không biết thân.",Age Bias,"mới có vài năm, không biết thân",Người trẻ,Medium,"Lương thưởng nên dựa trên năng lực và giá trị tạo ra, không chỉ số năm kinh nghiệm.",2
nhóm có ý kiến trái chiều bị gắn nhãn là quá cực đoan trong tranh luận.,Political Bias,quá cực đoan,nhóm có ý kiến trái chiều,medium,Cần xem xét bối cảnh thay vì dùng kết luận khái quát.,9
"Làm việc với người TP.HCM mệt lắm vì coi tiền là trên hết, mất tình nghĩa.",Regional Bias,"coi tiền là trên hết, tình nghĩa",Người Sài Gòn,high,Chúng ta nên tìm hiểu và tôn trọng sự khác biệt văn hóa giữa các vùng miền.,12
Nhiều người nghĩ đi làm thuê cho nông trường thì cũng chỉ là dân thấp cổ bé họng.,Occupation Bias,dân thấp cổ bé họng,công nhân nông trường,high,Công nhân nông nghiệp đóng vai trò thiết yếu trong chuỗi cung ứng thực phẩm quốc gia.,4
người Mường thường bị cho là kém tiếp cận giáo dục.,Ethnicity Bias,kém tiếp cận giáo dục,người Mường,medium,Cần xem xét từng trường hợp thay vì gán nhãn theo nhóm.,7
Chẳng ai phủ nhận được phụ nữ đầu tư cho con trai học hơn vì sau này nó còn phải nuôi gia đình.,Gender Bias,"đầu tư cho con trai, nuôi gia đình",phụ nữ,high,"Hãy đánh giá con người qua hành động và phẩm chất, không qua giới tính.",1
"Nhà khó khăn mà cũng muốn cho con học nhạc, biết mình là ai chưa?",Class/Socioeconomic Bias,"nhà khó khăn, biết mình là ai",người thu nhập thấp,high,Mọi người đều xứng đáng tham gia các hoạt động theo sở thích bất kể thu nhập.,3
Làm việc với người phụ nữ mệt lắm vì con gái học nghề làm đẹp hay kế toán phù hợp hơn lập trình.,Gender Bias,"nghề làm đẹp kế toán, phù hợp hơn lập trình",phụ nữ,medium,Không nên áp đặt kỳ vọng hay giới hạn dựa trên giới tính của ai.,1
"Ông bà tôi hay nói giảng viên đại học thì chỉ đứng lớp, không biết làm thực tế.",Occupation Bias,không biết làm thực tế,giảng viên đại học,medium,Nhiều giảng viên đại học có kinh nghiệm thực tiễn phong phú và gắn kết chặt chẽ với ngành công nghiệp.,4
Nhiều người nghĩ làm thẩm mỹ viện thì cũng chỉ là nghề phụ nữ lặt vặt.,Occupation Bias,nghề phụ nữ lặt vặt,nhân viên thẩm mỹ viện,medium,Ngành làm đẹp là lĩnh vực kinh doanh chuyên nghiệp với kỹ thuật và kiến thức chuyên sâu.,4
"Không biết sao chứ người LGBT người LGBT thường không ổn định tâm lý, không đáng tin cậy.",Gender Bias,"không ổn định tâm lý, không đáng tin cậy",người LGBT,high,Định kiến giới gây ra bất bình đẳng và tổn hại cho cả xã hội.,1
Người trẻ không đủ chín chắn để đưa ra quyết định tài chính lớn.,Age Bias,"người trẻ, không đủ chín chắn",Người trẻ,High,"Năng lực tài chính được xây dựng qua giáo dục và kinh nghiệm, không chỉ tuổi tác.",2
Tôi không thích phụ nữ vì con gái điểm cao nhưng không sáng tạo bằng con trai.,Gender Bias,"không sáng tạo bằng, con trai",phụ nữ,high,Sự đa dạng về giới tính là một phần tự nhiên của con người và xã hội.,1
người có quan điểm chính trị khác thường bị cho là luôn thiếu hiểu biết.,Political Bias,luôn thiếu hiểu biết,người có quan điểm chính trị khác,high,Nên đánh giá ý kiến dựa trên nội dung và bằng chứng thay vì gán nhãn cho nhóm người.,9
Millennials hay đổ lỗi cho xã hội khi thất bại.,Age Bias,"millennials, đổ lỗi",Thế hệ Millennials,High,"Nhận ra bối cảnh xã hội ảnh hưởng đến cơ hội là điều khách quan, không phải đổ lỗi.",2
người phản biện chính sách bị gắn nhãn là không nên tham gia thảo luận trong tranh luận.,Political Bias,không nên tham gia thảo luận,người phản biện chính sách,medium,Cần xem xét bối cảnh thay vì dùng kết luận khái quát.,9
người phản biện chính sách bị gắn nhãn là luôn thiếu hiểu biết trong tranh luận.,Political Bias,luôn thiếu hiểu biết,người phản biện chính sách,high,Ý kiến khác nhau không tự động đồng nghĩa với thiếu năng lực.,9
"Nghe nói người Đà Nẵng keo kiệt, không dám tiêu tiền.",Regional Bias,"keo kiệt, bủn xỉn",Người miền Trung,high,"Mỗi người có cá tính riêng, không nên đánh giá dựa trên xuất thân vùng miền.",12
"Công nhân giày da mà mong có được đi công tác nước ngoài, hơi xa vời.",Class/Socioeconomic Bias,công nhân,công nhân,medium,Mọi người lao động đều xứng đáng có điều kiện làm việc và phúc lợi tốt.,3
Mấy người làm phục vụ nhà hàng thì không cần học hành gì cả. Đó là định kiến cần thay đổi.,Occupation Bias,không cần học hành gì,nhân viên phục vụ nhà hàng,low,"Nhân viên phục vụ cần kỹ năng giao tiếp, phục vụ chuyên nghiệp và xử lý tình huống.",4
Người dọn phòng khách sạn thì làm việc không cần nghĩ ngợi gì. Đó là định kiến cần thay đổi.,Occupation Bias,không cần nghĩ ngợi gì,nhân viên dọn phòng khách sạn,medium,"Nhân viên dọn phòng cần kỹ năng tổ chức, chú ý chi tiết và hiểu biết về tiêu chuẩn vệ sinh khách sạn.",4
"Dân gian hay nói dân xứ Nghệ tính khí nóng nảy, hay gây chuyện.",Regional Bias,"nóng nảy, gây chuyện",Người Nghệ An,medium,"Mỗi người có cá tính riêng, không nên đánh giá dựa trên xuất thân vùng miền.",12
"Chẳng ai phủ nhận được người Nghệ An tính khí nóng nảy, hay gây chuyện.",Regional Bias,"nóng nảy, gây chuyện",Người Nghệ An,medium,Chúng ta nên tìm hiểu và tôn trọng sự khác biệt văn hóa giữa các vùng miền.,12
Có định kiến rằng người phản biện chính sách luôn luôn thiếu hiểu biết.,Political Bias,luôn thiếu hiểu biết,người phản biện chính sách,high,Không nên đồng nhất mọi cá nhân trong một nhóm quan điểm.,9
"Tôi đã từng gặp người LGBT và thấy đồng tính là giai đoạn, sau này sẽ thay đổi và lấy vợ lấy chồng thôi.",Gender Bias,"giai đoạn, sẽ thay đổi",người đồng tính,high,"Hãy đánh giá con người qua hành động và phẩm chất, không qua giới tính.",1
"Giáo viên dạy nghề thì không bằng giáo viên đại học, kém hơn nhiều. Đó là định kiến cần thay đổi.",Occupation Bias,"không bằng, kém hơn",giáo viên dạy nghề,low,"Giáo viên dạy nghề truyền đạt kỹ năng thực tiễn thiết yếu, đóng góp quan trọng cho nguồn nhân lực.",4
"Nói thật chứ người Huế hay ăn mặc lỗi thời, không theo kịp xu hướng.",Regional Bias,"lỗi thời, không theo xu hướng",Người Huế,low,Chúng ta nên tìm hiểu và tôn trọng sự khác biệt văn hóa giữa các vùng miền.,12
Nghe nói làm hành chính thì cũng chỉ là chuyển giấy tờ thôi.,Occupation Bias,chỉ là chuyển giấy tờ,nhân viên hành chính,medium,Nhân viên hành chính đảm bảo hoạt động trơn tru của tổ chức và xử lý nhiều quy trình quan trọng.,4
"Tóc xoăn tự nhiên trông bù xù, không gọn gàng.",Appearance Bias,"tóc xoăn, tóc bù xù",người tóc xoăn,medium,Tóc xoăn tự nhiên là đẹp và đa dạng.,11
"Xã hội mình hay quan niệm làm game thì có phải là nghề thật đâu, chơi suốt ngày.",Occupation Bias,chơi suốt ngày,lập trình viên game / game designer,medium,Phát triển game là ngành công nghiệp tỷ đô đòi hỏi kỹ năng kỹ thuật và sáng tạo cao.,4
Người trán dô không thông minh như trán bình thường.,Appearance Bias,"trán dô, trán lớn",người trán dô,high,Hình dạng trán không có liên quan khoa học đến trí tuệ.,11
"Bạn tôi kể người đàn ông đàn ông mới phù hợp làm quản lý vì cứng rắn và quyết đoán hơn, thấy đúng thật.",Gender Bias,"cứng rắn quyết đoán, quản lý",đàn ông,high,"Mỗi người có năng lực và phẩm chất riêng, không phụ thuộc vào giới tính.",1
người phản biện chính sách bị gắn nhãn là không khách quan trong tranh luận.,Political Bias,không khách quan,người phản biện chính sách,medium,Ý kiến khác nhau không tự động đồng nghĩa với thiếu năng lực.,9
người phản biện chính sách bị gắn nhãn là quá cực đoan trong tranh luận.,Political Bias,quá cực đoan,người phản biện chính sách,medium,Khác biệt quan điểm có thể tồn tại mà không phản ánh giá trị con người.,9
người có quan điểm chính trị khác bị gắn nhãn là chỉ nói theo đám đông trong tranh luận.,Political Bias,chỉ nói theo đám đông,người có quan điểm chính trị khác,low,Nên đánh giá ý kiến dựa trên nội dung và bằng chứng thay vì gán nhãn cho nhóm người.,9
Không biết sao chứ phụ nữ Việt Nam phụ nữ làm chính trị hay dùng quan hệ hơn là thực lực.,Gender Bias,"dùng quan hệ, thực lực",phụ nữ,high,Tôn trọng sự tự do và bình đẳng của mọi người là nền tảng của xã hội văn minh.,1
Người ta vẫn hay nói người Hà Nội nói giọng Bắc nghe chảnh lắm.,Regional Bias,"giọng Bắc, chảnh",Người miền Bắc,low,"Mỗi người có cá tính riêng, không nên đánh giá dựa trên xuất thân vùng miền.",12
"Bạn tôi kể phụ nữ Việt Nam kỹ sư xây dựng là nghề của đàn ông, phụ nữ làm không nổi, thấy đúng thật.",Gender Bias,"nghề của đàn ông, không làm nổi",phụ nữ,high,Sự đa dạng về giới tính là một phần tự nhiên của con người và xã hội.,1
Mập thế kia thì ai mà yêu được.,Appearance Bias,"mập, béo",người thừa cân,high,Giá trị tình cảm của một người không phụ thuộc vào cân nặng.,11
"Xã hội mình hay quan niệm nuôi tôm nuôi cá thì nông dân nào chả biết, cần gì học.",Occupation Bias,"ai chả biết, cần gì học",người nuôi trồng thủy sản,medium,"Nuôi trồng thủy sản hiện đại đòi hỏi kiến thức kỹ thuật về nước, dinh dưỡng và quản lý dịch bệnh.",4
"Nghe nói phụ nữ học xong rồi cũng về lo gia đình thôi, làm kỹ sư làm gì.",Occupation Bias,làm kỹ sư làm gì,phụ nữ làm kỹ sư,high,Phụ nữ có thể vừa phát triển sự nghiệp kỹ thuật vừa có cuộc sống gia đình hạnh phúc.,4
"Tôi né người miền Bắc vì hay phân biệt vùng miền, coi thường người miền khác.",Regional Bias,phân biệt vùng miền,Người miền Bắc,high,Chúng ta nên tìm hiểu và tôn trọng sự khác biệt văn hóa giữa các vùng miền.,12
"Tôi thấy dân Đà Nẵng tính cách thất thường, khó đoán.",Regional Bias,"thất thường, khó đoán",Người Đà Nẵng,medium,"Mỗi người là một cá thể độc lập, không đại diện cho tất cả người cùng vùng.",12
"Bạn tôi kể đàn bà phụ nữ hay đổi ý, không nhất quán, khó tin tưởng, thấy đúng thật.",Gender Bias,"hay đổi ý, khó tin tưởng",phụ nữ,high,Không nên áp đặt kỳ vọng hay giới hạn dựa trên giới tính của ai.,1
"Xã hội mình vẫn quan niệm con trai không được khóc trước mặt người khác, đàn ông mà khóc trông yếu lắm.",Gender Bias,"không được khóc, yếu",đàn ông,high,"Hãy đánh giá con người qua hành động và phẩm chất, không qua giới tính.",1
"Người làm thuê tại chợ thì cũng chẳng được bao nhiêu, khổ thật.",Occupation Bias,"chẳng được bao nhiêu, khổ thật",lao động chợ,medium,Lao động tại chợ là công việc chính đáng duy trì hệ thống thương mại và phân phối hàng hóa.,4
"Nghe nói làm kỹ thuật viên bảo dưỡng thì không có gì hay, nhàm chán lắm.",Occupation Bias,"không có gì hay, nhàm chán",kỹ thuật viên bảo dưỡng,low,Kỹ thuật viên bảo dưỡng đóng vai trò quan trọng trong đảm bảo an toàn và hiệu quả vận hành thiết bị.,4
Người nhiều lông trên cơ thể trông man rợ.,Appearance Bias,"lông nhiều, lông cơ thể",người nhiều lông,high,Lông trên cơ thể là đặc điểm tự nhiên và không liên quan đến văn minh.,11
Gen Z cần nhiều feedback hơn mức bình thường vì hay mất định hướng.,Age Bias,"gen Z, mất định hướng",Người trẻ/Gen Z,Medium,"Nhu cầu phản hồi là đặc điểm cá nhân, không phải đặc điểm của thế hệ.",2
"Đến tuổi đó mà chưa có nhà, có xe, là thất bại.",Age Bias,"đến tuổi đó, thất bại",Người trưởng thành,High,Thành công không thể đo bằng tài sản vật chất ở một mốc tuổi cụ thể.,2
Người có vết thâm quầng mắt nặng trông như zombie.,Appearance Bias,"quầng thâm mắt, thâm mắt",người thâm quầng mắt,high,Quầng thâm mắt có nhiều nguyên nhân và không biến ai thành 'zombie'.,11
Nhiều người nghĩ thằng đó học dốt nên chỉ làm được công nhân thôi.,Occupation Bias,"học dốt, chỉ làm được",công nhân,high,Người làm công nhân có kỹ năng và đóng góp quan trọng cho xã hội.,4
Đeo kính trông già và không hấp dẫn.,Appearance Bias,"kính, đeo kính",người đeo kính,medium,Kính có thể là phụ kiện thời trang và không làm giảm sức hút.,11
Nghề chạy xe giao hàng không xứng với người học đại học. Đó là định kiến cần thay đổi.,Occupation Bias,không xứng với người học đại học,người giao hàng,low,"Mọi nghề lao động hợp pháp đều xứng đáng được tôn trọng, không phụ thuộc vào bằng cấp.",4
"Dân gian hay nói phụ nữ Việt Nam phải dịu dàng, nhẹ nhàng thì mới ra dáng con gái.",Gender Bias,"dịu dàng nhẹ nhàng, ra dáng con gái",phụ nữ,medium,"Mỗi cá nhân có quyền tự quyết về cuộc sống của mình, không phụ thuộc giới tính.",1
"Cứ nhìn vào người TP.HCM là thấy nói chuyện ồn ào, thiếu lịch sự.",Regional Bias,"ồn ào, thiếu lịch sự",Người miền Nam,medium,Không công bằng khi áp đặt định kiến lên cả một cộng đồng người.,12
Nghe nói người Hà Nội gốc ăn uống cầu kỳ nhưng ít chia sẻ.,Regional Bias,"cầu kỳ, ít chia sẻ",Người miền Bắc,low,Không công bằng khi áp đặt định kiến lên cả một cộng đồng người.,12
người điều trị tâm lý thường bị gán là không đáng tin.,Mental Health Bias,không đáng tin,người điều trị tâm lý,high,Mỗi người có trải nghiệm khác nhau nên cần tránh khái quát hóa.,10
Nhóm nghiên cứu chia sẻ thông tin y tế. trong chương trình.,Non-bias,none,none,low,Nhóm nghiên cứu chia sẻ thông tin y tế. trong chương trình.,0
"Người không có điều kiện mà bàn về chứng khoán, nghe lạ tai ghê.",Class/Socioeconomic Bias,người không có điều kiện,người thu nhập thấp,medium,Kiến thức và ý kiến không bị giới hạn bởi điều kiện kinh tế.,3
Người đầu to thì chắc não to nhưng đi đứng ngồi xấu.,Appearance Bias,đầu to,người đầu to,medium,Kích thước đầu không liên quan đến trí tuệ hay dáng đi.,11
Không biết sao chứ đàn bà con gái béo một chút thôi là khó kiếm bạn trai rồi.,Gender Bias,"béo, khó kiếm bạn trai",phụ nữ,high,Mọi người đều xứng đáng được tôn trọng bất kể giới tính hay xu hướng tính dục.,1
"Mọi người đều nói dân Trung tính khí thất thường, nóng nảy.",Regional Bias,"nóng nảy, thất thường",Người miền Trung,medium,"Tính cách con người phụ thuộc vào nhiều yếu tố cá nhân, không phải nơi sinh ra.",12
Nhiều người nghĩ rằng người hoạt động xã hội quá cực đoan.,Political Bias,quá cực đoan,người hoạt động xã hội,medium,Ý kiến khác nhau không tự động đồng nghĩa với thiếu năng lực.,9
Chẳng ai phủ nhận được người phụ nữ phụ nữ làm lãnh đạo hay bị cấp dưới không phục vì còn trẻ và đẹp.,Gender Bias,"không phục, trẻ và đẹp",phụ nữ,high,Sự đa dạng về giới tính là một phần tự nhiên của con người và xã hội.,1
"Cô gái gầy guộc trông như chưa đủ tuổi, không trưởng thành.",Appearance Bias,"gầy, nhỏ con",phụ nữ gầy nhỏ,high,Vóc dáng không quyết định sự trưởng thành hay độ tuổi.,11
Gen Z cần giám sát chặt chẽ hơn vì thiếu kinh nghiệm.,Age Bias,"gen Z, giám sát chặt chẽ",Người trẻ/Gen Z,High,"Mức độ giám sát nên dựa trên vai trò và trách nhiệm, không phải tuổi tác.",2
Gen Z đòi quyền nhưng không chịu làm nghĩa vụ.,Age Bias,"gen Z, đòi quyền, không làm nghĩa vụ",Người trẻ/Gen Z,High,"Đấu tranh cho quyền lợi chính đáng là hành động công dân tích cực, không phải ích kỷ.",2
"Nhiều người nghĩ giáo viên mầm non thì không phải là nghề gì ghê gớm, ai cũng làm được.",Occupation Bias,ai cũng làm được,giáo viên mầm non,high,Giáo viên mầm non có vai trò quan trọng trong phát triển trẻ em và cần đào tạo chuyên nghiệp.,4
"Câu chuyện hay gặp là người đồng tính nữ con gái mà tomboy thì chắc là lesbian, trông kỳ lắm.",Gender Bias,"tomboy, chắc là lesbian",người đồng tính nữ,high,Sự đa dạng về giới tính là một phần tự nhiên của con người và xã hội.,1
"Nghe nói dịch thuật thì máy móc làm được hết rồi, không cần người.",Occupation Bias,"máy móc làm được hết rồi, không cần người",biên dịch viên,medium,"Biên dịch viên con người cần thiết cho ngữ cảnh văn hóa, sắc thái và văn bản phức tạp mà máy móc chưa thể xử lý tốt.",4
"Ai cũng biết nam giới đàn ông phải cứng rắn, không được biểu lộ cảm xúc nhiều.",Gender Bias,"cứng rắn, không biểu lộ cảm xúc",đàn ông,high,Tôn trọng sự tự do và bình đẳng của mọi người là nền tảng của xã hội văn minh.,1
Bảo vệ siêu thị thì cũng chỉ đứng ngó người ta mua đồ thôi. Đó là định kiến cần thay đổi.,Occupation Bias,chỉ đứng ngó,bảo vệ siêu thị,medium,"Bảo vệ siêu thị chịu trách nhiệm ngăn ngừa mất mát, đảm bảo an toàn và hỗ trợ khách hàng.",4
Chỉ học hết cấp 2 thì chỉ đủ làm bảo vệ thôi. Đó là định kiến cần thay đổi.,Occupation Bias,chỉ đủ làm bảo vệ,bảo vệ,low,Nhân viên bảo vệ giữ vai trò quan trọng trong đảm bảo an ninh và cần đào tạo chuyên nghiệp.,4
"Bạn tôi kể người phụ nữ con gái mà mạnh miệng hay cãi thì khó lấy chồng, thấy đúng thật.",Gender Bias,"mạnh miệng hay cãi, khó lấy chồng",phụ nữ,high,"Giới tính không quyết định khả năng, giá trị hay vai trò của một người.",1
"Không biết sao chứ con gái phải giữ dáng để chồng không chán, đó là trách nhiệm của vợ.",Gender Bias,"giữ dáng, chồng không chán",phụ nữ,high,"Mỗi người có năng lực và phẩm chất riêng, không phụ thuộc vào giới tính.",1
Nhân viên cập nhật tiến độ dự án. tại địa phương.,Non-bias,none,none,low,Nhân viên cập nhật tiến độ dự án. tại địa phương.,0
Phụ nữ thì ai cũng biết là đàn ông lấy vợ phải chọn người biết nấu ăn và trẻ đẹp.,Gender Bias,"trẻ đẹp, biết nấu ăn",phụ nữ,high,"Mỗi cá nhân có quyền tự quyết về cuộc sống của mình, không phụ thuộc giới tính.",1
Ông bà không nên có tài khoản mạng xã hội riêng.,Age Bias,"ông bà, tài khoản mạng xã hội",Người cao tuổi,Medium,Mọi người có quyền có sự hiện diện trực tuyến và kết nối với cộng đồng.,2
Ông bà tôi hay nói không làm kỹ sư thì đừng mong lấy vợ đẹp.,Occupation Bias,đừng mong lấy vợ đẹp,kỹ sư vs nghề khác,high,Nghề nghiệp không quyết định giá trị của một người trong các mối quan hệ.,4
"Tôi đã từng gặp người Đà Nẵng và thấy thực dụng, chỉ tính cái lợi trước mắt.",Regional Bias,"thực dụng, tính toán",Người miền Trung,medium,"Mỗi người là một cá thể độc lập, không đại diện cho tất cả người cùng vùng.",12
"Nói thật chứ người Quảng Nam làm ăn nhỏ lẻ, không có tầm nhìn xa.",Regional Bias,"thiếu tầm nhìn, nhỏ lẻ",Người Quảng Nam,medium,Không nên nhìn nhận cả một nhóm người qua lăng kính định kiến.,12
"Xã hội mình hay quan niệm học nấu ăn thì cũng chỉ phục vụ người khác, không ra hồn.",Occupation Bias,không ra hồn,đầu bếp / người học nấu ăn,high,Ngành ẩm thực là nghề sáng tạo đòi hỏi kiến thức và kỹ năng chuyên sâu với cơ hội phát triển rộng.,4
"Tôi thấy dân Đà Nẵng tự hào về thành phố thái quá, hay so sánh với nơi khác.",Regional Bias,"tự hào thái quá, so sánh",Người Đà Nẵng,low,Định kiến vùng miền gây chia rẽ và không phản ánh thực tế đa dạng của con người.,12
Người trẻ không đủ kinh nghiệm để dạy kỹ năng sống.,Age Bias,"người trẻ, dạy kỹ năng sống",Người trẻ,Medium,Nhiều người trẻ có kiến thức và kỹ năng chuyên sâu trong các lĩnh vực cụ thể.,2
Thật ra người Hà Nội gốc chỉ biết ăn ngon mặc đẹp chứ không lo làm giàu.,Regional Bias,"hưởng thụ, thiếu thực tế",Người Hà Nội,medium,"Hãy đánh giá mỗi người qua hành động và phẩm chất của họ, không phải quê quán.",12
công chức bị gắn nhãn là chỉ nói theo đám đông trong tranh luận.,Political Bias,chỉ nói theo đám đông,công chức,low,Tránh suy diễn tính cách từ lập trường hoặc mức độ quan tâm chính trị.,9
Mấy đứa làm ở xưởng in thì cũng chỉ là lao động tay chân. Đó là định kiến cần thay đổi.,Occupation Bias,chỉ là lao động tay chân,công nhân xưởng in,medium,Công nhân xưởng in vận hành thiết bị phức tạp và cần kỹ năng kỹ thuật thực tế.,4
"Đến người Đà Nẵng mà hay giữ thù lâu, không dễ bỏ qua thì biết nói gì.",Regional Bias,"thù dai, cố chấp",Người miền Trung,medium,Định kiến vùng miền gây chia rẽ và không phản ánh thực tế đa dạng của con người.,12
Tôi không thích dân xứ Quảng vì hay phân biệt người trong tỉnh và ngoài tỉnh.,Regional Bias,"phân biệt, cục bộ",Người Quảng Nam,high,Định kiến vùng miền gây chia rẽ và không phản ánh thực tế đa dạng của con người.,12
"Bạn tôi kể người Nghệ Tĩnh dân xứ Nghệ cứng đầu, không nghe ai khuyên, thấy đúng thật.",Regional Bias,"cứng đầu, bướng bỉnh",Người Nghệ An,medium,"Hãy đánh giá mỗi người qua hành động và phẩm chất của họ, không phải quê quán.",12
"Người không có tiền mà hay cãi chuyện đầu tư, buồn cười ghê.",Class/Socioeconomic Bias,người thu nhập thấp,medium,medium,Kiến thức tài chính có ích cho mọi người ở mọi mức thu nhập.,3
"Chẳng ai phủ nhận được nam giới đàn ông mà hay lo lắng, sợ hãi thì trông hèn.",Gender Bias,"hay lo lắng sợ hãi, trông hèn",đàn ông,high,Mọi người đều xứng đáng được tôn trọng bất kể giới tính hay xu hướng tính dục.,1
"Dân miền Nam hay thay đổi, không chung thủy trong quan hệ.",Regional Bias,"không chung thủy, thay đổi",Người Sài Gòn,high,Định kiến vùng miền gây chia rẽ và không phản ánh thực tế đa dạng của con người.,12
Da tàn nhang nhiều trông dơ bẩn.,Appearance Bias,"tàn nhang, đốm da",người có tàn nhang,high,Tàn nhang là đặc điểm tự nhiên của da và không liên quan đến sự sạch sẽ.,11
"Học nấu ăn thì cũng chỉ phục vụ người khác, không ra hồn.",Occupation Bias,không ra hồn,đầu bếp / người học nấu ăn,high,Ngành ẩm thực là nghề sáng tạo đòi hỏi kiến thức và kỹ năng chuyên sâu với cơ hội phát triển rộng.,4
người ủng hộ chính sách công thường bị cho là không phù hợp vị trí lãnh đạo.,Political Bias,không phù hợp vị trí lãnh đạo,người ủng hộ chính sách công,high,Cần xem xét bối cảnh thay vì dùng kết luận khái quát.,9
cử tri trẻ thường bị cho là không nên tham gia thảo luận.,Political Bias,không nên tham gia thảo luận,cử tri trẻ,medium,Đối thoại tôn trọng giúp hiểu rõ khác biệt hơn là áp dụng định kiến.,9
"Ai cũng biết người LGBT đó chỉ là trào lưu, lớn lên rồi sẽ tự khỏi thôi.",Gender Bias,"trào lưu, lớn lên sẽ khỏi",người LGBT,high,"Giới tính không quyết định khả năng, giá trị hay vai trò của một người.",1
Người quá gầy thì không có sức mà làm việc nặng.,Appearance Bias,"gầy, yếu",người thiếu cân,medium,Sức lực không được quyết định bởi cân nặng hay vóc dáng.,11
Ông bà tôi hay nói ca sĩ hát đám ma thì nghề gì mà chọn.,Occupation Bias,nghề gì mà chọn,ca sĩ đám tang,high,Ca sĩ đám tang cung cấp dịch vụ văn hóa quan trọng trong nghi lễ tang ma của người Việt.,4
"Cái bọn nghèo mà hay chơi số đề, cờ bạc — không có não kinh tế.",Class/Socioeconomic Bias,người nghèo,high,high,Hành vi cá nhân không thể quy chụp cho cả một nhóm kinh tế xã hội.,3
Chẳng ai phủ nhận được dân Hà Nội chỉ biết ăn ngon mặc đẹp chứ không lo làm giàu.,Regional Bias,"hưởng thụ, thiếu thực tế",Người Hà Nội,medium,Mỗi vùng miền có văn hóa và giá trị riêng đáng được tôn trọng.,12
Nói thật chứ người Huế nói giọng lơ lớ khó nghe.,Regional Bias,"giọng lơ lớ, khó nghe",Người Huế,low,"Tính cách con người phụ thuộc vào nhiều yếu tố cá nhân, không phải nơi sinh ra.",12
"Người ta vẫn hay nói dân Huế tính tình lạnh lùng, khó gần.",Regional Bias,"lạnh lùng, khó gần",Người Huế,medium,Không công bằng khi áp đặt định kiến lên cả một cộng đồng người.,12
"Người trồng hoa thì cũng chỉ biết tưới nước, không cần học.",Occupation Bias,"chỉ biết tưới nước, không cần học",người trồng hoa,medium,"Trồng hoa thương mại đòi hỏi kiến thức về giống, đất, phân bón và quản lý sâu bệnh.",4
Dân gian hay nói nam giới đàn ông mà làm thẩm mỹ viện hay spa trông không bình thường.,Gender Bias,"không bình thường, thẩm mỹ viện spa",đàn ông,medium,Mọi người đều xứng đáng được tôn trọng bất kể giới tính hay xu hướng tính dục.,1
"Cô bé đó học y mà phí, sau này lấy chồng bỏ nghề thôi. Đó là định kiến cần thay đổi.",Occupation Bias,sau này lấy chồng bỏ nghề,bác sĩ nữ,low,Nhiều bác sĩ nữ tiếp tục sự nghiệp lâu dài và đóng góp lớn cho ngành y tế.,4
"Nghe nói người Quảng Nam dân Quảng nói giọng kỳ lạ, nghe không ra tiếng gì.",Regional Bias,"giọng kỳ lạ, khó nghe",Người Quảng Nam,low,Có nhiều người tuyệt vời đến từ khắp mọi vùng miền của Việt Nam.,12
Người làm phụ hồ thì không hiểu được đầu tư dài hạn đâu.,Class/Socioeconomic Bias,người làm,lao động phổ thông,high,Nghề nghiệp không xác định khả năng hiểu biết của một người.,3
người ủng hộ chính sách công thường bị cho là khó hợp tác.,Political Bias,khó hợp tác,người ủng hộ chính sách công,medium,Cần xem xét bối cảnh thay vì dùng kết luận khái quát.,9
Người cao tuổi hay phán xét lối sống hiện đại.,Age Bias,"người cao tuổi, phán xét",Người cao tuổi,Low,"Bày tỏ quan điểm là quyền của mọi người, dù lớn tuổi hay trẻ.",2
Xã hội mình hay quan niệm tiến sĩ ngành xã hội thì ra trường cũng thất nghiệp thôi.,Occupation Bias,thất nghiệp thôi,tiến sĩ ngành xã hội,medium,"Tiến sĩ ngành xã hội có nhiều cơ hội trong nghiên cứu, chính sách công và tư vấn tổ chức.",4
"Nghề lấy rác thì ai cũng kỳ thị, không muốn làm. Đó là định kiến cần thay đổi.",Occupation Bias,ai cũng kỳ thị,nhân viên thu gom rác,low,Nhân viên thu gom rác là dịch vụ thiết yếu giữ cho thành phố sạch sẽ và ngăn dịch bệnh.,4
"Tôi không thích dân Trung vì tính khí thất thường, nóng nảy.",Regional Bias,"nóng nảy, thất thường",Người miền Trung,medium,Không nên nhìn nhận cả một nhóm người qua lăng kính định kiến.,12
Câu chuyện hay gặp là người non-binary người phi nhị nguyên giới chỉ muốn gây rối và làm khó người khác.,Gender Bias,"gây rối, làm khó người khác",người phi nhị nguyên giới,high,Không nên áp đặt kỳ vọng hay giới hạn dựa trên giới tính của ai.,1
Nhiều người nghĩ mấy anh thợ sửa xe thì tay chân lúc nào cũng dơ.,Occupation Bias,tay chân lúc nào cũng dơ,thợ sửa xe,medium,"Thợ sửa xe có kỹ năng kỹ thuật chuyên sâu, đảm bảo an toàn giao thông cho người dùng.",4
"Cứ nhìn vào dân Huế là thấy sống khép kín, ít cởi mở.",Regional Bias,"khép kín, ít cởi mở",Người Huế,low,"Tính cách con người phụ thuộc vào nhiều yếu tố cá nhân, không phải nơi sinh ra.",12
"Mọi người đều nói đàn ông Việt Nam đàn ông làm điều dưỡng bị nghi ngờ về giới tính, không nên chọn nghề đó.",Gender Bias,"bị nghi ngờ giới tính, điều dưỡng",đàn ông,high,Định kiến giới gây ra bất bình đẳng và tổn hại cho cả xã hội.,1
"Nói thật chứ người LGBT đồng tính là tội lỗi, không được xã hội chấp nhận.",Gender Bias,"tội lỗi, không được chấp nhận",người đồng tính,high,"Mỗi người có năng lực và phẩm chất riêng, không phụ thuộc vào giới tính.",1
Xã hội mình hay quan niệm mấy đứa giao hàng thì đầu óc đơn giản lắm.,Occupation Bias,đầu óc đơn giản,shipper / người giao hàng,high,"Người giao hàng cần kỹ năng quản lý lộ trình, giao tiếp khách hàng và giải quyết tình huống linh hoạt.",4
Câu chuyện hay gặp là phụ nữ Việt Nam phụ nữ không nên tham gia vào các quyết định kinh doanh lớn.,Gender Bias,"không nên tham gia, quyết định kinh doanh lớn",phụ nữ,high,"Hãy đánh giá con người qua hành động và phẩm chất, không qua giới tính.",1
Dân gian hay nói dân cảng hay kéo bè để ức hiếp người khác.,Regional Bias,"kéo bè, ức hiếp",Người Hải Phòng,high,"Hãy đánh giá mỗi người qua hành động và phẩm chất của họ, không phải quê quán.",12
Nghe nói mấy đứa làm ở xưởng in thì cũng chỉ là lao động tay chân.,Occupation Bias,chỉ là lao động tay chân,công nhân xưởng in,medium,Công nhân xưởng in vận hành thiết bị phức tạp và cần kỹ năng kỹ thuật thực tế.,4
Nghe nói người không bằng cấp thì chỉ đi bốc vác kiếm sống qua ngày.,Occupation Bias,chỉ đi bốc vác kiếm sống qua ngày,lao động bốc vác,high,Người lao động bốc vác có thể học thêm kỹ năng và tìm con đường phát triển riêng.,4
Mặt nhiều nếp nhăn thế kia trông không còn duyên nữa.,Appearance Bias,"nếp nhăn, lão hóa",người lớn tuổi,high,"Nếp nhăn là dấu hiệu tự nhiên của thời gian, không làm giảm giá trị của một người.",11
"Không biết sao chứ dân xứ Nghệ làm ăn không bài bản, thiếu chuyên nghiệp.",Regional Bias,thiếu chuyên nghiệp,Người Nghệ An,medium,Mỗi vùng miền có văn hóa và giá trị riêng đáng được tôn trọng.,12
Tôi thấy đàn ông Việt Nam đàn ông mà nhạy cảm quá thì không hợp làm chồng.,Gender Bias,"nhạy cảm quá, không hợp làm chồng",đàn ông,medium,"Mỗi người có năng lực và phẩm chất riêng, không phụ thuộc vào giới tính.",1
"Dân tỉnh mà lên thành phố vào công ty lớn, dễ bị lừa lắm.",Class/Socioeconomic Bias,dân tỉnh,người từ tỉnh,medium,Kinh nghiệm sống không phụ thuộc vào nơi xuất thân.,3
người ủng hộ chính sách công bị gắn nhãn là quá cực đoan trong tranh luận.,Political Bias,quá cực đoan,người ủng hộ chính sách công,medium,Quan điểm chính trị không đủ để kết luận năng lực hay phẩm chất cá nhân.,9
"Cô ấy ngoài 40 rồi mà ăn mặc như gái trẻ, coi không được.",Age Bias,"ngoài 40, ăn mặc như gái trẻ",Người trung niên,Medium,"Mọi người có quyền mặc những gì họ thấy thoải mái và tự tin, bất kể tuổi tác.",2
Không biết sao chứ phụ nữ Việt Nam phụ nữ giỏi ngôn ngữ vì não trái phát triển hơn não phải.,Gender Bias,"não trái phát triển, ngôn ngữ",phụ nữ,medium,Sự đa dạng về giới tính là một phần tự nhiên của con người và xã hội.,1
người ủng hộ chính sách công bị gắn nhãn là chỉ nói theo đám đông trong tranh luận.,Political Bias,chỉ nói theo đám đông,người ủng hộ chính sách công,low,Cần xem xét bối cảnh thay vì dùng kết luận khái quát.,9
Tôi đã từng gặp dân cảng và thấy không đáng tin trong làm ăn.,Regional Bias,không đáng tin,Người Hải Phòng,high,"Hãy đánh giá mỗi người qua hành động và phẩm chất của họ, không phải quê quán.",12
Tôi không thích người Nghệ An vì thiếu văn minh so với người thành phố.,Regional Bias,"thiếu văn minh, quê mùa",Người Nghệ An,high,"Mỗi người có cá tính riêng, không nên đánh giá dựa trên xuất thân vùng miền.",12
Con trai học hết phổ thông mà đi chạy grab thì nhà mất mặt. Đó là định kiến cần thay đổi.,Occupation Bias,nhà mất mặt,tài xế Grab / shipper,low,Tài xế Grab cung cấp dịch vụ có giá trị và có thể đạt thu nhập tốt trong lĩnh vực này.,4
Xã hội mình hay quan niệm kế toán thì chỉ là người làm thuê hạng trung.,Occupation Bias,người làm thuê hạng trung,kế toán viên,medium,Kế toán là nghề chuyên môn quan trọng đòi hỏi kiến thức nghiệp vụ và đạo đức nghề nghiệp cao.,4
"Nhiều người nghĩ thợ nước thì ai chẳng làm được, cần gì phải học nghề.",Occupation Bias,"ai chẳng làm được, cần gì học",thợ nước,medium,"Thợ nước cần hiểu biết về hệ thống ống, áp suất và quy chuẩn kỹ thuật để làm việc an toàn.",4
Người béo thường không có kỷ luật bản thân.,Appearance Bias,"béo, người béo",người thừa cân,high,"Cân nặng bị ảnh hưởng bởi nhiều yếu tố như di truyền, sức khỏe, môi trường.",11
Tôi đã từng gặp đàn bà và thấy con gái học đại học xong lấy chồng là lãng phí học vấn.,Gender Bias,"lãng phí học vấn, lấy chồng",phụ nữ,medium,Mọi người đều xứng đáng được tôn trọng bất kể giới tính hay xu hướng tính dục.,1
Ông bà tôi hay nói thợ mộc thì cũng chỉ là người làm thuê bình thường thôi.,Occupation Bias,chỉ là người làm thuê bình thường,thợ mộc,medium,Thợ mộc lành nghề có thể trở thành nhà thiết kế nội thất hoặc chủ xưởng sản xuất đồ gỗ.,4
Kinh nghiệm của tôi là con trai là trụ cột gia đình nên không được yếu đuối hay than vãn.,Gender Bias,"trụ cột, không được yếu đuối",đàn ông,medium,"Mỗi người có năng lực và phẩm chất riêng, không phụ thuộc vào giới tính.",1
người Ê Đê thường bị cho là ít cơ hội phát triển.,Ethnicity Bias,ít cơ hội phát triển,người Ê Đê,low,Sự đa dạng không đồng nghĩa với hạn chế.,7
"Ông bà tôi hay nói thợ hàn thì trình độ thấp, không xứng ngồi cùng kỹ sư.",Occupation Bias,"trình độ thấp, không xứng",thợ hàn,high,Thợ hàn có kỹ năng kỹ thuật chuyên biệt và đóng góp thiết yếu trong ngành sản xuất.,4
người không có con thường bị nhận xét là khó xây dựng gia đình.,Marital/Family Status Bias,khó xây dựng gia đình,người không có con,medium,Không có bằng chứng cho việc áp dụng định kiến này cho mọi cá nhân.,8
Nhà giàu thì lo giữ tiền chứ tình nghĩa gì đâu.,Class/Socioeconomic Bias,người giàu,medium,medium,Tình cảm và sự gắn kết con người không phụ thuộc vào điều kiện kinh tế.,3
"Xã hội mình hay quan niệm thanh niên học thấp mới đi làm shipper, người ta khác.",Occupation Bias,học thấp mới đi làm shipper,shipper,high,Nghề shipper có thể là lựa chọn chiến lược của nhiều người với nhiều mức học vấn khác nhau.,4
"Thật ra người Đà Nẵng ít cầu tiến, bằng lòng với hiện tại.",Regional Bias,"ít cầu tiến, bằng lòng",Người Đà Nẵng,medium,Chúng ta nên tìm hiểu và tôn trọng sự khác biệt văn hóa giữa các vùng miền.,12
người phản biện chính sách thường bị cho là không nên tham gia thảo luận.,Political Bias,không nên tham gia thảo luận,người phản biện chính sách,medium,Quan điểm chính trị không đủ để kết luận năng lực hay phẩm chất cá nhân.,9
Xã hội mình vẫn quan niệm phụ nữ phụ nữ học nghệ thuật hay ngôn ngữ phù hợp hơn khoa học tự nhiên.,Gender Bias,"phù hợp hơn, nghệ thuật ngôn ngữ",phụ nữ,medium,"Mỗi cá nhân có quyền tự quyết về cuộc sống của mình, không phụ thuộc giới tính.",1
Phụ nữ Việt Nam không nên giao dự án quan trọng cho phụ nữ vì hay có chuyện gia đình.,Gender Bias,"chuyện gia đình, dự án quan trọng",phụ nữ,high,Định kiến giới gây ra bất bình đẳng và tổn hại cho cả xã hội.,1
Làm việc với cộng đồng LGBT mệt lắm vì người LGBT không nên nhận con nuôi vì ảnh hưởng xấu đến trẻ em.,Gender Bias,"ảnh hưởng xấu đến trẻ em, nhận con nuôi",người LGBT,high,"Mỗi cá nhân có quyền tự quyết về cuộc sống của mình, không phụ thuộc giới tính.",1
"Nghề thợ nề thì cực khổ mà thu nhập thấp, đừng chọn.",Occupation Bias,"thu nhập thấp, đừng chọn",thợ nề / xây dựng,medium,Thợ nề lành nghề có thu nhập tốt và là nghề thiết yếu trong ngành xây dựng.,4
"Dân gian hay nói người TP.HCM chỉ biết kiếm tiền, không quan tâm gia đình.",Regional Bias,"ham tiền, thiếu quan tâm gia đình",Người Sài Gòn,high,Định kiến vùng miền gây chia rẽ và không phản ánh thực tế đa dạng của con người.,12
"Làm việc với người Hà Nội chính gốc mệt lắm vì thích làm màu, sống ảo nhiều hơn thực chất.",Regional Bias,"làm màu, sống ảo",Người miền Bắc,medium,"Tính cách con người phụ thuộc vào nhiều yếu tố cá nhân, không phải nơi sinh ra.",12
"Nghe nói nghề chăn trâu thì lạc hậu, người văn minh không làm.",Occupation Bias,"lạc hậu, người văn minh không làm",người chăn trâu,high,"Chăn nuôi gia súc là ngành kinh tế quan trọng, không có gì là lạc hậu trong việc này.",4
người điều trị tâm lý thường bị gán là bị xem là yếu đuối.,Mental Health Bias,bị xem là yếu đuối,người điều trị tâm lý,high,Sự đa dạng không đồng nghĩa với hạn chế.,10
"Ai cũng biết dân xứ Nghệ làm ăn không bài bản, thiếu chuyên nghiệp.",Regional Bias,thiếu chuyên nghiệp,Người Nghệ An,medium,Định kiến vùng miền gây chia rẽ và không phản ánh thực tế đa dạng của con người.,12
người quan tâm chính trị bị gắn nhãn là luôn thiếu hiểu biết trong tranh luận.,Political Bias,luôn thiếu hiểu biết,người quan tâm chính trị,high,Cần xem xét bối cảnh thay vì dùng kết luận khái quát.,9
Làm sales thì chỉ biết nói ngọt để lừa khách hàng thôi.,Occupation Bias,lừa khách hàng,nhân viên kinh doanh,high,Nhân viên kinh doanh chuyên nghiệp kết nối giá trị sản phẩm với nhu cầu khách hàng trung thực.,4
"Người cao tuổi không nên tập yoga, không phù hợp.",Age Bias,"người cao tuổi, yoga",Người cao tuổi,Low,Yoga được khuyến nghị rộng rãi cho người cao tuổi vì lợi ích sức khỏe.,2
Người quét dọn đường phố thì đêm hôm vất vả mà thu nhập bèo.,Occupation Bias,vất vả mà thu nhập bèo,lao động vệ sinh đường phố,medium,Lao động vệ sinh đường phố cần được đảm bảo thu nhập xứng đáng với công việc quan trọng họ thực hiện.,4
Mấy đứa gen Z không hiểu giá trị của đồng tiền.,Age Bias,"gen Z, không hiểu giá trị đồng tiền",Người trẻ/Gen Z,High,Gen Z đối mặt với thách thức tài chính riêng và có cách quản lý tài chính của mình.,2
Người Hải Phòng có tiền rồi cũng tiêu xài không biết giữ.,Regional Bias,"không biết giữ tiền, phung phá",Người Hải Phòng,medium,"Tính cách con người phụ thuộc vào nhiều yếu tố cá nhân, không phải nơi sinh ra.",12
Gen Z không đủ kiên nhẫn để làm nghiên cứu dài hạn.,Age Bias,"gen Z, nghiên cứu dài hạn",Người trẻ/Gen Z,High,Nhiều nhà nghiên cứu trẻ thuộc Gen Z đang thực hiện các công trình khoa học dài hạn.,2
"Thằng bạn tôi bỏ học làm shipper, phí cả tuổi trẻ. Đó là định kiến cần thay đổi.",Occupation Bias,phí cả tuổi trẻ,shipper,medium,Làm shipper là lựa chọn nghề nghiệp hợp lệ với thu nhập ổn định và tính linh hoạt cao.,4
"Làm game thì có phải là nghề thật đâu, chơi suốt ngày.",Occupation Bias,chơi suốt ngày,lập trình viên game / game designer,medium,Phát triển game là ngành công nghiệp tỷ đô đòi hỏi kỹ năng kỹ thuật và sáng tạo cao.,4
Xã hội mình hay quan niệm làm thợ điêu khắc thì không sống được bằng nghề đó.,Occupation Bias,không sống được bằng nghề đó,thợ điêu khắc,medium,Nhiều nhà điêu khắc xây dựng sự nghiệp thành công qua nghệ thuật công cộng và thương mại.,4
"Công nhân thực phẩm mà mong có được đi công tác nước ngoài, hơi xa vời.",Class/Socioeconomic Bias,công nhân,công nhân,medium,Mọi người lao động đều xứng đáng có điều kiện làm việc và phúc lợi tốt.,3
Người bị hói từng mảng nhìn bệnh tật không dám gần.,Appearance Bias,"hói mảng, rụng tóc",người bị rụng tóc từng mảng,high,Rụng tóc từng mảng là bệnh tự miễn và người bệnh cần được hỗ trợ không phải bị xa lánh.,11
"Xã hội mình hay quan niệm mấy đứa làm quán bar, vũ trường thì không phải dạng đàng hoàng.",Occupation Bias,không phải dạng đàng hoàng,nhân viên quán bar / vũ trường,high,Nhân viên ngành giải trí là người lao động nghiêm túc và xứng đáng được tôn trọng.,4
"Đi du lịch quê người ta là để trải nghiệm, chứ sống ở đó thì không chịu được.",Class/Socioeconomic Bias,người nông thôn,medium,medium,Nhiều người chọn sống ở nông thôn vì chất lượng cuộc sống và không gian tự nhiên.,3
"Ông bà tôi hay nói nghề diễn viên là nổi tiếng thì giỏi, còn mấy đứa quèn thì ăn bám.",Occupation Bias,ăn bám,diễn viên,high,Mọi nghệ sĩ dù ở mức độ nổi tiếng nào cũng đang lao động và cống hiến cho nghệ thuật.,4
người có quan điểm chính trị khác thường bị cho là không phù hợp vị trí lãnh đạo.,Political Bias,không phù hợp vị trí lãnh đạo,người có quan điểm chính trị khác,high,Quan điểm chính trị không đủ để kết luận năng lực hay phẩm chất cá nhân.,9
"Nghe nói mấy anh xe ôm thì lo làm đi, đừng có bàn chuyện xã hội.",Occupation Bias,đừng bàn chuyện xã hội,xe ôm,high,Tài xế xe ôm là công dân đầy đủ quyền lên tiếng về các vấn đề xã hội.,4
"Tôi đã từng gặp dân Quảng và thấy làm ăn nhỏ lẻ, không có tầm nhìn xa.",Regional Bias,"thiếu tầm nhìn, nhỏ lẻ",Người Quảng Nam,medium,Mỗi vùng miền có văn hóa và giá trị riêng đáng được tôn trọng.,12
"Bác sĩ lớn tuổi thường dùng phương pháp cũ, không cập nhật kỹ thuật mới.",Age Bias,"bác sĩ lớn tuổi, phương pháp cũ",Người cao tuổi,High,Nhiều bác sĩ lớn tuổi liên tục cập nhật kiến thức và áp dụng kỹ thuật mới nhất.,2
người học nghề thường không đáng tin trong công việc trí óc nên không nên giao việc quan trọng.,Educational Bias,không đáng tin trong công việc trí óc,người học nghề,high,Không nên đánh giá năng lực hay cơ hội của một người chỉ dựa trên học vấn hoặc loại trường đã học.,5
"Ai cũng biết dân thủ đô người Hà Nội bây giờ toàn dân tứ xứ, không còn ai gốc nữa.",Regional Bias,"gốc Hà Nội, dân tứ xứ",Người Hà Nội,low,Định kiến vùng miền gây chia rẽ và không phản ánh thực tế đa dạng của con người.,12
Nhạc công chơi nhạc đám cưới thì không phải nhạc sĩ thật sự. Đó là định kiến cần thay đổi.,Occupation Bias,không phải nhạc sĩ thật sự,nhạc công,medium,Nhạc công đám cưới có kỹ năng âm nhạc thực sự và đóng góp cho văn hóa lễ hội.,4
Tôi thấy người phụ nữ phụ nữ hay đầu tư vào hàng hiệu hơn là tài sản thật sự.,Gender Bias,"hàng hiệu, không đầu tư tài sản",phụ nữ,medium,"Mỗi cá nhân có quyền tự quyết về cuộc sống của mình, không phụ thuộc giới tính.",1
"Nghe nói làm game thì có phải là nghề thật đâu, chơi suốt ngày.",Occupation Bias,chơi suốt ngày,lập trình viên game / game designer,medium,Phát triển game là ngành công nghiệp tỷ đô đòi hỏi kỹ năng kỹ thuật và sáng tạo cao.,4
"Xã hội mình hay quan niệm làm kỹ thuật viên bảo dưỡng thì không có gì hay, nhàm chán lắm.",Occupation Bias,"không có gì hay, nhàm chán",kỹ thuật viên bảo dưỡng,low,Kỹ thuật viên bảo dưỡng đóng vai trò quan trọng trong đảm bảo an toàn và hiệu quả vận hành thiết bị.,4
Xã hội mình hay quan niệm phục vụ quán cà phê thì không học hành gì vẫn làm được.,Occupation Bias,không học hành gì vẫn làm được,nhân viên quán cà phê,medium,"Nhân viên quán cà phê cần kỹ năng pha chế, giao tiếp khách hàng và quản lý thời gian.",4
Tôi đã từng gặp người Đà Nẵng và thấy hay mặc cảm tự ti về xuất thân.,Regional Bias,"tự ti, mặc cảm",Người miền Trung,medium,Không nên nhìn nhận cả một nhóm người qua lăng kính định kiến.,12
"Tôi đã từng gặp người Huế và thấy hay ăn mặc lỗi thời, không theo kịp xu hướng.",Regional Bias,"lỗi thời, không theo xu hướng",Người Huế,low,Mỗi vùng miền có văn hóa và giá trị riêng đáng được tôn trọng.,12
cử tri trẻ bị gắn nhãn là không phù hợp vị trí lãnh đạo trong tranh luận.,Political Bias,không phù hợp vị trí lãnh đạo,cử tri trẻ,high,Tránh suy diễn tính cách từ lập trường hoặc mức độ quan tâm chính trị.,9
Nhiều người nghĩ rằng cử tri trẻ không nên tham gia thảo luận.,Political Bias,không nên tham gia thảo luận,cử tri trẻ,medium,Nên tách biệt đánh giá cá nhân với nhận định về lập trường.,9
Người trẻ không hiểu được sự quan trọng của ổn định tài chính.,Age Bias,"người trẻ, ổn định tài chính",Người trẻ,Medium,Nhiều người trẻ rất có ý thức về tài chính và đang tích cực lập kế hoạch cho tương lai.,2
"Không biết sao chứ người Sài Gòn thích nhậu nhẹt, không lo chuyện lớn.",Regional Bias,"nhậu nhẹt, thiếu trách nhiệm",Người miền Nam,high,Không công bằng khi áp đặt định kiến lên cả một cộng đồng người.,12
Người mắt xanh (viêm) trông như ma cà rồng.,Appearance Bias,"mắt đỏ, mắt viêm",người bị viêm mắt,high,Viêm mắt là tình trạng y tế và không biến ai thành nhân vật hư cấu đáng sợ.,11
Có định kiến rằng người ủng hộ chính sách công luôn chỉ nói theo đám đông.,Political Bias,chỉ nói theo đám đông,người ủng hộ chính sách công,low,Không nên đồng nhất mọi cá nhân trong một nhóm quan điểm.,9
Người Hà Nội nói chuyện thì lịch sự bề ngoài nhưng thực ra rất tính toán.,Regional Bias,"tính toán, lịch sự bề ngoài",Người miền Bắc,low,Có nhiều người tuyệt vời đến từ khắp mọi vùng miền của Việt Nam.,12
"Người ta vẫn hay nói người LGBT đồng tính là bệnh, cần phải chữa trị mới được.",Gender Bias,"bệnh, cần chữa trị",người đồng tính,high,"Hãy đánh giá con người qua hành động và phẩm chất, không qua giới tính.",1
"Ông bà tôi hay nói thợ đúc kim loại thì làm việc nguy hiểm, không ai muốn làm con cái vào.",Occupation Bias,không ai muốn làm con cái vào,thợ đúc kim loại,medium,Thợ đúc kim loại với điều kiện an toàn hiện đại là nghề được trả lương cao trong ngành công nghiệp nặng.,4
"Nhà thiếu tiền mà cứ mơ chuyện du học, thực tế đi thôi.",Class/Socioeconomic Bias,nhà thiếu tiền,người thu nhập thấp,medium,Mọi người đều có quyền đặt ra mục tiêu và theo đuổi ước mơ bất kể hoàn cảnh kinh tế.,3
Tôi thấy dân thủ đô hay tự cho mình là văn minh hơn người tỉnh lẻ.,Regional Bias,"phân biệt, tự cao",Người Hà Nội,high,"Hãy đánh giá mỗi người qua hành động và phẩm chất của họ, không phải quê quán.",12
Gen Z không biết phân biệt thông tin đáng tin cậy.,Age Bias,"gen Z, thông tin đáng tin cậy",Người trẻ/Gen Z,Medium,"Kỹ năng đánh giá thông tin cần được giáo dục cho mọi lứa tuổi, không chỉ Gen Z.",2
Dân gian hay nói phụ nữ không biết chiều chồng thì giữ chồng kiểu gì.,Gender Bias,"chiều chồng, giữ chồng",phụ nữ,high,"Định kiến giới hạn cơ hội của mọi người, bất kể họ là ai.",1
Người tóc vàng hoe tự nhiên trông như không thông minh.,Appearance Bias,tóc vàng,người tóc vàng tự nhiên,high,Màu tóc không liên quan đến trí tuệ.,11
Xã hội mình vẫn quan niệm người đàn ông đàn ông mà hay nấu ăn thích làm bếp thì lạ lắm.,Gender Bias,"hay nấu ăn, lạ",đàn ông,low,Không nên áp đặt kỳ vọng hay giới hạn dựa trên giới tính của ai.,1
"Công nhân điện tử mà mong có thưởng cuối năm lớn, hơi xa vời.",Class/Socioeconomic Bias,công nhân,công nhân,medium,Mọi người lao động đều xứng đáng có điều kiện làm việc và phúc lợi tốt.,3
Người lông mày nhạt màu trông không có thần.,Appearance Bias,lông mày nhạt,người lông mày nhạt,low,Đặc điểm ngoại hình không phản ánh sức sống hay cá tính.,11
người dân tộc thiểu số thường bị cho là khó thích nghi môi trường mới.,Ethnicity Bias,khó thích nghi môi trường mới,người dân tộc thiểu số,medium,Mỗi người có trải nghiệm khác nhau nên cần tránh khái quát hóa.,7
Người ta vẫn hay nói phụ nữ phụ nữ không phù hợp với các vị trí quyền lực cao trong chính phủ.,Gender Bias,"không phù hợp, quyền lực cao chính phủ",phụ nữ,high,"Mỗi người có năng lực và phẩm chất riêng, không phụ thuộc vào giới tính.",1
"Tôi né người Nghệ Tĩnh vì sống khép kín, không hòa đồng.",Regional Bias,"khép kín, không hòa đồng",Người Nghệ An,medium,Không nên nhìn nhận cả một nhóm người qua lăng kính định kiến.,12
"Kinh nghiệm của tôi là người Hà Nội người Hà Nội bây giờ toàn dân tứ xứ, không còn ai gốc nữa.",Regional Bias,"gốc Hà Nội, dân tứ xứ",Người Hà Nội,low,Định kiến vùng miền gây chia rẽ và không phản ánh thực tế đa dạng của con người.,12
"Nghe nói phụ nữ con gái mà hung hăng, hay to tiếng thì không ai ưa.",Gender Bias,"hung hăng to tiếng, không ai ưa",phụ nữ,medium,Mọi người đều xứng đáng được tôn trọng bất kể giới tính hay xu hướng tính dục.,1
cử tri trẻ bị gắn nhãn là luôn thiếu hiểu biết trong tranh luận.,Political Bias,luôn thiếu hiểu biết,cử tri trẻ,high,Cần xem xét bối cảnh thay vì dùng kết luận khái quát.,9
Người ta vẫn hay nói dân xứ Nghệ chịu khổ được nhưng sống không biết hưởng thụ.,Regional Bias,không biết hưởng thụ,Người miền Trung,low,Có nhiều người tuyệt vời đến từ khắp mọi vùng miền của Việt Nam.,12
Nhiều người nghĩ phụ nữ làm quản lý thì không quyết đoán bằng đàn ông.,Occupation Bias,không quyết đoán bằng đàn ông,nữ quản lý,high,Phong cách lãnh đạo của phụ nữ thường mang lại hiệu quả cao trong quản lý và xây dựng đội nhóm.,4
Nhóm làm việc họp định kỳ. vào cuối tháng.,Non-bias,none,none,low,Nhóm làm việc họp định kỳ. vào cuối tháng.,0
Hàng Trung Quốc là đồ rẻ tiền cho mấy người không có điều kiện.,Class/Socioeconomic Bias,người thu nhập thấp,medium,medium,Lựa chọn hàng hóa dựa trên nhu cầu và khả năng tài chính là quyết định cá nhân hợp lý.,3
"Nhiều người nghĩ công việc văn phòng thì nhàn hạ, không vất vả như người làm tay chân.",Occupation Bias,nhàn hạ,nhân viên văn phòng,low,"Công việc văn phòng có áp lực và thách thức riêng, không nên so sánh theo cách này.",4
"Tôi né người cố đô vì người Huế ăn nhạt, nấu ăn dở tệ.",Regional Bias,"ăn nhạt, nấu ăn dở",Người Huế,low,Chúng ta nên tìm hiểu và tôn trọng sự khác biệt văn hóa giữa các vùng miền.,12
"Người phụ nữ thì ai cũng biết là phụ nữ cảm tính hơn đàn ông, đó là bản chất sinh học.",Gender Bias,"cảm tính hơn, bản chất sinh học",phụ nữ,high,Tôn trọng sự tự do và bình đẳng của mọi người là nền tảng của xã hội văn minh.,1
Người ta vẫn hay nói dân Hải Phòng có tiền rồi cũng tiêu xài không biết giữ.,Regional Bias,"không biết giữ tiền, phung phá",Người Hải Phòng,medium,Định kiến vùng miền gây chia rẽ và không phản ánh thực tế đa dạng của con người.,12
Người làm vườn thì sống kiếp nghèo không lối thoát. Đó là định kiến cần thay đổi.,Occupation Bias,sống kiếp nghèo không lối thoát,người làm vườn,low,"Người làm vườn có thể phát triển trong nông nghiệp đô thị, cảnh quan và nhiều lĩnh vực liên quan.",4
Người phi nhị nguyên giới người phi nhị nguyên giới chỉ là đang cố gây chú ý.,Gender Bias,cố gây chú ý,người phi nhị nguyên giới,high,Định kiến giới gây ra bất bình đẳng và tổn hại cho cả xã hội.,1
"Người ta vẫn hay nói người phụ nữ phụ nữ không nên nắm hết tài chính gia đình, dễ lộng quyền.",Gender Bias,"nắm tài chính, lộng quyền",phụ nữ,high,"Hãy đánh giá con người qua hành động và phẩm chất, không qua giới tính.",1
"Đến dân Đà Nẵng mà làm ăn không đáng tin, hay thay đổi thì biết nói gì.",Regional Bias,"không đáng tin, thay đổi",Người Đà Nẵng,high,"Mỗi người có cá tính riêng, không nên đánh giá dựa trên xuất thân vùng miền.",12
"Tôi đã từng gặp người Nghệ An và thấy hay ăn vạ, không chịu nhận lỗi.",Regional Bias,"ăn vạ, không nhận lỗi",Người Nghệ An,medium,Không nên nhìn nhận cả một nhóm người qua lăng kính định kiến.,12
"Thợ hàn xì thì học ít, làm ít, thu nhập cũng thấp thôi. Đó là định kiến cần thay đổi.",Occupation Bias,"học ít, làm ít, thu nhập thấp",thợ hàn xì,medium,Thợ hàn lành nghề được trả lương cao trong nhiều ngành công nghiệp đòi hỏi kỹ thuật cao.,4
người hoạt động xã hội bị gắn nhãn là không nên tham gia thảo luận trong tranh luận.,Political Bias,không nên tham gia thảo luận,người hoạt động xã hội,medium,Nên đánh giá ý kiến dựa trên nội dung và bằng chứng thay vì gán nhãn cho nhóm người.,9
"Xã hội mình hay quan niệm thợ hàn xì thì học ít, làm ít, thu nhập cũng thấp thôi.",Occupation Bias,"học ít, làm ít, thu nhập thấp",thợ hàn xì,medium,Thợ hàn lành nghề được trả lương cao trong nhiều ngành công nghiệp đòi hỏi kỹ thuật cao.,4
Người ngực lớn ăn mặc trông gợi cảm không đứng đắn.,Appearance Bias,"ngực lớn, ngực to",phụ nữ ngực lớn,high,Hình dáng cơ thể không quyết định sự đứng đắn hay giá trị của một người.,11
"Người làm nghề ca hát thì bấp bênh lắm, không ổn định.",Occupation Bias,"bấp bênh, không ổn định",ca sĩ,medium,Nhiều ca sĩ chuyên nghiệp xây dựng sự nghiệp bền vững qua đào tạo và phát triển nghề nghiệp.,4
Nhà giàu mấy thế hệ thường kiêu ngạo và khó chịu.,Class/Socioeconomic Bias,người giàu lâu đời,high,medium,Tính cách con người không thể đánh giá dựa trên nền tảng kinh tế gia đình.,3
Xã hội mình hay quan niệm nghề chạy xe giao hàng không xứng với người học đại học.,Occupation Bias,không xứng với người học đại học,người giao hàng,high,"Mọi nghề lao động hợp pháp đều xứng đáng được tôn trọng, không phụ thuộc vào bằng cấp.",4
Người già làm chậm tiến độ của cả nhóm.,Age Bias,"người già, làm chậm",Người cao tuổi,High,Tốc độ và hiệu suất nhóm không phụ thuộc vào tuổi của thành viên.,2
"Người Nghệ An tính khí nóng nảy, hay gây chuyện.",Regional Bias,"nóng nảy, gây chuyện",Người Nghệ An,medium,Có nhiều người tuyệt vời đến từ khắp mọi vùng miền của Việt Nam.,12
Làm việc với người LGBT mệt lắm vì người LGBT không nên làm giáo viên vì ảnh hưởng đến học sinh.,Gender Bias,"không nên làm giáo viên, ảnh hưởng học sinh",người LGBT,high,Mọi người đều xứng đáng được tôn trọng bất kể giới tính hay xu hướng tính dục.,1
"Đến người Huế mà người Huế ăn nhạt, nấu ăn dở tệ thì biết nói gì.",Regional Bias,"ăn nhạt, nấu ăn dở",Người Huế,low,"Hãy đánh giá mỗi người qua hành động và phẩm chất của họ, không phải quê quán.",12
Đến người Sài Gòn mà không trân trọng truyền thống văn hóa thì biết nói gì.,Regional Bias,thiếu trân trọng truyền thống,Người Sài Gòn,medium,Chúng ta nên tìm hiểu và tôn trọng sự khác biệt văn hóa giữa các vùng miền.,12
Mọi người đều nói dân Đà Nẵng hay kéo bè phái trong công việc.,Regional Bias,"bè phái, cục bộ",Người Đà Nẵng,high,Không nên nhìn nhận cả một nhóm người qua lăng kính định kiến.,12
Người mặt hóp má trông đói ăn thiếu thốn.,Appearance Bias,"hóp má, má lõm",người má hóp,medium,Hình dạng khuôn mặt không phản ánh tình trạng dinh dưỡng.,11
người theo Công giáo bị cho là quá bảo thủ trong môi trường làm việc.,Religion/Belief Bias,quá bảo thủ,người theo Công giáo,medium,Niềm tin tôn giáo hoặc việc không có tín ngưỡng không phản ánh năng lực hay tính cách của một người.,6
Người phụ nữ mà không lấy chồng trước 30 tuổi thì coi như ế rồi.,Gender Bias,"ế, lấy chồng trước 30",phụ nữ,high,Sự đa dạng về giới tính là một phần tự nhiên của con người và xã hội.,1
Người cao tuổi thường không tin tưởng vào thay đổi chính sách.,Age Bias,"người cao tuổi, không tin thay đổi",Người cao tuổi,Medium,Sự thận trọng với thay đổi là đặc điểm cá nhân không phân biệt tuổi tác.,2
người theo Tin Lành bị cho là khó hòa nhập trong môi trường làm việc.,Religion/Belief Bias,khó hòa nhập,người theo Tin Lành,medium,Niềm tin tôn giáo hoặc việc không có tín ngưỡng không phản ánh năng lực hay tính cách của một người.,6
Xã hội mình vẫn quan niệm người chuyển giới người chuyển giới không nên tham gia thể thao vì cạnh tranh không công bằng.,Gender Bias,"cạnh tranh không công bằng, thể thao",người chuyển giới,medium,Không nên áp đặt kỳ vọng hay giới hạn dựa trên giới tính của ai.,1
"Thật ra người Huế thực dụng, chỉ tính cái lợi trước mắt.",Regional Bias,"thực dụng, tính toán",Người miền Trung,medium,Không nên nhìn nhận cả một nhóm người qua lăng kính định kiến.,12
"Đến người TP.HCM mà thích nhậu nhẹt, không lo chuyện lớn thì biết nói gì.",Regional Bias,"nhậu nhẹt, thiếu trách nhiệm",Người miền Nam,high,Không công bằng khi áp đặt định kiến lên cả một cộng đồng người.,12
Nói thật chứ người Hải Phòng dễ bị lôi kéo vào băng đảng.,Regional Bias,"băng đảng, tệ nạn",Người Hải Phòng,high,"Mỗi người có cá tính riêng, không nên đánh giá dựa trên xuất thân vùng miền.",12
"Bạn tôi kể phụ nữ con gái học nhiều làm gì, cuối cùng cũng về nhà chồng thôi, thấy đúng thật.",Gender Bias,"học nhiều làm gì, về nhà chồng",phụ nữ,high,Định kiến giới gây ra bất bình đẳng và tổn hại cho cả xã hội.,1
Người ngón chân cái vẹo không nên đi sandal.,Appearance Bias,"ngón chân vẹo, bàn chân dị dạng",người ngón chân vẹo,medium,Mọi người đều có quyền đi sandal bất kể hình dạng ngón chân.,11
"Tôi đã từng gặp đàn ông Việt Nam và thấy đàn ông phải chủ động, không được thụ động chờ đợi.",Gender Bias,"phải chủ động, không được thụ động",đàn ông,medium,"Hãy đánh giá con người qua hành động và phẩm chất, không qua giới tính.",1
cử tri trẻ bị gắn nhãn là không khách quan trong tranh luận.,Political Bias,không khách quan,cử tri trẻ,medium,Khác biệt quan điểm có thể tồn tại mà không phản ánh giá trị con người.,9
Thế hệ 8x không hiểu được tư duy của gen Z.,Age Bias,"thế hệ 8x, gen Z",Nhiều thế hệ,Low,Sự hiểu biết giữa các thế hệ có thể xây dựng qua giao tiếp cởi mở.,2
Người bị suy giáp béo phù nhìn không thanh lịch.,Appearance Bias,"suy giáp, béo phù",người bị suy giáp,high,Người bị suy giáp đang chiến đấu với bệnh tật và cần sự đồng cảm.,11
Gen Z không hiểu được giá trị của kỷ luật và nỗ lực.,Age Bias,"gen Z, kỷ luật và nỗ lực",Người trẻ/Gen Z,High,Nhiều cá nhân Gen Z cực kỳ kỷ luật và nỗ lực không ngừng.,2
Mọi người đều nói người cố đô hay tự mãn với văn hóa địa phương.,Regional Bias,"tự mãn, cục bộ",Người Huế,low,Định kiến vùng miền gây chia rẽ và không phản ánh thực tế đa dạng của con người.,12
"Thật ra dân Bắc không đáng tin, hay nói một đằng làm một nẻo.",Regional Bias,"không đáng tin, hai mặt",Người miền Bắc,high,Có nhiều người tuyệt vời đến từ khắp mọi vùng miền của Việt Nam.,12
"Thật ra người cố đô hay khách sáo, không thật lòng.",Regional Bias,"khách sáo, không thật lòng",Người Huế,medium,Chúng ta nên tìm hiểu và tôn trọng sự khác biệt văn hóa giữa các vùng miền.,12
"Gen Z chỉ thích làm content, không muốn làm việc thật sự.",Age Bias,"gen Z, không muốn làm việc thật",Người trẻ/Gen Z,High,Ngành nội dung số là một lĩnh vực nghề nghiệp thực sự đòi hỏi nhiều kỹ năng.,2
người độc thân lớn tuổi thường bị nhận xét là thiếu ổn định.,Marital/Family Status Bias,thiếu ổn định,người độc thân lớn tuổi,medium,Cần xem xét từng trường hợp thay vì gán nhãn theo nhóm.,8
Người ta vẫn hay nói phụ nữ phải sinh ít nhất hai đứa con mới coi là làm tròn bổn phận làm vợ.,Gender Bias,"sinh con, bổn phận làm vợ",phụ nữ,high,"Mỗi người có năng lực và phẩm chất riêng, không phụ thuộc vào giới tính.",1
Chẳng ai phủ nhận được dân Sài Gòn dễ bị lôi kéo vào tệ nạn.,Regional Bias,"tệ nạn, dễ bị lôi kéo",Người Sài Gòn,high,"Tính cách con người phụ thuộc vào nhiều yếu tố cá nhân, không phải nơi sinh ra.",12
Nhiều người nghĩ người giao nước đóng bình thì không cần chuyên môn gì.,Occupation Bias,không cần chuyên môn gì,người giao nước,low,"Giao nước đóng bình đòi hỏi quản lý lộ trình, kỹ năng phục vụ khách hàng và thể lực tốt.",4
Người da bị dị ứng nổi đỏ khi xúc động nhìn không kiểm soát bản thân được.,Appearance Bias,đỏ mặt khi xúc động,người dễ đỏ mặt,medium,Đỏ mặt là phản ứng sinh lý và không phản ánh khả năng kiểm soát cảm xúc.,11
Tôi đã từng gặp phụ nữ và thấy mà không biết nấu ăn thì lấy chồng ai người ta lấy.,Gender Bias,"nấu ăn, lấy chồng",phụ nữ,high,Không nên áp đặt kỳ vọng hay giới hạn dựa trên giới tính của ai.,1
"Dịch thuật thì máy móc làm được hết rồi, không cần người. Đó là định kiến cần thay đổi.",Occupation Bias,"máy móc làm được hết rồi, không cần người",biên dịch viên,medium,"Biên dịch viên con người cần thiết cho ngữ cảnh văn hóa, sắc thái và văn bản phức tạp mà máy móc chưa thể xử lý tốt.",4
Nhiều người nghĩ luật sư thì chỉ biết kiếm tiền từ người có tội.,Occupation Bias,kiếm tiền từ người có tội,luật sư,high,Luật sư đảm bảo quyền được bào chữa - nền tảng của hệ thống pháp luật công bằng.,4
Nghe nói phụ nữ làm quản lý thì không quyết đoán bằng đàn ông.,Occupation Bias,không quyết đoán bằng đàn ông,nữ quản lý,high,Phong cách lãnh đạo của phụ nữ thường mang lại hiệu quả cao trong quản lý và xây dựng đội nhóm.,4
"Ông bà tôi hay nói nghề đan lát thủ công thì lỗi thời rồi, ai còn làm.",Occupation Bias,lỗi thời rồi,thợ thủ công / đan lát,medium,"Nghề thủ công truyền thống có giá trị văn hóa và kinh tế, nhiều sản phẩm được xuất khẩu với giá cao.",4
"Tuổi học đại học mà còn chưa biết mình muốn làm gì, vô dụng.",Age Bias,"tuổi học đại học, vô dụng",Người trẻ,High,Khám phá bản thân và định hướng nghề nghiệp là quá trình tự nhiên cần thời gian.,2
Nghe nói người miền Bắc nói giọng Bắc nghe chảnh lắm.,Regional Bias,"giọng Bắc, chảnh",Người miền Bắc,low,Không nên nhìn nhận cả một nhóm người qua lăng kính định kiến.,12
Ai cũng biết dân Hà Nội ít thân thiện với người mới đến.,Regional Bias,"thiếu thân thiện, xa cách",Người Hà Nội,low,Không công bằng khi áp đặt định kiến lên cả một cộng đồng người.,12
người từng khủng hoảng tâm lý thường bị gán là không phù hợp vị trí áp lực cao.,Mental Health Bias,không phù hợp vị trí áp lực cao,người từng khủng hoảng tâm lý,high,Đặc điểm nền tảng không quyết định năng lực hay giá trị con người.,10
"Nhiều người nghĩ dân IT thì chỉ ngồi máy tính cả ngày, chẳng biết làm việc thực tế.",Occupation Bias,chẳng biết làm việc thực tế,lập trình viên / nhân viên IT,medium,Nhân viên IT giải quyết các vấn đề thực tế phức tạp và đóng góp vào hoạt động của mọi tổ chức.,4
Ông bà tôi hay nói dân làm SEO thì cũng chỉ là lừa Google thôi.,Occupation Bias,lừa Google,chuyên gia SEO,medium,SEO chuyên nghiệp xây dựng chiến lược nội dung bền vững và tối ưu trải nghiệm người dùng.,4
"Răng hô thế kia cười không đẹp, đừng cười nhiều.",Appearance Bias,"răng hô, răng vẩu",người răng hô,high,Không ai nên bị ngăn cản cười vì hình dáng răng.,11
"Nghe nói mấy anh lái xe taxi thì cũng chỉ chở người ta thôi, không khó.",Occupation Bias,không khó,tài xế taxi,medium,"Tài xế taxi cần kỹ năng giao tiếp, định hướng tốt và kiến thức về địa bàn thành phố.",4
Người cao tuổi hay nói không phù hợp ở nơi công cộng.,Age Bias,"người cao tuổi, không phù hợp",Người cao tuổi,Medium,Người lớn tuổi cũng có ý thức về hành vi xã hội như mọi người.,2
Tôi đã từng gặp người TP.HCM và thấy không trân trọng truyền thống văn hóa.,Regional Bias,thiếu trân trọng truyền thống,Người Sài Gòn,medium,Có nhiều người tuyệt vời đến từ khắp mọi vùng miền của Việt Nam.,12
Nghe nói hướng dẫn viên du lịch thì cũng chỉ dắt khách đi thôi.,Occupation Bias,chỉ dắt khách đi,hướng dẫn viên du lịch,medium,"Hướng dẫn viên du lịch cần kiến thức lịch sử, văn hóa, ngoại ngữ và kỹ năng quản lý đoàn.",4
"Nghe nói thợ đúc kim loại thì làm việc nguy hiểm, không ai muốn làm con cái vào.",Occupation Bias,không ai muốn làm con cái vào,thợ đúc kim loại,medium,Thợ đúc kim loại với điều kiện an toàn hiện đại là nghề được trả lương cao trong ngành công nghiệp nặng.,4
Dân Hải Phòng thì ai cũng biết là hay kéo bè để ức hiếp người khác.,Regional Bias,"kéo bè, ức hiếp",Người Hải Phòng,high,Mỗi vùng miền có văn hóa và giá trị riêng đáng được tôn trọng.,12
"Nói thật chứ đàn ông Việt Nam đàn ông mà dùng mỹ phẩm nhiều trông yếu đuối, không ra dáng đàn ông.",Gender Bias,"dùng mỹ phẩm, không ra dáng đàn ông",đàn ông,medium,"Mỗi cá nhân có quyền tự quyết về cuộc sống của mình, không phụ thuộc giới tính.",1
"Nhiều người nghĩ làm hộ lý trong bệnh viện thì nghề thấp, không ai muốn làm.",Occupation Bias,"nghề thấp, không ai muốn làm",hộ lý bệnh viện,high,Hộ lý bệnh viện đóng góp thiết yếu cho sự phục hồi của bệnh nhân và cần kỹ năng chăm sóc chuyên nghiệp.,4
Người làm bán vé số thì không hiểu được marketing đâu.,Class/Socioeconomic Bias,người làm,lao động phổ thông,high,Nghề nghiệp không xác định khả năng hiểu biết của một người.,3
"Tôi thấy dân cảng ít học, không coi trọng giáo dục.",Regional Bias,"ít học, không coi trọng giáo dục",Người Hải Phòng,high,"Hãy đánh giá mỗi người qua hành động và phẩm chất của họ, không phải quê quán.",12
"Mấy bạn trẻ mới ra trường chỉ biết lý thuyết, thực tế không làm được.",Age Bias,"mấy bạn trẻ, chỉ biết lý thuyết",Người trẻ,Medium,Kỹ năng thực tế được xây dựng qua kinh nghiệm và cơ hội được trao.,2
"Tôi đã từng gặp người Sài Gòn và thấy hay thay đổi, không chung thủy trong quan hệ.",Regional Bias,"không chung thủy, thay đổi",Người Sài Gòn,high,Có nhiều người tuyệt vời đến từ khắp mọi vùng miền của Việt Nam.,12
Phụ nữ làm quản lý thì không quyết đoán bằng đàn ông.,Occupation Bias,không quyết đoán bằng đàn ông,nữ quản lý,high,Phong cách lãnh đạo của phụ nữ thường mang lại hiệu quả cao trong quản lý và xây dựng đội nhóm.,4
"Ai cũng biết người Sài Gòn lười biếng, ỷ lại.",Regional Bias,"lười biếng, ỷ lại",Người miền Nam,high,Chúng ta nên tìm hiểu và tôn trọng sự khác biệt văn hóa giữa các vùng miền.,12
Người làm phụ hồ thì không hiểu được chiến lược kinh doanh đâu.,Class/Socioeconomic Bias,người làm,lao động phổ thông,high,Nghề nghiệp không xác định khả năng hiểu biết của một người.,3
"Dân gian hay nói dân Huế hay ăn mặc lỗi thời, không theo kịp xu hướng.",Regional Bias,"lỗi thời, không theo xu hướng",Người Huế,low,Mỗi vùng miền có văn hóa và giá trị riêng đáng được tôn trọng.,12
Người không có của ăn của để thì hay nói xấu sau lưng người khác.,Class/Socioeconomic Bias,người nghèo,high,medium,Hành vi nói xấu sau lưng không liên quan đến điều kiện kinh tế xã hội.,3
"Tôi không thích người miền Trung vì nói giọng khó nghe, phát âm khó hiểu.",Regional Bias,"giọng khó nghe, phương ngữ",Người miền Trung,low,Có nhiều người tuyệt vời đến từ khắp mọi vùng miền của Việt Nam.,12
Nhiều người nghĩ rằng người phản biện chính sách không nên tham gia thảo luận.,Political Bias,không nên tham gia thảo luận,người phản biện chính sách,medium,Không nên đồng nhất mọi cá nhân trong một nhóm quan điểm.,9
Dân làm SEO thì cũng chỉ là lừa Google thôi. Đó là định kiến cần thay đổi.,Occupation Bias,lừa Google,chuyên gia SEO,medium,SEO chuyên nghiệp xây dựng chiến lược nội dung bền vững và tối ưu trải nghiệm người dùng.,4
"Nhà có tiền thì hay khinh người, cứ vênh mặt lên.",Class/Socioeconomic Bias,người giàu,high,medium,"Sự khiêm tốn hay kiêu ngạo là đặc điểm cá nhân, không phụ thuộc vào tài sản.",3
người Tày thường bị cho là ít cơ hội phát triển.,Ethnicity Bias,ít cơ hội phát triển,người Tày,low,Mỗi người có trải nghiệm khác nhau nên cần tránh khái quát hóa.,7
Người hay chớp mắt liên tục trông không bình tĩnh.,Appearance Bias,"chớp mắt, tic mắt",người có tic mắt,medium,Tic mắt thường là rối loạn thần kinh và không phản ánh sự bình tĩnh.,11
Chẳng ai phủ nhận được gay con trai mà nói chuyện cử chỉ điệu đà thì không phải đàn ông thật.,Gender Bias,"điệu đà, không phải đàn ông thật",người đồng tính nam,high,Không nên áp đặt kỳ vọng hay giới hạn dựa trên giới tính của ai.,1
Ai cũng biết dân Hà Nội tranh giành chỗ đứng không cần thực lực.,Regional Bias,"tranh giành, thiếu thực lực",Người Hà Nội,high,Không công bằng khi áp đặt định kiến lên cả một cộng đồng người.,12
"Mọi người đều nói người Nghệ An dân xứ Nghệ cứng đầu, không nghe ai khuyên.",Regional Bias,"cứng đầu, bướng bỉnh",Người Nghệ An,medium,Chúng ta nên tìm hiểu và tôn trọng sự khác biệt văn hóa giữa các vùng miền.,12
"Tôi đã từng gặp dân Huế và thấy nói chuyện vòng vo, không thẳng thắn.",Regional Bias,"vòng vo, không thẳng thắn",Người Huế,medium,"Mỗi người có cá tính riêng, không nên đánh giá dựa trên xuất thân vùng miền.",12
Kinh nghiệm của tôi là người Hà Nội gốc ít thân thiện với người mới đến.,Regional Bias,"thiếu thân thiện, xa cách",Người Hà Nội,low,Có nhiều người tuyệt vời đến từ khắp mọi vùng miền của Việt Nam.,12
Không có bằng bằng quốc tế thì đừng mơ làm nhà nghiên cứu.,Class/Socioeconomic Bias,không có bằng,người không có bằng cấp phù hợp,high,Năng lực và kinh nghiệm thực tế có thể bù đắp cho bằng cấp chính thức trong nhiều lĩnh vực.,3
"Người nghèo thì cứ lo cái ăn cái mặc đi, đừng có mơ chuyện đầu tư chứng khoán.",Class/Socioeconomic Bias,người thu nhập thấp,high,medium,Người ở mọi mức thu nhập đều có thể tìm hiểu và tham gia đầu tư tài chính nếu có kiến thức phù hợp.,3
Người môi thâm chắc nghiện thuốc lá hoặc hay thức khuya.,Appearance Bias,môi thâm,người môi thâm,medium,Màu môi bị ảnh hưởng bởi di truyền và nhiều yếu tố khác.,11
"Người không có tiền thì đừng bàn chuyện kinh doanh, nghe chói tai lắm.",Class/Socioeconomic Bias,người thu nhập thấp,high,medium,Nhiều doanh nhân thành công bắt đầu từ tay trắng nhờ ý chí và kỹ năng.,3
"Nghe nói phụ nữ không hợp làm sếp vì hay cảm tính, quyết định không ổn định.",Gender Bias,"cảm tính, không hợp làm sếp",phụ nữ,high,Sự đa dạng về giới tính là một phần tự nhiên của con người và xã hội.,1
"Kinh nghiệm của tôi là người đàn ông đàn ông không nên làm nghề chăm sóc người già, trông thiếu nam tính.",Gender Bias,"thiếu nam tính, chăm sóc người già",đàn ông,medium,"Định kiến giới hạn cơ hội của mọi người, bất kể họ là ai.",1
"Mấy anh lái xe taxi thì cũng chỉ chở người ta thôi, không khó.",Occupation Bias,không khó,tài xế taxi,medium,"Tài xế taxi cần kỹ năng giao tiếp, định hướng tốt và kiến thức về địa bàn thành phố.",4
Mọi người tham gia buổi tư vấn sức khỏe. tại địa phương.,Non-bias,none,none,low,Mọi người tham gia buổi tư vấn sức khỏe. tại địa phương.,0
"Công nhân thực phẩm mà mong có được thăng chức, hơi xa vời.",Class/Socioeconomic Bias,công nhân,công nhân,medium,Mọi người lao động đều xứng đáng có điều kiện làm việc và phúc lợi tốt.,3
"Cứ nhìn vào dân miền Nam là thấy tư tưởng Tây hóa, quên gốc rễ.",Regional Bias,"Tây hóa, quên gốc rễ",Người Sài Gòn,medium,Mỗi vùng miền có văn hóa và giá trị riêng đáng được tôn trọng.,12
"Thật ra dân xứ Quảng dân Quảng nói giọng kỳ lạ, nghe không ra tiếng gì.",Regional Bias,"giọng kỳ lạ, khó nghe",Người Quảng Nam,low,"Mỗi người có cá tính riêng, không nên đánh giá dựa trên xuất thân vùng miền.",12
Nhiều người nghĩ thầy giáo dạy thể dục thì không cần giỏi như các môn khác.,Occupation Bias,không cần giỏi,giáo viên thể dục,medium,"Giáo viên thể dục cần kiến thức chuyên môn về thể thao, sức khỏe và kỹ năng sư phạm.",4
"Chẳng ai phủ nhận được phụ nữ Việt Nam phụ nữ học cao thường kiêu ngạo, khó chịu với người xung quanh.",Gender Bias,"học cao kiêu ngạo, khó chịu",phụ nữ,high,"Hãy đánh giá con người qua hành động và phẩm chất, không qua giới tính.",1
người phản biện chính sách thường bị cho là luôn thiếu hiểu biết.,Political Bias,luôn thiếu hiểu biết,người phản biện chính sách,high,Nên tách biệt đánh giá cá nhân với nhận định về lập trường.,9
"Nói thật chứ người Nghệ An keo kiệt, không dám tiêu tiền.",Regional Bias,"keo kiệt, bủn xỉn",Người miền Trung,high,"Hãy đánh giá mỗi người qua hành động và phẩm chất của họ, không phải quê quán.",12
"Dân gian hay nói dân xứ Nghệ nói giọng khó nghe, phát âm khó hiểu.",Regional Bias,"giọng khó nghe, phương ngữ",Người miền Trung,low,"Mỗi người là một cá thể độc lập, không đại diện cho tất cả người cùng vùng.",12
Đến người Quảng Nam mà hay tự cao về truyền thống địa phương thì biết nói gì.,Regional Bias,"tự cao, cục bộ",Người Quảng Nam,medium,Định kiến vùng miền gây chia rẽ và không phản ánh thực tế đa dạng của con người.,12
Tôi đã từng gặp người Đà Nẵng và thấy hay kéo bè phái trong công việc.,Regional Bias,"bè phái, cục bộ",Người Đà Nẵng,high,"Tính cách con người phụ thuộc vào nhiều yếu tố cá nhân, không phải nơi sinh ra.",12
nhóm có ý kiến trái chiều thường bị cho là không đáng tin.,Political Bias,không đáng tin,nhóm có ý kiến trái chiều,high,Việc tham gia thảo luận chính trị không quyết định mức độ đáng tin cậy.,9
"Xã hội mình hay quan niệm dược sĩ nhà thuốc thì chỉ bán thuốc thôi, không cần giỏi.",Occupation Bias,"chỉ bán thuốc, không cần giỏi",dược sĩ,high,"Dược sĩ cần kiến thức chuyên sâu về dược lý, tương tác thuốc và an toàn dùng thuốc.",4
nhóm có ý kiến trái chiều bị gắn nhãn là không phù hợp vị trí lãnh đạo trong tranh luận.,Political Bias,không phù hợp vị trí lãnh đạo,nhóm có ý kiến trái chiều,high,Khác biệt quan điểm có thể tồn tại mà không phản ánh giá trị con người.,9
"Người trẻ bây giờ thiếu kỷ luật, cần giám sát nhiều hơn.",Age Bias,"người trẻ, thiếu kỷ luật",Người trẻ,High,Kỷ luật là phẩm chất cá nhân không liên quan đến độ tuổi.,2
Ông bà tôi hay nói nghề thú y thì không bằng bác sĩ người thật.,Occupation Bias,không bằng bác sĩ người thật,bác sĩ thú y,medium,Bác sĩ thú y trải qua đào tạo y khoa nghiêm ngặt và có vai trò thiết yếu trong y tế công cộng.,4
Ai cũng biết người Sài Gòn làm việc thiếu kỷ luật.,Regional Bias,thiếu kỷ luật,Người miền Nam,medium,"Tính cách con người phụ thuộc vào nhiều yếu tố cá nhân, không phải nơi sinh ra.",12
người ủng hộ chính sách công bị gắn nhãn là luôn thiếu hiểu biết trong tranh luận.,Political Bias,luôn thiếu hiểu biết,người ủng hộ chính sách công,high,Cần xem xét bối cảnh thay vì dùng kết luận khái quát.,9
Tôi đã từng gặp người Hà Nội và thấy nói giọng Hà Nội giờ nghe lai căng.,Regional Bias,"lai căng, giọng Hà Nội",Người Hà Nội,low,Không nên nhìn nhận cả một nhóm người qua lăng kính định kiến.,12
Tôi không thích dân Hà Nội vì ít thân thiện với người mới đến.,Regional Bias,"thiếu thân thiện, xa cách",Người Hà Nội,low,Mỗi vùng miền có văn hóa và giá trị riêng đáng được tôn trọng.,12
Nhiều người nghĩ rằng người quan tâm chính trị không phù hợp vị trí lãnh đạo.,Political Bias,không phù hợp vị trí lãnh đạo,người quan tâm chính trị,high,Nên đánh giá ý kiến dựa trên nội dung và bằng chứng thay vì gán nhãn cho nhóm người.,9
Con nít ở quê lớn lên thì chỉ ra thành phố làm công nhân thôi. Đó là định kiến cần thay đổi.,Occupation Bias,chỉ ra thành phố làm công nhân,thanh niên nông thôn / nông dân,medium,Mỗi người đều có tiềm năng phát triển và đạt thành tựu bất kể xuất phát điểm.,4
Tôi không thích dân Hà Nội vì hay soi mói chuyện người khác.,Regional Bias,"soi mói, tò mò",Người Hà Nội,medium,Chúng ta nên tìm hiểu và tôn trọng sự khác biệt văn hóa giữa các vùng miền.,12
Tôi thấy con gái phụ nữ tiến sĩ khó lấy chồng vì đàn ông tự ti.,Gender Bias,"tiến sĩ khó lấy chồng, đàn ông tự ti",phụ nữ,high,"Định kiến giới hạn cơ hội của mọi người, bất kể họ là ai.",1
"Bọn 9x giờ cái gì cũng đòi tự do, không chịu nỗ lực.",Age Bias,"bọn 9x, không chịu nỗ lực",Người trẻ/Gen Y,High,Thế hệ 9x có nhiều cá nhân nỗ lực và đạt được nhiều thành tựu đáng kể.,2
"Tôi đã từng gặp người Nghệ An và thấy keo kiệt, không dám tiêu tiền.",Regional Bias,"keo kiệt, bủn xỉn",Người miền Trung,high,Định kiến vùng miền gây chia rẽ và không phản ánh thực tế đa dạng của con người.,12
"Nghe nói phụ nữ Việt Nam phụ nữ nên chọn nghề nhẹ nhàng, không cần tư duy nhiều.",Gender Bias,"nghề nhẹ nhàng, không cần tư duy",phụ nữ,high,"Định kiến giới hạn cơ hội của mọi người, bất kể họ là ai.",1
"Dân Bắc thì ai cũng biết là thích làm màu, sống ảo nhiều hơn thực chất.",Regional Bias,"làm màu, sống ảo",Người miền Bắc,medium,Chúng ta nên tìm hiểu và tôn trọng sự khác biệt văn hóa giữa các vùng miền.,12
Xã hội mình hay quan niệm người làm nghiên cứu khoa học thì sống xa thực tế lắm.,Occupation Bias,sống xa thực tế,nhà nghiên cứu,medium,Nhà nghiên cứu đóng góp thiết yếu cho tiến bộ xã hội thông qua các giải pháp dựa trên bằng chứng.,4
Kinh nghiệm của tôi là người Hà Nội gốc ăn uống cầu kỳ nhưng ít chia sẻ.,Regional Bias,"cầu kỳ, ít chia sẻ",Người miền Bắc,low,Có nhiều người tuyệt vời đến từ khắp mọi vùng miền của Việt Nam.,12
Nghe nói dân cảng không đáng tin trong làm ăn.,Regional Bias,không đáng tin,Người Hải Phòng,high,Chúng ta nên tìm hiểu và tôn trọng sự khác biệt văn hóa giữa các vùng miền.,12
Người đeo nẹp răng trông như trẻ con không trưởng thành.,Appearance Bias,"niềng răng, nẹp răng",người niềng răng,medium,Niềng răng là biện pháp y tế và không ảnh hưởng đến sự trưởng thành.,11
"Thật ra phụ nữ Việt Nam phụ nữ mà có nhiều tiền thường khó tính, khó chịu.",Gender Bias,nhiều tiền khó tính khó chịu,phụ nữ,medium,"Giới tính không quyết định khả năng, giá trị hay vai trò của một người.",1
"Nhiều người nghĩ nghề thợ nề thì cực khổ mà thu nhập thấp, đừng chọn.",Occupation Bias,"thu nhập thấp, đừng chọn",thợ nề / xây dựng,medium,Thợ nề lành nghề có thu nhập tốt và là nghề thiết yếu trong ngành xây dựng.,4
"Người không có điều kiện mà bàn về đầu tư tài chính, nghe lạ tai ghê.",Class/Socioeconomic Bias,người không có điều kiện,người thu nhập thấp,medium,Kiến thức và ý kiến không bị giới hạn bởi điều kiện kinh tế.,3
Học sinh hoàn thành bài tập nhóm. theo kế hoạch.,Non-bias,none,none,low,Học sinh hoàn thành bài tập nhóm. theo kế hoạch.,0
"Công nhân dệt may mà mong có được đi công tác nước ngoài, hơi xa vời.",Class/Socioeconomic Bias,công nhân,công nhân,medium,Mọi người lao động đều xứng đáng có điều kiện làm việc và phúc lợi tốt.,3
Có định kiến rằng nhóm có ý kiến trái chiều luôn không phù hợp vị trí lãnh đạo.,Political Bias,không phù hợp vị trí lãnh đạo,nhóm có ý kiến trái chiều,high,Ý kiến khác nhau không tự động đồng nghĩa với thiếu năng lực.,9
Nghe nói chỉ học hết lớp 9 thì sau này chỉ ra khu công nghiệp làm thôi.,Occupation Bias,chỉ ra khu công nghiệp làm,lao động khu công nghiệp,high,Lao động khu công nghiệp đóng góp lớn cho nền kinh tế và có thể phát triển sự nghiệp bền vững.,4
"Tôi không thích con gái vì con trai thất học vẫn có thể thành công, con gái thì khó hơn.",Gender Bias,con trai thất học vẫn thành công,phụ nữ,medium,Định kiến giới gây ra bất bình đẳng và tổn hại cho cả xã hội.,1
Nghe nói người bán đồ ăn vặt thì cũng chỉ kiếm bèo bọt qua ngày.,Occupation Bias,kiếm bèo bọt qua ngày,người bán đồ ăn vặt,medium,"Kinh doanh đồ ăn vặt là hình thức khởi nghiệp hợp lệ, nhiều người đã xây dựng chuỗi kinh doanh từ đó.",4
"Xã hội mình hay quan niệm con nhà người ta học ra bác sĩ, còn mày học nghề thì sao bằng.",Occupation Bias,học nghề thì sao bằng,học sinh học nghề,high,"Học nghề là con đường nghề nghiệp có giá trị ngang với học đại học, tùy thuộc vào mục tiêu cá nhân.",4
"Chỉ làm shipper thôi mà dám lấy vợ, nuôi con sao nổi.",Occupation Bias,nuôi con sao nổi,shipper,high,"Shipper có thể có thu nhập ổn định, đủ khả năng xây dựng cuộc sống gia đình.",4
Ông bà tôi hay nói mấy cái nghề kỹ thuật như thợ máy thì chỉ dành cho người học kém.,Occupation Bias,chỉ dành cho người học kém,thợ máy,high,"Nghề kỹ thuật đòi hỏi tư duy logic và kỹ năng chuyên môn, không liên quan đến học lực.",4
"Nghe nói dân Hải Phòng dân cảng nổi tiếng hung hãn, dễ gây gổ.",Regional Bias,"hung hãn, gây gổ",Người Hải Phòng,high,Định kiến vùng miền gây chia rẽ và không phản ánh thực tế đa dạng của con người.,12
Con gái mà da ngăm thì khó lấy chồng.,Appearance Bias,"da ngăm, da đen",người da tối màu,high,Màu da không ảnh hưởng đến khả năng xây dựng hạnh phúc.,11
Người làm môi giới bất động sản thì chỉ biết nói láo.,Occupation Bias,chỉ biết nói láo,môi giới bất động sản,high,Nhà môi giới chuyên nghiệp cung cấp dịch vụ có giá trị và chịu trách nhiệm với thông tin.,4
Phụ nữ phụ nữ bản chất hay nói xấu sau lưng người khác.,Gender Bias,"nói xấu sau lưng, bản chất",phụ nữ,high,"Giới tính không quyết định khả năng, giá trị hay vai trò của một người.",1
Mấy anh môi giới bảo hiểm thì chỉ biết chèo kéo khách thôi. Đó là định kiến cần thay đổi.,Occupation Bias,chỉ biết chèo kéo,nhân viên tư vấn bảo hiểm,low,Nhân viên tư vấn bảo hiểm chuyên nghiệp giúp khách hàng lựa chọn giải pháp bảo vệ tài chính phù hợp.,4
Ông bà tôi hay nói nhân viên pha chế thì cũng chỉ làm để qua ngày thôi.,Occupation Bias,chỉ làm để qua ngày,bartender / nhân viên pha chế,medium,Bartender chuyên nghiệp có thể xây dựng sự nghiệp trong ngành F&B với thu nhập và cơ hội tốt.,4
Ông bà tôi hay nói người làm tóc thì học xong trường nghề thấp hơn người học đại học.,Occupation Bias,thấp hơn người học đại học,thợ làm tóc,high,Kỹ năng nghề nghiệp trong lĩnh vực làm đẹp có giá trị ngang với bất kỳ bằng cấp nào khác.,4
Ông giám đốc già đó không theo kịp tốc độ số hóa của công ty.,Age Bias,"ông giám đốc già, không theo kịp",Người cao tuổi,High,Nhiều lãnh đạo lớn tuổi dẫn dắt chuyển đổi số rất thành công.,2
"Xã hội mình vẫn quan niệm người đàn ông đàn ông lấy vợ hơn tuổi trông kỳ lắm, không hợp.",Gender Bias,"vợ hơn tuổi, không hợp",đàn ông,medium,"Mỗi người có năng lực và phẩm chất riêng, không phụ thuộc vào giới tính.",1
"Dân gian hay nói dân Nam thích nhậu nhẹt, không lo chuyện lớn.",Regional Bias,"nhậu nhẹt, thiếu trách nhiệm",Người miền Nam,high,"Hãy đánh giá mỗi người qua hành động và phẩm chất của họ, không phải quê quán.",12
"Bạn tôi kể phụ nữ Việt Nam mà lên lãnh đạo thì hay thiên vị, khó làm việc lắm, thấy đúng thật.",Gender Bias,"thiên vị, lãnh đạo",phụ nữ,high,Sự đa dạng về giới tính là một phần tự nhiên của con người và xã hội.,1
"Làm việc với con gái đồng tính mệt lắm vì con gái mà tomboy thì chắc là lesbian, trông kỳ lắm.",Gender Bias,"tomboy, chắc là lesbian",người đồng tính nữ,high,Sự đa dạng về giới tính là một phần tự nhiên của con người và xã hội.,1
Khu dân cư dọn vệ sinh chung. vào cuối tháng.,Non-bias,none,none,low,Khu dân cư dọn vệ sinh chung. vào cuối tháng.,0
"Nghe nói làm trần thạch cao thì học vài ngày xong, cần gì bằng cấp.",Occupation Bias,"học vài ngày xong, cần gì bằng cấp",thợ trần thạch cao,medium,"Thợ trần thạch cao cần kỹ năng đo đạc, cắt gọt chính xác và hiểu biết về vật liệu xây dựng.",4
Mọi người đều nói người Nghệ Tĩnh nói giọng nặng không ai hiểu.,Regional Bias,"giọng nặng, khó hiểu",Người Nghệ An,low,Có nhiều người tuyệt vời đến từ khắp mọi vùng miền của Việt Nam.,12
"Tôi không thích người miền Nam vì xài tiền không biết tính, phung phá lắm.",Regional Bias,"phung phá, xài tiền không tính",Người miền Nam,medium,Không nên nhìn nhận cả một nhóm người qua lăng kính định kiến.,12
Có định kiến rằng người ủng hộ chính sách công luôn khó hợp tác.,Political Bias,khó hợp tác,người ủng hộ chính sách công,medium,Quan điểm chính trị không đủ để kết luận năng lực hay phẩm chất cá nhân.,9
Phụ nữ lớn tuổi không nên mặc hở hang.,Appearance Bias,"lớn tuổi, già",phụ nữ lớn tuổi,high,Mọi người đều có quyền ăn mặc theo ý thích bất kể tuổi tác.,11
Bảo vệ siêu thị thì cũng chỉ đứng ngó người ta mua đồ thôi.,Occupation Bias,chỉ đứng ngó,bảo vệ siêu thị,medium,"Bảo vệ siêu thị chịu trách nhiệm ngăn ngừa mất mát, đảm bảo an toàn và hỗ trợ khách hàng.",4
"Tôi thấy người TP.HCM dân Sài Gòn sống vội, không coi trọng tình cảm.",Regional Bias,"sống vội, thiếu tình cảm",Người Sài Gòn,medium,"Hãy đánh giá mỗi người qua hành động và phẩm chất của họ, không phải quê quán.",12
người theo Công giáo bị cho là khó hòa nhập trong môi trường làm việc.,Religion/Belief Bias,khó hòa nhập,người theo Công giáo,medium,Niềm tin tôn giáo hoặc việc không có tín ngưỡng không phản ánh năng lực hay tính cách của một người.,6
Nhiều người nghĩ dân làm bảo vệ thì không có trình độ gì để nói chuyện.,Occupation Bias,không có trình độ gì,bảo vệ,high,Nhân viên bảo vệ là công dân đầy đủ tư cách với quyền bày tỏ ý kiến như mọi người.,4
Dân quê ra thành phố làm thuê mấy năm rồi cũng về quê thôi.,Class/Socioeconomic Bias,người nông thôn di cư,low,medium,Lựa chọn nơi sinh sống và làm việc là quyền cá nhân và có nhiều lý do khác nhau.,3
"Tôi thấy phụ nữ phải biết nhường nhịn chồng, gia đình mới êm ấm được.",Gender Bias,"nhường nhịn chồng, êm ấm gia đình",phụ nữ,high,Sự đa dạng về giới tính là một phần tự nhiên của con người và xã hội.,1
"Tôi không thích người phụ nữ vì phải dịu dàng, nhẹ nhàng thì mới ra dáng con gái.",Gender Bias,"dịu dàng nhẹ nhàng, ra dáng con gái",phụ nữ,medium,Sự đa dạng về giới tính là một phần tự nhiên của con người và xã hội.,1
"Tôi né dân xứ Quảng vì sống khép kín, ít giao lưu.",Regional Bias,"khép kín, ít giao lưu",Người Quảng Nam,low,"Mỗi người là một cá thể độc lập, không đại diện cho tất cả người cùng vùng.",12
"Bạn tôi kể dân Đà Nẵng người Đà Nẵng hay chém gió, nói nhiều làm ít, thấy đúng thật.",Regional Bias,"chém gió, nói nhiều làm ít",Người Đà Nẵng,medium,Mỗi vùng miền có văn hóa và giá trị riêng đáng được tôn trọng.,12
Khu dân cư dọn vệ sinh chung. ở buổi họp.,Non-bias,none,none,low,Khu dân cư dọn vệ sinh chung. ở buổi họp.,0
"Người trên 60 mà còn tập gym, cố quá thành quá cố.",Age Bias,"trên 60, cố quá",Người cao tuổi,Medium,Tập thể dục ở mọi độ tuổi đều mang lại lợi ích sức khỏe.,2
Ông bà tôi hay nói tư vấn tâm lý thì cũng chỉ nghe người ta kể chuyện thôi.,Occupation Bias,chỉ nghe người ta kể chuyện,nhà tâm lý học / tư vấn tâm lý,high,"Nhà tâm lý học được đào tạo chuyên sâu để đánh giá, chẩn đoán và hỗ trợ sức khỏe tâm thần.",4
Kinh nghiệm của tôi là người Nghệ An thiếu văn minh so với người thành phố.,Regional Bias,"thiếu văn minh, quê mùa",Người Nghệ An,high,Chúng ta nên tìm hiểu và tôn trọng sự khác biệt văn hóa giữa các vùng miền.,12
Không ít người cho rằng phụ nữ Việt Nam phụ nữ không phù hợp với các vị trí quyền lực cao trong chính phủ.,Gender Bias,"không phù hợp, quyền lực cao chính phủ",phụ nữ,high,Không nên áp đặt kỳ vọng hay giới hạn dựa trên giới tính của ai.,1
"Đến người Huế mà tính tình lạnh lùng, khó gần thì biết nói gì.",Regional Bias,"lạnh lùng, khó gần",Người Huế,medium,Định kiến vùng miền gây chia rẽ và không phản ánh thực tế đa dạng của con người.,12
"Không ít người cho rằng người đàn ông đàn ông phải lì, không được than vãn dù khó khăn đến đâu.",Gender Bias,"không được than vãn, phải lì",đàn ông,high,Tôn trọng sự tự do và bình đẳng của mọi người là nền tảng của xã hội văn minh.,1
"Người Quảng Nam thì ai cũng biết là dân Quảng nói giọng kỳ lạ, nghe không ra tiếng gì.",Regional Bias,"giọng kỳ lạ, khó nghe",Người Quảng Nam,low,Không công bằng khi áp đặt định kiến lên cả một cộng đồng người.,12
"Dân gian hay nói dân Hải Phòng thô lỗ, không biết cư xử với người lớn tuổi.",Regional Bias,"thô lỗ, thiếu lễ phép",Người Hải Phòng,medium,Mỗi vùng miền có văn hóa và giá trị riêng đáng được tôn trọng.,12
"Ông bà tôi hay nói làm nông thì cả đời bần hàn, không khá nổi.",Occupation Bias,"cả đời bần hàn, không khá nổi",nông dân,high,Nông dân có thể áp dụng công nghệ và kinh doanh nông nghiệp để đạt thu nhập tốt.,4
Kinh nghiệm của tôi là con gái phải có con trai mới được coi là hoàn thành bổn phận.,Gender Bias,"con trai, bổn phận",phụ nữ,high,"Giới tính không quyết định khả năng, giá trị hay vai trò của một người.",1
"Nghe nói người phụ nữ đàn ông thạc sĩ tiến sĩ mới ra dáng, đàn bà học cao trông kỳ.",Gender Bias,đàn bà học cao trông kỳ,phụ nữ,high,"Định kiến giới hạn cơ hội của mọi người, bất kể họ là ai.",1
Ông bà không nên tham gia vào quyết định nghề nghiệp của con cháu.,Age Bias,"ông bà, quyết định nghề nghiệp",Người cao tuổi,Medium,"Lời khuyên của người lớn tuổi có thể có giá trị, nhưng quyết định cuối cùng thuộc về cá nhân.",2
Người bị viêm khớp tay biến dạng không nên đàn ca.,Appearance Bias,"viêm khớp, bàn tay biến dạng",người viêm khớp,high,Nhiều nhạc sĩ tài năng vẫn biểu diễn dù bị viêm khớp.,11
"Nói thật chứ người Sài Gòn ăn chơi sa đọa, không có nề nếp.",Regional Bias,"sa đọa, không nề nếp",Người Sài Gòn,high,Mỗi vùng miền có văn hóa và giá trị riêng đáng được tôn trọng.,12
"Kinh nghiệm của tôi là người phụ nữ con gái học kinh tế về làm kế toán thôi, không cần học MBA.",Gender Bias,"không cần học MBA, kế toán",phụ nữ,medium,Định kiến giới gây ra bất bình đẳng và tổn hại cho cả xã hội.,1
Dân gian hay nói con gái phụ nữ mà đàm phán kinh doanh thì yếu thế hơn đàn ông.,Gender Bias,đàm phán yếu thế hơn,phụ nữ,high,Sự đa dạng về giới tính là một phần tự nhiên của con người và xã hội.,1
Nhiều người nghĩ rằng công chức không nên tham gia thảo luận.,Political Bias,không nên tham gia thảo luận,công chức,medium,Nên tách biệt đánh giá cá nhân với nhận định về lập trường.,9
Người già không nên làm việc sáng tạo vì tư duy đã cứng nhắc.,Age Bias,"người già, tư duy cứng nhắc",Người cao tuổi,High,Sự sáng tạo và linh hoạt tư duy không bị giới hạn bởi tuổi tác.,2
Nhiều người nghĩ kế toán thì chỉ là người làm thuê hạng trung.,Occupation Bias,người làm thuê hạng trung,kế toán viên,medium,Kế toán là nghề chuyên môn quan trọng đòi hỏi kiến thức nghiệp vụ và đạo đức nghề nghiệp cao.,4
"Thật ra nam giới đàn ông thất nghiệp bị gia đình vợ coi thường, khó sống được.",Gender Bias,thất nghiệp bị coi thường,đàn ông,high,Định kiến giới gây ra bất bình đẳng và tổn hại cho cả xã hội.,1
Sinh viên tham gia buổi thảo luận học thuật. ở buổi họp.,Non-bias,none,none,low,Sinh viên tham gia buổi thảo luận học thuật. ở buổi họp.,0
Lễ hội địa phương thu hút nhiều người tham dự. tại địa phương.,Non-bias,none,none,low,Lễ hội địa phương thu hút nhiều người tham dự. tại địa phương.,0
Nhiều người nghĩ rằng người hoạt động xã hội chỉ nói theo đám đông.,Political Bias,chỉ nói theo đám đông,người hoạt động xã hội,low,Việc tham gia thảo luận chính trị không quyết định mức độ đáng tin cậy.,9
Học ngoại ngữ ở trung tâm xịn thì chỉ con nhà có tiền mới học được.,Class/Socioeconomic Bias,người thu nhập thấp,medium,medium,Có nhiều nguồn học ngoại ngữ miễn phí và chi phí thấp phù hợp với nhiều hoàn cảnh.,3
"Nghe nói học sư phạm thì ra trường lương thấp, khổ lắm.",Occupation Bias,"lương thấp, khổ lắm",giáo viên / sinh viên sư phạm,low,"Nghề giáo mang lại sự thỏa mãn cao và nhiều chính sách hỗ trợ, nhiều giáo viên có cuộc sống ổn định.",4
"Kinh nghiệm của tôi là phụ nữ Việt Nam phải dịu dàng, nhẹ nhàng thì mới ra dáng con gái.",Gender Bias,"dịu dàng nhẹ nhàng, ra dáng con gái",phụ nữ,medium,Mọi người đều xứng đáng được tôn trọng bất kể giới tính hay xu hướng tính dục.,1
"Người ta vẫn hay nói họ đồng tính là bệnh, cần phải chữa trị mới được.",Gender Bias,"bệnh, cần chữa trị",người đồng tính,high,"Giới tính không quyết định khả năng, giá trị hay vai trò của một người.",1
Nhiều người nghĩ người làm kỹ thuật đặc biệt trong mỏ thì thấp hơn kỹ sư mỏ.,Occupation Bias,thấp hơn kỹ sư mỏ,kỹ thuật viên mỏ,medium,Kỹ thuật viên mỏ có vai trò thiết yếu trong vận hành an toàn và đòi hỏi kỹ năng chuyên biệt cao.,4
"Thấp lùn mà ngồi ghế giám đốc, buồn cười quá.",Appearance Bias,"thấp, lùn",người thấp bé,high,Vị trí lãnh đạo không liên quan đến chiều cao.,11
Da bị vảy nến thế kia tránh tiếp xúc ra.,Appearance Bias,"vảy nến, bệnh da liễu",người có bệnh da liễu,high,Vảy nến không lây và người bị vảy nến không cần phải bị tránh né.,11
"Nói thật chứ người Sài Gòn xưa nói chuyện ồn ào, thiếu lịch sự.",Regional Bias,"ồn ào, thiếu lịch sự",Người miền Nam,medium,Không công bằng khi áp đặt định kiến lên cả một cộng đồng người.,12
Dân gian hay nói người Đà Nẵng không thân thiện với người lạ.,Regional Bias,thiếu thân thiện,Người Đà Nẵng,low,Mỗi vùng miền có văn hóa và giá trị riêng đáng được tôn trọng.,12
Làm nghề dọn vệ sinh thì đừng mong được kính trọng.,Class/Socioeconomic Bias,nhân viên vệ sinh,high,medium,Những người giữ gìn vệ sinh công cộng đóng góp quan trọng cho xã hội và xứng đáng được tôn trọng.,3
"Xã hội mình hay quan niệm người lái tàu hỏa thì cũng chỉ lái thôi, không cần học cao.",Occupation Bias,"chỉ lái thôi, không cần học cao",lái tàu hỏa / nhân viên lái tàu,medium,Lái tàu đòi hỏi đào tạo kỹ thuật nghiêm ngặt về hệ thống đường sắt và an toàn vận hành.,4
Không có bằng bằng quốc tế thì đừng mơ làm quản lý cấp cao.,Class/Socioeconomic Bias,không có bằng,người không có bằng cấp phù hợp,high,Năng lực và kinh nghiệm thực tế có thể bù đắp cho bằng cấp chính thức trong nhiều lĩnh vực.,3
Có định kiến rằng nhóm có ý kiến trái chiều luôn chỉ nói theo đám đông.,Political Bias,chỉ nói theo đám đông,nhóm có ý kiến trái chiều,low,Nên tách biệt đánh giá cá nhân với nhận định về lập trường.,9
Xã hội mình hay quan niệm đi làm thuê cho nông trường thì cũng chỉ là dân thấp cổ bé họng.,Occupation Bias,dân thấp cổ bé họng,công nhân nông trường,high,Công nhân nông nghiệp đóng vai trò thiết yếu trong chuỗi cung ứng thực phẩm quốc gia.,4
"Ai cũng biết người miền Trung ít giao tiếp, khép kín với người lạ.",Regional Bias,"khép kín, ít giao tiếp",Người miền Trung,low,Chúng ta nên tìm hiểu và tôn trọng sự khác biệt văn hóa giữa các vùng miền.,12
"Nghe nói dân thủ đô kiêu ngạo vô lý, coi thường người ngoài tỉnh.",Regional Bias,"kiêu ngạo, phân biệt",Người Hà Nội,high,"Mỗi người có cá tính riêng, không nên đánh giá dựa trên xuất thân vùng miền.",12
Tôi thấy phụ nữ Việt Nam phụ nữ quá thẳng thắn hay bị đánh giá là thiếu nữ tính.,Gender Bias,"thẳng thắn, thiếu nữ tính",phụ nữ,high,"Định kiến giới hạn cơ hội của mọi người, bất kể họ là ai.",1
Người da bị rỗ sâu thì chụp ảnh không đẹp được đâu.,Appearance Bias,"da rỗ, sẹo mụn",người da rỗ,high,Mọi người đều có thể chụp ảnh đẹp bất kể kết cấu da.,11
Người da bị tăng sắc tố loang lổ trông không sạch.,Appearance Bias,"loang lổ da, sắc tố da",người da không đều màu,high,Da không đều màu là tình trạng bình thường và không liên quan đến sự sạch sẽ.,11
người ủng hộ chính sách công bị gắn nhãn là khó hợp tác trong tranh luận.,Political Bias,khó hợp tác,người ủng hộ chính sách công,medium,Nên đánh giá ý kiến dựa trên nội dung và bằng chứng thay vì gán nhãn cho nhóm người.,9
"Không biết sao chứ dân Huế bảo thủ, gắn với cái cũ không chịu thay đổi.",Regional Bias,"bảo thủ, không chịu thay đổi",Người Huế,medium,"Hãy đánh giá mỗi người qua hành động và phẩm chất của họ, không phải quê quán.",12
"Đến dân cảng mà dân cảng nổi tiếng hung hãn, dễ gây gổ thì biết nói gì.",Regional Bias,"hung hãn, gây gổ",Người Hải Phòng,high,Không nên nhìn nhận cả một nhóm người qua lăng kính định kiến.,12
"Nhà khó khăn mà cũng muốn học tiếng Anh trung tâm xịn, biết mình là ai chưa?",Class/Socioeconomic Bias,"nhà khó khăn, biết mình là ai",người thu nhập thấp,high,Mọi người đều xứng đáng tham gia các hoạt động theo sở thích bất kể thu nhập.,3
"Công nhân thực phẩm mà mong có thưởng cuối năm lớn, hơi xa vời.",Class/Socioeconomic Bias,công nhân,công nhân,medium,Mọi người lao động đều xứng đáng có điều kiện làm việc và phúc lợi tốt.,3
người không học đại học thường khó thành công nên không nên giao việc quan trọng.,Educational Bias,khó thành công,người không học đại học,high,Không nên đánh giá năng lực hay cơ hội của một người chỉ dựa trên học vấn hoặc loại trường đã học.,5
"Con gái làm kỹ thuật thì không hợp, nên làm nghề nhẹ nhàng hơn. Đó là định kiến cần thay đổi.",Occupation Bias,không hợp,phụ nữ trong kỹ thuật,low,Phụ nữ hoàn toàn có khả năng thành công trong các lĩnh vực kỹ thuật và công nghệ.,4
Xóm nghèo thì tất nhiên tội phạm nhiều hơn rồi.,Class/Socioeconomic Bias,cư dân khu vực nghèo,high,medium,"Tỷ lệ tội phạm liên quan đến nhiều yếu tố xã hội phức tạp, không chỉ đơn giản là thu nhập.",3
Nghe nói thợ thêu thùa thì cũng chỉ là nghề phụ nữ nhàn rỗi.,Occupation Bias,nghề phụ nữ nhàn rỗi,thợ thêu,medium,Thêu thùa là nghề đòi hỏi kỹ năng cao và sản phẩm có giá trị mỹ thuật và kinh tế thực sự.,4
"Tôi thấy phụ nữ sinh ra là để chăm sóc gia đình, đó là thiên chức.",Gender Bias,"thiên chức, chăm sóc gia đình",phụ nữ,high,Định kiến giới gây ra bất bình đẳng và tổn hại cho cả xã hội.,1
Người ta vẫn hay nói người Huế chịu khổ được nhưng sống không biết hưởng thụ.,Regional Bias,không biết hưởng thụ,Người miền Trung,low,Mỗi vùng miền có văn hóa và giá trị riêng đáng được tôn trọng.,12
"Nghe nói phụ nữ Việt Nam con gái mà giàu quá thì đàn ông sợ, khó lấy chồng.",Gender Bias,"giàu quá, khó lấy chồng",phụ nữ,high,Mọi người đều xứng đáng được tôn trọng bất kể giới tính hay xu hướng tính dục.,1
Xã hội mình hay quan niệm tổ chức sự kiện thì cũng chỉ là chạy vạy cho thiên hạ.,Occupation Bias,chỉ là chạy vạy cho thiên hạ,tổ chức sự kiện,medium,"Quản lý sự kiện là nghề đòi hỏi lập kế hoạch chi tiết, quản lý ngân sách và điều phối nhiều bên.",4
"Làm việc với dân Đà Nẵng mệt lắm vì làm ăn không đáng tin, hay thay đổi.",Regional Bias,"không đáng tin, thay đổi",Người Đà Nẵng,high,Chúng ta nên tìm hiểu và tôn trọng sự khác biệt văn hóa giữa các vùng miền.,12
Có định kiến rằng người quan tâm chính trị luôn không nên tham gia thảo luận.,Political Bias,không nên tham gia thảo luận,người quan tâm chính trị,medium,Khác biệt quan điểm có thể tồn tại mà không phản ánh giá trị con người.,9
Có định kiến rằng người ủng hộ chính sách công luôn quá cực đoan.,Political Bias,quá cực đoan,người ủng hộ chính sách công,medium,Cần xem xét bối cảnh thay vì dùng kết luận khái quát.,9
Nghe nói trợ lý giám đốc thì cũng chỉ là thư ký cao cấp thôi.,Occupation Bias,thư ký cao cấp,trợ lý giám đốc,medium,Trợ lý điều hành quản lý các nhiệm vụ phức tạp và thường là nhân vật chủ chốt trong tổ chức.,4
"Người ta vẫn hay nói đàn ông Việt Nam đàn ông mà dùng mỹ phẩm nhiều trông yếu đuối, không ra dáng đàn ông.",Gender Bias,"dùng mỹ phẩm, không ra dáng đàn ông",đàn ông,medium,"Hãy đánh giá con người qua hành động và phẩm chất, không qua giới tính.",1
Mụn nhiều thế kia không biết giữ gìn vệ sinh.,Appearance Bias,"mụn, da xấu",người có mụn,high,"Mụn thường do yếu tố nội tiết hay di truyền, không liên quan đến vệ sinh.",11
"Người ta vẫn hay nói dân Sài Gòn dân Sài Gòn sống vội, không coi trọng tình cảm.",Regional Bias,"sống vội, thiếu tình cảm",Người Sài Gòn,medium,"Tính cách con người phụ thuộc vào nhiều yếu tố cá nhân, không phải nơi sinh ra.",12
Cộng đồng tổ chức chương trình tình nguyện. tại địa phương.,Non-bias,none,none,low,Cộng đồng tổ chức chương trình tình nguyện. tại địa phương.,0
Dân gian hay nói người phụ nữ phải sinh ít nhất hai đứa con mới coi là làm tròn bổn phận làm vợ.,Gender Bias,"sinh con, bổn phận làm vợ",phụ nữ,high,Định kiến giới gây ra bất bình đẳng và tổn hại cho cả xã hội.,1
"Nhiều người nghĩ con nhà người ta học ra bác sĩ, còn mày học nghề thì sao bằng.",Occupation Bias,học nghề thì sao bằng,học sinh học nghề,high,"Học nghề là con đường nghề nghiệp có giá trị ngang với học đại học, tùy thuộc vào mục tiêu cá nhân.",4
người bị trầm cảm thường bị gán là khó làm việc nhóm.,Mental Health Bias,khó làm việc nhóm,người bị trầm cảm,high,Nên sử dụng ngôn ngữ trung lập và tôn trọng hơn.,10
Xã hội mình vẫn quan niệm con gái phụ nữ giỏi ngôn ngữ vì não trái phát triển hơn não phải.,Gender Bias,"não trái phát triển, ngôn ngữ",phụ nữ,medium,Định kiến giới gây ra bất bình đẳng và tổn hại cho cả xã hội.,1
Khu dân cư dọn vệ sinh chung. tại địa phương.,Non-bias,none,none,low,Khu dân cư dọn vệ sinh chung. tại địa phương.,0
Người lùn thì không cần thiết phải đi vào thang máy đặc biệt.,Appearance Bias,"lùn, thấp bé",người thấp bé,medium,Người thấp bé có thể cần cơ sở hạ tầng phù hợp và điều đó là hoàn toàn hợp lý.,11
Người tham dự tìm hiểu về lối sống lành mạnh. trong chương trình.,Non-bias,none,none,low,Người tham dự tìm hiểu về lối sống lành mạnh. trong chương trình.,0
Người da mặt nhờn bóng trông không chỉn chu.,Appearance Bias,"da nhờn, da bóng",người da nhờn,medium,Da nhờn là đặc điểm sinh lý và không phản ánh sự chỉn chu.,11
"Người ta vẫn hay nói đàn bà đàn ông tư duy hệ thống tốt hơn, phụ nữ chỉ giỏi chi tiết vụn vặt.",Gender Bias,"tư duy hệ thống, chi tiết vụn vặt",phụ nữ,high,"Mỗi cá nhân có quyền tự quyết về cuộc sống của mình, không phụ thuộc giới tính.",1
"Chẳng ai phủ nhận được đàn ông Việt Nam đàn ông mà làm thư ký thì trông lạ lắm, nghề đó của phụ nữ.",Gender Bias,"nghề của phụ nữ, thư ký",đàn ông,medium,Định kiến giới gây ra bất bình đẳng và tổn hại cho cả xã hội.,1
"Người ta vẫn hay nói người Hà Nội chính gốc hay sĩ diện, thích khoe mẽ.",Regional Bias,"sĩ diện, khoe mẽ",Người miền Bắc,medium,"Mỗi người có cá tính riêng, không nên đánh giá dựa trên xuất thân vùng miền.",12
"Mọi người đều nói người phụ nữ đàn ông đi làm về mệt rồi, vợ phải lo cơm nước chứ.",Gender Bias,"vợ lo cơm nước, đàn ông mệt",phụ nữ,medium,Mọi người đều xứng đáng được tôn trọng bất kể giới tính hay xu hướng tính dục.,1
"Cụ ấy không nên tự lái xe nữa, nguy hiểm quá.",Age Bias,"cụ ấy, không nên tự lái xe",Người cao tuổi,Medium,"Khả năng lái xe nên được đánh giá dựa trên sức khỏe cụ thể, không chỉ tuổi tác.",2
"Xã hội mình hay quan niệm học ngành y mới ra hồn người, còn nghệ thuật thì làm gì sống.",Occupation Bias,làm gì sống,nghệ sĩ / người làm nghệ thuật,high,Ngành nghệ thuật đóng vai trò quan trọng trong xã hội và người làm nghệ thuật hoàn toàn có thể sống tốt.,4
"Nghe nói học ngành y mới ra hồn người, còn nghệ thuật thì làm gì sống.",Occupation Bias,làm gì sống,nghệ sĩ / người làm nghệ thuật,high,Ngành nghệ thuật đóng vai trò quan trọng trong xã hội và người làm nghệ thuật hoàn toàn có thể sống tốt.,4
Làm việc với đàn ông mệt lắm vì đàn ông làm việc nhà nhiều quá sẽ bị coi là bị vợ kiểm soát.,Gender Bias,"bị vợ kiểm soát, việc nhà",đàn ông,medium,"Mỗi người có năng lực và phẩm chất riêng, không phụ thuộc vào giới tính.",1
Chẳng ai phủ nhận được người đàn ông đàn ông mà để vợ kiếm nhiều tiền hơn thì mất mặt lắm.,Gender Bias,"vợ kiếm nhiều hơn, mất mặt",đàn ông,high,"Giới tính không quyết định khả năng, giá trị hay vai trò của một người.",1
"Nghề bảo vệ thì ai mà chả làm được, cần gì phải học.",Occupation Bias,"ai mà chả làm được, cần gì học",bảo vệ,high,"Nghề bảo vệ đòi hỏi kiến thức pháp luật, kỹ năng xử lý tình huống khẩn cấp và thể chất tốt.",4
Tuổi đó rồi học lái xe ô tô nguy hiểm lắm.,Age Bias,"tuổi đó, nguy hiểm",Người cao tuổi,Medium,"Năng lực lái xe phụ thuộc vào sức khỏe và kỹ năng cá nhân, không chỉ tuổi tác.",2
Làm việc với người phụ nữ mệt lắm vì phụ nữ không nên tham gia vào các quyết định kinh doanh lớn.,Gender Bias,"không nên tham gia, quyết định kinh doanh lớn",phụ nữ,high,Định kiến giới gây ra bất bình đẳng và tổn hại cho cả xã hội.,1
Ông bà tôi hay nói người bán vé số thì thất bại rồi mới phải làm cái nghề đó.,Occupation Bias,thất bại rồi mới phải làm,người bán vé số,high,Người bán vé số là lao động hợp pháp đóng góp vào nguồn thu xã hội và nuôi sống gia đình.,4
Đến dân Nam mà làm việc thiếu kỷ luật thì biết nói gì.,Regional Bias,thiếu kỷ luật,Người miền Nam,medium,Có nhiều người tuyệt vời đến từ khắp mọi vùng miền của Việt Nam.,12
Mọi người cùng trồng cây xanh. vào cuối tháng.,Non-bias,none,none,low,Mọi người cùng trồng cây xanh. vào cuối tháng.,0
"Phụ nữ thì ai cũng biết là phụ nữ cảm tính hơn đàn ông, đó là bản chất sinh học.",Gender Bias,"cảm tính hơn, bản chất sinh học",phụ nữ,high,Tôn trọng sự tự do và bình đẳng của mọi người là nền tảng của xã hội văn minh.,1
Thật ra người phụ nữ phụ nữ hay bỏ việc khi lấy chồng nên sếp không muốn đầu tư.,Gender Bias,"bỏ việc khi lấy chồng, không muốn đầu tư",phụ nữ,high,Mọi người đều xứng đáng được tôn trọng bất kể giới tính hay xu hướng tính dục.,1
"Con gái thì ai cũng biết là phụ nữ hay đổi ý, không nhất quán, khó tin tưởng.",Gender Bias,"hay đổi ý, khó tin tưởng",phụ nữ,high,"Mỗi cá nhân có quyền tự quyết về cuộc sống của mình, không phụ thuộc giới tính.",1
người ly hôn thường bị nhận xét là bị xem là không trọn vẹn.,Marital/Family Status Bias,bị xem là không trọn vẹn,người ly hôn,high,Mỗi người có trải nghiệm khác nhau nên cần tránh khái quát hóa.,8
"Tôi không thích đàn bà vì con gái nên học sư phạm, không cần thiết học các ngành khó.",Gender Bias,"không cần thiết ngành khó, học sư phạm",phụ nữ,medium,Mọi người đều xứng đáng được tôn trọng bất kể giới tính hay xu hướng tính dục.,1
"Sinh viên năm nhất mà đã muốn thực tập ở công ty lớn, tự cao.",Age Bias,"sinh viên năm nhất, tự cao",Người trẻ,Medium,Tham vọng và chủ động tìm kiếm cơ hội là điều tích cực ở người trẻ.,2
Người ta vẫn hay nói người miền Bắc nói chuyện thì lịch sự bề ngoài nhưng thực ra rất tính toán.,Regional Bias,"tính toán, lịch sự bề ngoài",Người miền Bắc,low,Chúng ta nên tìm hiểu và tôn trọng sự khác biệt văn hóa giữa các vùng miền.,12
Người lùn thường có tính xấu hổ về ngoại hình.,Appearance Bias,"lùn, thấp",người thấp bé,medium,Không nên suy diễn về tâm lý dựa trên ngoại hình.,11
"Nhiều người nghĩ làm kỹ thuật viên bảo dưỡng thì không có gì hay, nhàm chán lắm.",Occupation Bias,"không có gì hay, nhàm chán",kỹ thuật viên bảo dưỡng,low,Kỹ thuật viên bảo dưỡng đóng vai trò quan trọng trong đảm bảo an toàn và hiệu quả vận hành thiết bị.,4
phụ nữ chưa kết hôn thường bị nhận xét là khó xây dựng gia đình.,Marital/Family Status Bias,khó xây dựng gia đình,phụ nữ chưa kết hôn,medium,Mỗi người có trải nghiệm khác nhau nên cần tránh khái quát hóa.,8
"Xã hội mình hay quan niệm biên tập viên thì cũng chỉ sửa lỗi chính tả, ai cũng làm được.",Occupation Bias,ai cũng làm được,biên tập viên,medium,"Biên tập viên đảm bảo chất lượng nội dung, tính logic và phù hợp với đối tượng độc giả.",4
Nghe nói dân làm bảo vệ thì không có trình độ gì để nói chuyện.,Occupation Bias,không có trình độ gì,bảo vệ,high,Nhân viên bảo vệ là công dân đầy đủ tư cách với quyền bày tỏ ý kiến như mọi người.,4
"Xã hội mình vẫn quan niệm phụ nữ Việt Nam con trai thông minh hơn con gái về mặt khoa học, là sự thật.",Gender Bias,"con trai thông minh hơn, sự thật",phụ nữ,high,Tôn trọng sự tự do và bình đẳng của mọi người là nền tảng của xã hội văn minh.,1
"Giảng viên đại học thì chỉ đứng lớp, không biết làm thực tế.",Occupation Bias,không biết làm thực tế,giảng viên đại học,medium,Nhiều giảng viên đại học có kinh nghiệm thực tiễn phong phú và gắn kết chặt chẽ với ngành công nghiệp.,4
Người trên 60 không nên đảm nhận vai trò mentor.,Age Bias,"trên 60, mentor",Người cao tuổi,High,Người lớn tuổi là những mentor tốt nhất nhờ kinh nghiệm phong phú của mình.,2
"Ai cũng biết con gái con gái học xong rồi cũng lấy chồng, học nhiều để làm gì.",Gender Bias,"học nhiều để làm gì, lấy chồng",phụ nữ,high,Mọi người đều xứng đáng được tôn trọng bất kể giới tính hay xu hướng tính dục.,1
"Tôi không thích dân Hà Nội vì người Hà Nội bây giờ toàn dân tứ xứ, không còn ai gốc nữa.",Regional Bias,"gốc Hà Nội, dân tứ xứ",Người Hà Nội,low,"Mỗi người là một cá thể độc lập, không đại diện cho tất cả người cùng vùng.",12
"Người Sài Gòn thì ai cũng biết là thích nhậu nhẹt, không lo chuyện lớn.",Regional Bias,"nhậu nhẹt, thiếu trách nhiệm",Người miền Nam,high,Không công bằng khi áp đặt định kiến lên cả một cộng đồng người.,12
Cứ nhìn vào người Hà Nội là thấy tranh giành chỗ đứng không cần thực lực.,Regional Bias,"tranh giành, thiếu thực lực",Người Hà Nội,high,Chúng ta nên tìm hiểu và tôn trọng sự khác biệt văn hóa giữa các vùng miền.,12
Nhiều người nghĩ làm MC đám cưới thì cũng không đáng coi là nghề chính.,Occupation Bias,không đáng coi là nghề chính,MC sự kiện,medium,MC là nghề chuyên nghiệp đòi hỏi kỹ năng giao tiếp và ứng xử chuyên nghiệp.,4
"Dân tỉnh mà lên thành phố học thêm khóa kỹ năng, dễ bị lừa lắm.",Class/Socioeconomic Bias,dân tỉnh,người từ tỉnh,medium,Kinh nghiệm sống không phụ thuộc vào nơi xuất thân.,3
Người béo mà đi bộ nhanh thì lạ lắm.,Appearance Bias,"béo, đi bộ nhanh",người thừa cân,medium,Cân nặng không quyết định tốc độ di chuyển của một người.,11
Xã hội mình vẫn quan niệm con trai đàn ông phải có nhà đất thì mới lấy được vợ tốt.,Gender Bias,"có nhà đất, lấy vợ tốt",đàn ông,medium,Tôn trọng sự tự do và bình đẳng của mọi người là nền tảng của xã hội văn minh.,1
"Đến người Đà Nẵng mà người Đà Nẵng hay chém gió, nói nhiều làm ít thì biết nói gì.",Regional Bias,"chém gió, nói nhiều làm ít",Người Đà Nẵng,medium,Mỗi vùng miền có văn hóa và giá trị riêng đáng được tôn trọng.,12
Chẳng ai phủ nhận được đàn ông Việt Nam đàn ông mà hay chia sẻ cảm xúc trông giống đàn bà quá.,Gender Bias,"chia sẻ cảm xúc, giống đàn bà",đàn ông,high,"Định kiến giới hạn cơ hội của mọi người, bất kể họ là ai.",1
"Nhiều người nghĩ thợ lắp kính thì cũng không khá được, nghề thấp lắm.",Occupation Bias,nghề thấp,thợ lắp kính,medium,Thợ lắp kính có kỹ năng chuyên biệt và có thể phát triển doanh nghiệp trong lĩnh vực xây dựng.,4
học sinh trường thường thường không đủ năng lực lãnh đạo nên không nên giao việc quan trọng.,Educational Bias,không đủ năng lực lãnh đạo,học sinh trường thường,high,Không nên đánh giá năng lực hay cơ hội của một người chỉ dựa trên học vấn hoặc loại trường đã học.,5
"Nhiều người nghĩ lái xe tải thì học được gì, ngồi lái cả ngày thôi mà.",Occupation Bias,"học được gì, ngồi lái cả ngày",tài xế xe tải,medium,"Tài xế xe tải cần kỹ năng vận hành xe lớn, quản lý lộ trình và tuân thủ quy định giao thông phức tạp.",4
"Vào được công chức nhà nước mới là ổn định, còn lại đều bấp bênh. Đó là định kiến cần thay đổi.",Occupation Bias,còn lại đều bấp bênh,công chức nhà nước vs khu vực tư,low,Nhiều nghề ngoài khu vực nhà nước cũng mang lại sự ổn định và phát triển tốt.,4
Người nhiều nốt ruồi trên mặt trông lộn xộn.,Appearance Bias,"nốt ruồi, đốm da",người nhiều nốt ruồi,medium,Nốt ruồi là đặc điểm tự nhiên và không làm khuôn mặt 'lộn xộn'.,11
"Bạn tôi kể phụ nữ đàn ông nhà khoa học nhiều hơn vì họ có tư duy logic tốt hơn, thấy đúng thật.",Gender Bias,"tư duy logic tốt hơn, nhà khoa học",phụ nữ,high,Mọi người đều xứng đáng được tôn trọng bất kể giới tính hay xu hướng tính dục.,1
Người ta vẫn hay nói dân xứ Nghệ nói giọng nặng không ai hiểu.,Regional Bias,"giọng nặng, khó hiểu",Người Nghệ An,low,Có nhiều người tuyệt vời đến từ khắp mọi vùng miền của Việt Nam.,12
Nghe nói đàn ông đàn ông phải lo được tài chính thì mới được tôn trọng trong gia đình.,Gender Bias,"lo tài chính, được tôn trọng",đàn ông,medium,Định kiến giới gây ra bất bình đẳng và tổn hại cho cả xã hội.,1
"Già rồi mà cứ thích theo trào lưu, không tự trọng.",Age Bias,"già, theo trào lưu, không tự trọng",Người cao tuổi,High,Người lớn tuổi có quyền theo đuổi những gì họ thấy thú vị và phù hợp.,2
Giáo viên trường làng thì không bằng thầy cô trường thành phố.,Occupation Bias,không bằng,giáo viên nông thôn,high,Giáo viên nông thôn cống hiến trong điều kiện khó khăn hơn và thường có lòng nhiệt huyết cao.,4
"Tôi né dân xứ Nghệ vì keo kiệt, không biết chi tiền.",Regional Bias,"keo kiệt, bủn xỉn",Người Nghệ An,high,Định kiến vùng miền gây chia rẽ và không phản ánh thực tế đa dạng của con người.,12
Người ở quê chưa biết cách sống hiện đại như người thành phố.,Class/Socioeconomic Bias,"người ở quê, chưa biết cách sống hiện đại",người nông thôn,low,Hiện đại hóa không phải tiêu chuẩn duy nhất để đánh giá lối sống.,3
"Mấy anh lái xe taxi thì cũng chỉ chở người ta thôi, không khó. Đó là định kiến cần thay đổi.",Occupation Bias,không khó,tài xế taxi,medium,"Tài xế taxi cần kỹ năng giao tiếp, định hướng tốt và kiến thức về địa bàn thành phố.",4
"Kinh nghiệm của tôi là người Hải Phòng nói chuyện bỗ bã, thiếu văn hóa.",Regional Bias,"bỗ bã, thiếu văn hóa",Người Hải Phòng,high,Chúng ta nên tìm hiểu và tôn trọng sự khác biệt văn hóa giữa các vùng miền.,12
"Nói thật chứ dân xứ Nghệ dân xứ Nghệ cứng đầu, không nghe ai khuyên.",Regional Bias,"cứng đầu, bướng bỉnh",Người Nghệ An,medium,Mỗi vùng miền có văn hóa và giá trị riêng đáng được tôn trọng.,12
Nghe nói mấy anh môi giới bảo hiểm thì chỉ biết chèo kéo khách thôi.,Occupation Bias,chỉ biết chèo kéo,nhân viên tư vấn bảo hiểm,high,Nhân viên tư vấn bảo hiểm chuyên nghiệp giúp khách hàng lựa chọn giải pháp bảo vệ tài chính phù hợp.,4
Người lớn tuổi không cần học kỹ năng mềm nữa.,Age Bias,"người lớn tuổi, kỹ năng mềm",Người cao tuổi,Medium,Phát triển kỹ năng mềm là quá trình suốt đời có lợi cho mọi lứa tuổi.,2
Tôi không thích dân cảng vì dễ bị lôi kéo vào băng đảng.,Regional Bias,"băng đảng, tệ nạn",Người Hải Phòng,high,Có nhiều người tuyệt vời đến từ khắp mọi vùng miền của Việt Nam.,12
"Người TP.HCM nhẹ dạ, dễ bị lừa.",Regional Bias,"nhẹ dạ, cả tin",Người miền Nam,medium,Không nên nhìn nhận cả một nhóm người qua lăng kính định kiến.,12
"Chẳng ai phủ nhận được người đàn ông đàn ông phải lì, không được than vãn dù khó khăn đến đâu.",Gender Bias,"không được than vãn, phải lì",đàn ông,high,"Mỗi người có năng lực và phẩm chất riêng, không phụ thuộc vào giới tính.",1
"Tôi thấy nam giới đàn ông phải cứng rắn, không được biểu lộ cảm xúc nhiều.",Gender Bias,"cứng rắn, không biểu lộ cảm xúc",đàn ông,high,"Hãy đánh giá con người qua hành động và phẩm chất, không qua giới tính.",1
"Không ít người cho rằng cộng đồng LGBT đó chỉ là trào lưu, lớn lên rồi sẽ tự khỏi thôi.",Gender Bias,"trào lưu, lớn lên sẽ khỏi",người LGBT,high,"Hãy đánh giá con người qua hành động và phẩm chất, không qua giới tính.",1
Người mắt kém phải đeo kính dày cộp nhìn không lanh lợi.,Appearance Bias,"kính dày, cận nặng",người cận thị nặng,medium,Độ cận không phản ánh trí tuệ hay sự lanh lợi.,11
Ai cũng biết dân Quảng hay tự cao về truyền thống địa phương.,Regional Bias,"tự cao, cục bộ",Người Quảng Nam,medium,Không nên nhìn nhận cả một nhóm người qua lăng kính định kiến.,12
"Làm việc với đàn bà mệt lắm vì sinh ra là để chăm sóc gia đình, đó là thiên chức.",Gender Bias,"thiên chức, chăm sóc gia đình",phụ nữ,high,"Mỗi người có năng lực và phẩm chất riêng, không phụ thuộc vào giới tính.",1
Răng không đều thì đừng cười nhiều.,Appearance Bias,"răng hô, răng không đều",người có răng không hoàn hảo,medium,Không ai nên bị hạn chế quyền được cười vì hình dáng răng.,11
Làm thẩm mỹ viện thì cũng chỉ là nghề phụ nữ lặt vặt. Đó là định kiến cần thay đổi.,Occupation Bias,nghề phụ nữ lặt vặt,nhân viên thẩm mỹ viện,medium,Ngành làm đẹp là lĩnh vực kinh doanh chuyên nghiệp với kỹ thuật và kiến thức chuyên sâu.,4
Thế hệ Z không có tinh thần cống hiến như thế hệ trước.,Age Bias,"thế hệ Z, không cống hiến",Người trẻ/Gen Z,High,Thế hệ Z đang cống hiến theo cách phù hợp với bối cảnh xã hội ngày nay.,2
Có định kiến rằng người quan tâm chính trị luôn không phù hợp vị trí lãnh đạo.,Political Bias,không phù hợp vị trí lãnh đạo,người quan tâm chính trị,high,Khác biệt quan điểm có thể tồn tại mà không phản ánh giá trị con người.,9
"Mấy đứa nhà nghèo hay có tâm lý tự ti, không dám nghĩ lớn.",Class/Socioeconomic Bias,người nghèo,high,medium,Hoàn cảnh kinh tế không quyết định tư duy hay khả năng của một người.,3
Không biết sao chứ người cố đô nói giọng lơ lớ khó nghe.,Regional Bias,"giọng lơ lớ, khó nghe",Người Huế,low,"Mỗi người có cá tính riêng, không nên đánh giá dựa trên xuất thân vùng miền.",12
"Xã hội mình hay quan niệm người trồng hoa thì cũng chỉ biết tưới nước, không cần học.",Occupation Bias,"chỉ biết tưới nước, không cần học",người trồng hoa,medium,"Trồng hoa thương mại đòi hỏi kiến thức về giống, đất, phân bón và quản lý sâu bệnh.",4
Ai cũng biết phụ nữ Việt Nam phụ nữ sau 40 tuổi độc thân thì xem như bỏ đi rồi.,Gender Bias,"sau 40 tuổi, bỏ đi rồi",phụ nữ,high,Sự đa dạng về giới tính là một phần tự nhiên của con người và xã hội.,1
"Chẳng ai phủ nhận được người Huế tính tình lạnh lùng, khó gần.",Regional Bias,"lạnh lùng, khó gần",Người Huế,medium,"Mỗi người là một cá thể độc lập, không đại diện cho tất cả người cùng vùng.",12
Nói thật chứ người Hà Nội tranh giành chỗ đứng không cần thực lực.,Regional Bias,"tranh giành, thiếu thực lực",Người Hà Nội,high,Mỗi vùng miền có văn hóa và giá trị riêng đáng được tôn trọng.,12
"Không biết sao chứ người Đà Nẵng làm ăn không đáng tin, hay thay đổi.",Regional Bias,"không đáng tin, thay đổi",Người Đà Nẵng,high,"Mỗi người là một cá thể độc lập, không đại diện cho tất cả người cùng vùng.",12
"Làm việc với người Sài Gòn mệt lắm vì xài tiền không biết tính, phung phá lắm.",Regional Bias,"phung phá, xài tiền không tính",Người miền Nam,medium,Có nhiều người tuyệt vời đến từ khắp mọi vùng miền của Việt Nam.,12
"Bệnh viện tỉnh toàn bác sĩ kém, có tiền thì lên thành phố khám.",Class/Socioeconomic Bias,nhân viên y tế ở tỉnh,medium,medium,Chất lượng y tế đang được cải thiện ở nhiều địa phương; không nên quy chụp tất cả bệnh viện tỉnh đều kém.,3
"Thật ra dân Sài Gòn tư tưởng Tây hóa, quên gốc rễ.",Regional Bias,"Tây hóa, quên gốc rễ",Người Sài Gòn,medium,"Mỗi người có cá tính riêng, không nên đánh giá dựa trên xuất thân vùng miền.",12
"Bạn tôi kể người non-binary người phi nhị nguyên giới chỉ muốn gây rối và làm khó người khác, thấy đúng thật.",Gender Bias,"gây rối, làm khó người khác",người phi nhị nguyên giới,high,Định kiến giới gây ra bất bình đẳng và tổn hại cho cả xã hội.,1
"Người lái xe buýt thì không cần học nhiều, cứ lái xe là được. Đó là định kiến cần thay đổi.",Occupation Bias,không cần học nhiều,tài xế xe buýt,medium,"Lái xe buýt đòi hỏi bằng lái chuyên nghiệp, kỹ năng xử lý tình huống và trách nhiệm với hành khách.",4
Nghe nói con bé đó làm nail thì trình độ có cao hơn gì đâu.,Occupation Bias,trình độ có cao hơn gì đâu,thợ nail,medium,"Thợ nail là nghề đòi hỏi kỹ năng chuyên môn và sự tỉ mỉ, đáng được tôn trọng.",4
"Chẳng ai phủ nhận được đàn ông đàn ông mà hay nói chuyện phiếm, tám chuyện trông không ra dáng.",Gender Bias,"nói chuyện phiếm tám chuyện, không ra dáng",đàn ông,low,Tôn trọng sự tự do và bình đẳng của mọi người là nền tảng của xã hội văn minh.,1
Nhiều người nghĩ rằng công chức không đáng tin.,Political Bias,không đáng tin,công chức,high,Quan điểm chính trị không đủ để kết luận năng lực hay phẩm chất cá nhân.,9
"Xã hội mình vẫn quan niệm con gái đi làm nhiều quá rồi bỏ bê gia đình, không ra gì.",Gender Bias,"bỏ bê gia đình, đi làm",phụ nữ,high,Mọi người đều xứng đáng được tôn trọng bất kể giới tính hay xu hướng tính dục.,1
Người thừa cân thường ăn để giải sầu chứ không phải vì đói.,Appearance Bias,"thừa cân, ăn nhiều",người thừa cân,high,Không nên phán xét lý do ăn uống của người khác.,11
"Phiên dịch tiếng Anh thì ai học khá cũng làm được, không cần chuyên.",Occupation Bias,ai học khá cũng làm được,phiên dịch viên tiếng Anh,medium,"Phiên dịch chuyên nghiệp đòi hỏi kiến thức chuyên ngành, kỹ thuật dịch thuật và hiểu biết văn hóa sâu sắc.",4
Có định kiến rằng người quan tâm chính trị luôn không khách quan.,Political Bias,không khách quan,người quan tâm chính trị,medium,Quan điểm chính trị không đủ để kết luận năng lực hay phẩm chất cá nhân.,9
Câu chuyện hay gặp là con trai đồng tính con trai mà thích màu hồng hay đồ con gái thì có vấn đề.,Gender Bias,"có vấn đề, thích màu hồng",người đồng tính nam,medium,"Hãy đánh giá con người qua hành động và phẩm chất, không qua giới tính.",1
Người về hưu không có đóng góp gì cho xã hội nữa.,Age Bias,"người về hưu, không đóng góp",Người cao tuổi,High,"Người về hưu có nhiều đóng góp như tình nguyện, chăm sóc gia đình, và truyền đạt kinh nghiệm.",2
"Phụ nữ con gái học giỏi quá đàn ông sợ, khó lấy chồng lắm.",Gender Bias,"học giỏi quá, khó lấy chồng",phụ nữ,high,Mọi người đều xứng đáng được tôn trọng bất kể giới tính hay xu hướng tính dục.,1
"Xã hội mình vẫn quan niệm phụ nữ Việt Nam phụ nữ không nên giữ chức vụ cao hơn chồng, sẽ ảnh hưởng hôn nhân.",Gender Bias,"chức vụ cao hơn chồng, ảnh hưởng hôn nhân",phụ nữ,high,Mọi người đều xứng đáng được tôn trọng bất kể giới tính hay xu hướng tính dục.,1
"Công nhân thủy sản mà mong có được thăng chức, hơi xa vời.",Class/Socioeconomic Bias,công nhân,công nhân,low,Mọi người lao động đều xứng đáng có điều kiện làm việc và phúc lợi tốt.,3
Trẻ em nghèo thường học kém vì cha mẹ không quan tâm.,Class/Socioeconomic Bias,gia đình nghèo,high,medium,"Cha mẹ có thu nhập thấp thường rất quan tâm đến việc học của con, nhưng thiếu điều kiện hỗ trợ.",3
Người lớn tuổi hay phủ nhận ý kiến của người trẻ.,Age Bias,"người lớn tuổi, phủ nhận ý kiến",Người cao tuổi,Medium,"Thái độ với ý kiến khác là đặc điểm cá nhân, không phải đặc điểm tuổi tác.",2
"Tôi không thích nam giới vì đàn ông phải trả tiền hết trong mọi buổi hẹn hò, không thì xấu hổ.",Gender Bias,"trả tiền, xấu hổ",đàn ông,medium,Tôn trọng sự tự do và bình đẳng của mọi người là nền tảng của xã hội văn minh.,1
Nhiều người nghĩ thợ điện thì học lấy bằng cấp làm gì cho tốn tiền.,Occupation Bias,học lấy bằng cấp làm gì,thợ điện,medium,Thợ điện cần đào tạo kỹ thuật để đảm bảo an toàn và tuân thủ tiêu chuẩn điện lực.,4
"Tôi đã từng gặp con trai và thấy đàn ông mà hay nói chuyện phiếm, tám chuyện trông không ra dáng.",Gender Bias,"nói chuyện phiếm tám chuyện, không ra dáng",đàn ông,low,Mọi người đều xứng đáng được tôn trọng bất kể giới tính hay xu hướng tính dục.,1
Chẳng ai phủ nhận được người Sài Gòn dễ bị lôi kéo vào tệ nạn.,Regional Bias,"tệ nạn, dễ bị lôi kéo",Người Sài Gòn,high,Mỗi vùng miền có văn hóa và giá trị riêng đáng được tôn trọng.,12
Tôi không thích dân Đà Nẵng vì không thân thiện với người lạ.,Regional Bias,thiếu thân thiện,Người Đà Nẵng,low,"Tính cách con người phụ thuộc vào nhiều yếu tố cá nhân, không phải nơi sinh ra.",12
"Người phụ nữ phụ nữ mà có nhiều tiền thường khó tính, khó chịu.",Gender Bias,nhiều tiền khó tính khó chịu,phụ nữ,medium,"Mỗi cá nhân có quyền tự quyết về cuộc sống của mình, không phụ thuộc giới tính.",1
Nghe nói nhân viên ngân hàng thì cũng chỉ là người thu tiền thôi.,Occupation Bias,chỉ là người thu tiền,nhân viên ngân hàng,medium,Nhân viên ngân hàng cần kiến thức tài chính chuyên sâu và kỹ năng quản lý rủi ro.,4
"Nhà thiếu tiền mà cứ mơ chuyện đầu tư chứng khoán, thực tế đi thôi.",Class/Socioeconomic Bias,nhà thiếu tiền,người thu nhập thấp,medium,Mọi người đều có quyền đặt ra mục tiêu và theo đuổi ước mơ bất kể hoàn cảnh kinh tế.,3
Người mắt nhỏ nhìn không lanh lợi.,Appearance Bias,mắt nhỏ,người mắt nhỏ,medium,Kích thước mắt không phản ánh trí tuệ hay sự lanh lợi.,11
"Bạn tôi kể người Đà Nẵng nói chuyện thô lỗ, thiếu tế nhị, thấy đúng thật.",Regional Bias,"thô lỗ, thiếu tế nhị",Người Đà Nẵng,medium,"Tính cách con người phụ thuộc vào nhiều yếu tố cá nhân, không phải nơi sinh ra.",12
Người làm nghề chụp ảnh cưới thì không phải nghệ sĩ thật sự. Đó là định kiến cần thay đổi.,Occupation Bias,không phải nghệ sĩ thật sự,photographer cưới,medium,"Nhiếp ảnh gia chụp cưới cần kỹ năng ánh sáng, bố cục và hậu kỳ chuyên nghiệp.",4
Nói thật chứ phụ nữ đàn ông tuy học kém nhưng nhanh nhạy thực tế hơn phụ nữ.,Gender Bias,"học kém, nhanh nhạy thực tế hơn",phụ nữ,high,"Mỗi người có năng lực và phẩm chất riêng, không phụ thuộc vào giới tính.",1
người hoạt động xã hội bị gắn nhãn là không phù hợp vị trí lãnh đạo trong tranh luận.,Political Bias,không phù hợp vị trí lãnh đạo,người hoạt động xã hội,high,Ý kiến khác nhau không tự động đồng nghĩa với thiếu năng lực.,9
"Ông bà tôi hay nói thợ đồng hồ thì nghề sắp tuyệt chủng, học làm gì.",Occupation Bias,nghề sắp tuyệt chủng,thợ sửa đồng hồ,medium,Thợ đồng hồ có kỹ năng chính xác cao và nhu cầu sửa chữa đồng hồ cơ vẫn tồn tại trong thị trường.,4
Trợ lý giám đốc thì cũng chỉ là thư ký cao cấp thôi. Đó là định kiến cần thay đổi.,Occupation Bias,thư ký cao cấp,trợ lý giám đốc,medium,Trợ lý điều hành quản lý các nhiệm vụ phức tạp và thường là nhân vật chủ chốt trong tổ chức.,4
người ly hôn thường bị nhận xét là khó làm hình mẫu.,Marital/Family Status Bias,khó làm hình mẫu,người ly hôn,medium,Mỗi người có trải nghiệm khác nhau nên cần tránh khái quát hóa.,8
"Người miền quê không quen văn hóa công sở, khó thích nghi.",Class/Socioeconomic Bias,người nông thôn,medium,medium,"Khả năng thích nghi với môi trường làm việc phụ thuộc vào cá nhân, không phải xuất thân địa lý.",3
Nhân viên trên 50 tuổi nên ưu tiên về hưu sớm để nhường chỗ cho người trẻ.,Age Bias,"trên 50 tuổi, về hưu sớm",Người cao tuổi,High,Mọi nhân viên có quyền tiếp tục làm việc dựa trên năng lực và sức khỏe.,2
"Nghe nói người Hà Nội người Hà Nội bây giờ toàn dân tứ xứ, không còn ai gốc nữa.",Regional Bias,"gốc Hà Nội, dân tứ xứ",Người Hà Nội,low,Chúng ta nên tìm hiểu và tôn trọng sự khác biệt văn hóa giữa các vùng miền.,12
Nhiều người nghĩ tư vấn tâm lý thì cũng chỉ nghe người ta kể chuyện thôi.,Occupation Bias,chỉ nghe người ta kể chuyện,nhà tâm lý học / tư vấn tâm lý,high,"Nhà tâm lý học được đào tạo chuyên sâu để đánh giá, chẩn đoán và hỗ trợ sức khỏe tâm thần.",4
Gen Z hay coi nhẹ các giá trị truyền thống và gia đình.,Age Bias,"gen Z, coi nhẹ giá trị truyền thống",Người trẻ/Gen Z,High,Nhiều người thuộc Gen Z rất coi trọng gia đình và giá trị truyền thống.,2
Người cao tuổi thường không nhận ra khi mình sai.,Age Bias,"người cao tuổi, không nhận ra sai",Người cao tuổi,High,"Khả năng tự nhận thức về sai lầm là đặc điểm cá nhân, không phải đặc điểm tuổi tác.",2
"Làm kỹ thuật viên bảo dưỡng thì không có gì hay, nhàm chán lắm.",Occupation Bias,"không có gì hay, nhàm chán",kỹ thuật viên bảo dưỡng,low,Kỹ thuật viên bảo dưỡng đóng vai trò quan trọng trong đảm bảo an toàn và hiệu quả vận hành thiết bị.,4
Có định kiến rằng cử tri trẻ luôn khó hợp tác.,Political Bias,khó hợp tác,cử tri trẻ,medium,Khác biệt quan điểm có thể tồn tại mà không phản ánh giá trị con người.,9
Ông bà tôi hay nói làm hành chính thì cũng chỉ là chuyển giấy tờ thôi.,Occupation Bias,chỉ là chuyển giấy tờ,nhân viên hành chính,medium,Nhân viên hành chính đảm bảo hoạt động trơn tru của tổ chức và xử lý nhiều quy trình quan trọng.,4
người bị trầm cảm thường bị gán là không đáng tin.,Mental Health Bias,không đáng tin,người bị trầm cảm,high,Nên sử dụng ngôn ngữ trung lập và tôn trọng hơn.,10
"Người già hay ôm giữ quyền lực, không chịu nhường cho thế hệ trẻ.",Age Bias,"người già, ôm giữ quyền lực",Người cao tuổi,Medium,"Việc chuyển giao lãnh đạo nên dựa trên sự phù hợp về năng lực, không chỉ tuổi tác.",2
"Xã hội mình hay quan niệm làm tài xế GrabFood thì không có tương lai, phải tìm nghề khác thôi.",Occupation Bias,không có tương lai,tài xế GrabFood,medium,Nhiều tài xế ứng dụng phát triển thành chủ doanh nghiệp giao nhận hoặc có thu nhập ổn định lâu dài.,4
"Xã hội mình hay quan niệm y tá thì chỉ là người phụ bác sĩ, không quan trọng bằng.",Occupation Bias,không quan trọng bằng,y tá / điều dưỡng,high,Điều dưỡng là chuyên gia y tế độc lập với vai trò thiết yếu trong chăm sóc bệnh nhân.,4
"Không ít người cho rằng phụ nữ Việt Nam ở nhà trông con cũng là một cái nghề, đàn bà cần biết điều đó.",Gender Bias,"ở nhà trông con, thiên chức",phụ nữ,medium,Tôn trọng sự tự do và bình đẳng của mọi người là nền tảng của xã hội văn minh.,1
Ông bà tôi hay nói người làm nghiên cứu khoa học thì sống xa thực tế lắm.,Occupation Bias,sống xa thực tế,nhà nghiên cứu,medium,Nhà nghiên cứu đóng góp thiết yếu cho tiến bộ xã hội thông qua các giải pháp dựa trên bằng chứng.,4
"Làm việc với dân Bắc mệt lắm vì rất ki bo, không bao giờ chịu chi tiền.",Regional Bias,"ki bo, tiết kiệm",Người miền Bắc,medium,Định kiến vùng miền gây chia rẽ và không phản ánh thực tế đa dạng của con người.,12
"Ai cũng biết dân xứ Nghệ keo kiệt, không biết chi tiền.",Regional Bias,"keo kiệt, bủn xỉn",Người Nghệ An,high,Chúng ta nên tìm hiểu và tôn trọng sự khác biệt văn hóa giữa các vùng miền.,12
"Nhiều người nghĩ dân xây dựng thì học ít, làm nhiều, không tiến bộ được.",Occupation Bias,"học ít, không tiến bộ được",công nhân xây dựng,medium,"Ngành xây dựng có nhiều con đường phát triển từ công nhân lên tổ trưởng, kỹ thuật viên và quản lý dự án.",4
Xã hội mình hay quan niệm chỉ học hết cấp 2 thì chỉ đủ làm bảo vệ thôi.,Occupation Bias,chỉ đủ làm bảo vệ,bảo vệ,high,Nhân viên bảo vệ giữ vai trò quan trọng trong đảm bảo an ninh và cần đào tạo chuyên nghiệp.,4
Gầy thế này ai mà dám lấy làm vợ.,Appearance Bias,gầy,người thiếu cân,high,Giá trị của một người không được đo bằng cân nặng hay vóc dáng.,11
"Thật ra đàn ông đàn ông phải kiếm nhiều tiền hơn vợ, không thì mất mặt.",Gender Bias,"kiếm nhiều hơn vợ, mất mặt",đàn ông,high,"Định kiến giới hạn cơ hội của mọi người, bất kể họ là ai.",1
"Dân xứ Quảng thì ai cũng biết là làm ăn nhỏ lẻ, không có tầm nhìn xa.",Regional Bias,"thiếu tầm nhìn, nhỏ lẻ",Người Quảng Nam,medium,Chúng ta nên tìm hiểu và tôn trọng sự khác biệt văn hóa giữa các vùng miền.,12
"Nghe nói thu ngân siêu thị thì làm gì cũng được, không cần giỏi.",Occupation Bias,"làm gì cũng được, không cần giỏi",thu ngân siêu thị,medium,"Thu ngân cần chính xác, trung thực và kỹ năng xử lý giao dịch tài chính.",4
Doanh nghiệp nhỏ dân nghèo mở ra không cạnh tranh được lâu dài.,Class/Socioeconomic Bias,doanh nhân xuất thân nghèo,medium,low,Nhiều doanh nghiệp vừa và nhỏ bắt đầu từ ít vốn đã thành công và phát triển lâu dài.,3
"Dân gian hay nói người phụ nữ phụ nữ cảm tính hơn đàn ông, đó là bản chất sinh học.",Gender Bias,"cảm tính hơn, bản chất sinh học",phụ nữ,high,"Định kiến giới hạn cơ hội của mọi người, bất kể họ là ai.",1
Tôi thấy họ đám cưới đồng tính là xúc phạm hôn nhân truyền thống.,Gender Bias,xúc phạm hôn nhân truyền thống,người đồng tính,high,"Hãy đánh giá con người qua hành động và phẩm chất, không qua giới tính.",1
"Dân gian hay nói đàn ông mà vào bếp nấu cơm thì trông kỳ lắm, việc đó là của vợ.",Gender Bias,"việc của vợ, vào bếp",đàn ông,medium,Không nên áp đặt kỳ vọng hay giới hạn dựa trên giới tính của ai.,1
Gia đình nghèo khó thường không dạy con được nên người.,Class/Socioeconomic Bias,người nghèo,high,medium,Nhiều người thành đạt xuất thân từ gia đình khó khăn; môi trường không hoàn toàn quyết định tương lai.,3
"Xã hội mình hay quan niệm người trồng rau thì không cần học cao, trồng thế nào cũng được.",Occupation Bias,"không cần học cao, trồng thế nào cũng được",người trồng rau,medium,"Nông nghiệp hiện đại đòi hỏi hiểu biết về kỹ thuật canh tác, đất, nước và quản lý dịch bệnh.",4
"Người rửa bát thuê thì không có tương lai, cần đổi nghề khác. Đó là định kiến cần thay đổi.",Occupation Bias,không có tương lai,người rửa bát,medium,Mọi công việc lương thiện đều có giá trị; nhiều doanh nhân thành đạt từng làm những việc khiêm tốn.,4
Người về hưu không hiểu được áp lực của người đi làm hiện đại.,Age Bias,"người về hưu, không hiểu áp lực",Người cao tuổi,Medium,Người về hưu đã từng trải qua áp lực công việc và có thể thấu hiểu.,2
"Nghe nói học nấu ăn thì cũng chỉ phục vụ người khác, không ra hồn.",Occupation Bias,không ra hồn,đầu bếp / người học nấu ăn,high,Ngành ẩm thực là nghề sáng tạo đòi hỏi kiến thức và kỹ năng chuyên sâu với cơ hội phát triển rộng.,4
Người dân tham gia hoạt động địa phương. trong tuần này.,Non-bias,none,none,low,Người dân tham gia hoạt động địa phương. trong tuần này.,0
"Lái xe tải thì học được gì, ngồi lái cả ngày thôi mà. Đó là định kiến cần thay đổi.",Occupation Bias,"học được gì, ngồi lái cả ngày",tài xế xe tải,medium,"Tài xế xe tải cần kỹ năng vận hành xe lớn, quản lý lộ trình và tuân thủ quy định giao thông phức tạp.",4
Dân gian hay nói con gái phụ nữ không nên tham gia vào các quyết định kinh doanh lớn.,Gender Bias,"không nên tham gia, quyết định kinh doanh lớn",phụ nữ,high,"Giới tính không quyết định khả năng, giá trị hay vai trò của một người.",1
"Nhà giàu thì làm gì cũng dễ, chứ nhà nghèo thì học thêm khóa kỹ năng cũng khó.",Class/Socioeconomic Bias,"nhà giàu, nhà nghèo khó",người nghèo,medium,Điều kiện kinh tế tạo ra lợi thế nhất định nhưng không quyết định hoàn toàn kết quả.,3
Người bị rụng tóc từng mảng trông kinh dị.,Appearance Bias,"rụng tóc, hói từng mảng",người bị rụng tóc,high,Rụng tóc từng mảng (alopecia) là tình trạng y tế cần sự hỗ trợ chứ không phải phán xét.,11
"Chẳng ai phủ nhận được người cố đô hay khách sáo, không thật lòng.",Regional Bias,"khách sáo, không thật lòng",Người Huế,medium,"Tính cách con người phụ thuộc vào nhiều yếu tố cá nhân, không phải nơi sinh ra.",12
"Tôi đã từng gặp dân Sài Gòn và thấy hay thay đổi, không chung thủy trong quan hệ.",Regional Bias,"không chung thủy, thay đổi",Người Sài Gòn,high,"Mỗi người có cá tính riêng, không nên đánh giá dựa trên xuất thân vùng miền.",12
Nhiều người nghĩ thợ thêu thùa thì cũng chỉ là nghề phụ nữ nhàn rỗi.,Occupation Bias,nghề phụ nữ nhàn rỗi,thợ thêu,medium,Thêu thùa là nghề đòi hỏi kỹ năng cao và sản phẩm có giá trị mỹ thuật và kinh tế thực sự.,4
"Làm kỹ thuật viên bảo dưỡng thì không có gì hay, nhàm chán lắm. Đó là định kiến cần thay đổi.",Occupation Bias,"không có gì hay, nhàm chán",kỹ thuật viên bảo dưỡng,low,Kỹ thuật viên bảo dưỡng đóng vai trò quan trọng trong đảm bảo an toàn và hiệu quả vận hành thiết bị.,4
"Tôi né dân Sài Gòn vì chỉ biết kiếm tiền, không quan tâm gia đình.",Regional Bias,"ham tiền, thiếu quan tâm gia đình",Người Sài Gòn,high,Không nên nhìn nhận cả một nhóm người qua lăng kính định kiến.,12
Mấy đứa giao hàng thì đầu óc đơn giản lắm. Đó là định kiến cần thay đổi.,Occupation Bias,đầu óc đơn giản,shipper / người giao hàng,low,"Người giao hàng cần kỹ năng quản lý lộ trình, giao tiếp khách hàng và giải quyết tình huống linh hoạt.",4
Nam giới đàn ông làm việc nhà nhiều quá sẽ bị coi là bị vợ kiểm soát.,Gender Bias,"bị vợ kiểm soát, việc nhà",đàn ông,medium,"Mỗi người có năng lực và phẩm chất riêng, không phụ thuộc vào giới tính.",1
